payment_id,contract_number,payment_date,payment_amount,payment_method
PMT0000001,CTR000001,2025-09-01,486.05,CHEQUE
PMT0000002,CTR000001,2025-09-01,486.05,PRE_AUTHORIZED
PMT0000003,CTR000001,2025-10-02,486.05,CHEQUE
PMT0000004,CTR000001,2025-11-02,486.05,CHEQUE
PMT0000005,CTR000001,2025-12-06,486.05,CHEQUE
PMT0000006,CTR000001,2026-01-06,486.05,PRE_AUTHORIZED
PMT0000007,CTR000001,2026-02-01,486.05,PRE_AUTHORIZED
PMT0000008,CTR000001,2026-03-06,486.05,PRE_AUTHORIZED
PMT0000009,CTR000001,2026-04-06,486.05,ONLINE_BANKING
PMT0000010,CTR000001,2026-05-02,486.05,ONLINE_BANKING
PMT0000011,CTR000002,2023-06-29,920.97,PRE_AUTHORIZED
PMT0000012,CTR000002,2023-07-03,920.97,PRE_AUTHORIZED
PMT0000013,CTR000002,2023-08-02,920.97,CHEQUE
PMT0000014,CTR000002,2023-09-01,920.97,ONLINE_BANKING
PMT0000015,CTR000002,2023-10-04,920.97,ONLINE_BANKING
PMT0000016,CTR000002,2023-11-06,920.97,ONLINE_BANKING
PMT0000017,CTR000002,2023-12-02,920.97,CHEQUE
PMT0000018,CTR000002,2024-01-04,920.97,ONLINE_BANKING
PMT0000019,CTR000002,2024-02-06,920.97,CHEQUE
PMT0000020,CTR000002,2024-03-04,920.97,ONLINE_BANKING
PMT0000021,CTR000002,2024-04-03,920.97,PRE_AUTHORIZED
PMT0000022,CTR000002,2024-05-02,920.97,PRE_AUTHORIZED
PMT0000023,CTR000002,2024-06-01,920.97,CHEQUE
PMT0000024,CTR000002,2024-07-03,920.97,PRE_AUTHORIZED
PMT0000025,CTR000002,2024-08-03,920.97,PRE_AUTHORIZED
PMT0000026,CTR000002,2024-09-02,920.97,ONLINE_BANKING
PMT0000027,CTR000002,2024-10-04,920.97,CHEQUE
PMT0000028,CTR000002,2024-11-03,920.97,ONLINE_BANKING
PMT0000029,CTR000002,2024-12-04,920.97,PRE_AUTHORIZED
PMT0000030,CTR000002,2025-01-03,920.97,ONLINE_BANKING
PMT0000031,CTR000002,2025-02-03,920.97,PRE_AUTHORIZED
PMT0000032,CTR000002,2025-03-04,920.97,PRE_AUTHORIZED
PMT0000033,CTR000002,2025-04-06,920.97,ONLINE_BANKING
PMT0000034,CTR000002,2025-05-05,920.97,CHEQUE
PMT0000035,CTR000003,2025-09-21,1257.96,CHEQUE
PMT0000036,CTR000003,2025-10-06,1257.96,CHEQUE
PMT0000037,CTR000003,2025-11-06,1257.96,ONLINE_BANKING
PMT0000038,CTR000003,2025-12-01,1257.96,PRE_AUTHORIZED
PMT0000039,CTR000003,2026-01-03,1257.96,PRE_AUTHORIZED
PMT0000040,CTR000003,2026-02-06,1257.96,CHEQUE
PMT0000041,CTR000003,2026-03-05,1257.96,CHEQUE
PMT0000042,CTR000003,2026-04-06,1257.96,ONLINE_BANKING
PMT0000043,CTR000003,2026-05-01,1257.96,PRE_AUTHORIZED
PMT0000044,CTR000004,2023-02-19,1173.4,CHEQUE
PMT0000045,CTR000004,2023-03-04,1173.4,PRE_AUTHORIZED
PMT0000046,CTR000004,2023-04-06,1173.4,ONLINE_BANKING
PMT0000047,CTR000004,2023-05-04,1173.4,ONLINE_BANKING
PMT0000048,CTR000004,2023-06-03,1173.4,CHEQUE
PMT0000049,CTR000004,2023-07-04,1173.4,CHEQUE
PMT0000050,CTR000004,2023-08-05,1173.4,CHEQUE
PMT0000051,CTR000004,2023-09-01,1173.4,ONLINE_BANKING
PMT0000052,CTR000004,2023-10-02,1173.4,PRE_AUTHORIZED
PMT0000053,CTR000004,2023-11-03,1173.4,ONLINE_BANKING
PMT0000054,CTR000004,2023-12-02,1173.4,CHEQUE
PMT0000055,CTR000004,2024-01-02,1173.4,ONLINE_BANKING
PMT0000056,CTR000004,2024-02-01,1173.4,CHEQUE
PMT0000057,CTR000004,2024-03-02,1173.4,PRE_AUTHORIZED
PMT0000058,CTR000004,2024-04-01,1173.4,PRE_AUTHORIZED
PMT0000059,CTR000004,2024-05-05,1173.4,CHEQUE
PMT0000060,CTR000004,2024-06-05,1173.4,ONLINE_BANKING
PMT0000061,CTR000004,2024-07-02,1173.4,CHEQUE
PMT0000062,CTR000004,2024-08-03,1173.4,PRE_AUTHORIZED
PMT0000063,CTR000004,2024-09-05,1173.4,ONLINE_BANKING
PMT0000064,CTR000004,2024-10-03,1173.4,CHEQUE
PMT0000065,CTR000004,2024-11-04,1173.4,PRE_AUTHORIZED
PMT0000066,CTR000004,2024-12-02,1173.4,CHEQUE
PMT0000067,CTR000004,2025-01-03,1173.4,CHEQUE
PMT0000068,CTR000005,2023-02-10,1399.02,CHEQUE
PMT0000069,CTR000005,2023-03-02,1399.02,ONLINE_BANKING
PMT0000070,CTR000005,2023-04-01,1399.02,PRE_AUTHORIZED
PMT0000071,CTR000005,2023-05-02,1399.02,CHEQUE
PMT0000072,CTR000005,2023-06-04,1399.02,CHEQUE
PMT0000073,CTR000005,2023-07-03,1399.02,ONLINE_BANKING
PMT0000074,CTR000005,2023-08-02,1399.02,PRE_AUTHORIZED
PMT0000075,CTR000005,2023-09-06,1399.02,CHEQUE
PMT0000076,CTR000005,2023-10-02,1399.02,PRE_AUTHORIZED
PMT0000077,CTR000005,2023-11-02,1399.02,CHEQUE
PMT0000078,CTR000005,2023-12-02,1399.02,PRE_AUTHORIZED
PMT0000079,CTR000005,2024-01-03,1399.02,ONLINE_BANKING
PMT0000080,CTR000005,2024-02-02,1399.02,CHEQUE
PMT0000081,CTR000005,2024-03-01,1399.02,CHEQUE
PMT0000082,CTR000005,2024-04-02,1399.02,ONLINE_BANKING
PMT0000083,CTR000005,2024-05-03,1399.02,CHEQUE
PMT0000084,CTR000005,2024-06-06,1399.02,PRE_AUTHORIZED
PMT0000085,CTR000005,2024-07-02,1399.02,ONLINE_BANKING
PMT0000086,CTR000005,2024-08-02,1399.02,ONLINE_BANKING
PMT0000087,CTR000005,2024-09-06,1399.02,ONLINE_BANKING
PMT0000088,CTR000005,2024-10-02,1399.02,PRE_AUTHORIZED
PMT0000089,CTR000005,2024-11-01,1399.02,ONLINE_BANKING
PMT0000090,CTR000005,2024-12-02,1399.02,ONLINE_BANKING
PMT0000091,CTR000005,2025-01-06,1399.02,CHEQUE
PMT0000092,CTR000006,2026-05-21,928.2,PRE_AUTHORIZED
PMT0000093,CTR000007,2024-08-04,340.35,ONLINE_BANKING
PMT0000094,CTR000007,2024-09-06,340.35,PRE_AUTHORIZED
PMT0000095,CTR000007,2024-10-03,340.35,ONLINE_BANKING
PMT0000096,CTR000007,2024-11-04,340.35,PRE_AUTHORIZED
PMT0000097,CTR000007,2024-12-01,340.35,CHEQUE
PMT0000098,CTR000007,2025-01-01,340.35,PRE_AUTHORIZED
PMT0000099,CTR000007,2025-02-05,340.35,PRE_AUTHORIZED
PMT0000100,CTR000007,2025-03-04,340.35,CHEQUE
PMT0000101,CTR000007,2025-04-06,340.35,PRE_AUTHORIZED
PMT0000102,CTR000007,2025-05-05,340.35,PRE_AUTHORIZED
PMT0000103,CTR000007,2025-06-02,340.35,PRE_AUTHORIZED
PMT0000104,CTR000007,2025-07-05,340.35,CHEQUE
PMT0000105,CTR000007,2025-08-02,340.35,CHEQUE
PMT0000106,CTR000007,2025-09-03,340.35,CHEQUE
PMT0000107,CTR000007,2025-10-03,340.35,ONLINE_BANKING
PMT0000108,CTR000007,2025-11-02,340.35,PRE_AUTHORIZED
PMT0000109,CTR000007,2025-12-02,340.35,PRE_AUTHORIZED
PMT0000110,CTR000007,2026-01-02,340.35,CHEQUE
PMT0000111,CTR000007,2026-02-05,340.35,PRE_AUTHORIZED
PMT0000112,CTR000007,2026-03-01,340.35,ONLINE_BANKING
PMT0000113,CTR000007,2026-04-05,340.35,PRE_AUTHORIZED
PMT0000114,CTR000007,2026-05-03,340.35,ONLINE_BANKING
PMT0000115,CTR000008,2025-03-22,1410.02,PRE_AUTHORIZED
PMT0000116,CTR000008,2025-04-06,1410.02,CHEQUE
PMT0000117,CTR000008,2025-05-01,1410.02,PRE_AUTHORIZED
PMT0000118,CTR000008,2025-06-06,1410.02,CHEQUE
PMT0000119,CTR000008,2025-07-01,1410.02,CHEQUE
PMT0000120,CTR000008,2025-08-01,1410.02,ONLINE_BANKING
PMT0000121,CTR000008,2025-09-05,1410.02,CHEQUE
PMT0000122,CTR000008,2025-10-06,1410.02,CHEQUE
PMT0000123,CTR000008,2025-11-01,1410.02,CHEQUE
PMT0000124,CTR000008,2025-12-03,1410.02,ONLINE_BANKING
PMT0000125,CTR000008,2026-01-01,1410.02,CHEQUE
PMT0000126,CTR000008,2026-02-03,1410.02,ONLINE_BANKING
PMT0000127,CTR000008,2026-03-05,1410.02,PRE_AUTHORIZED
PMT0000128,CTR000008,2026-04-05,1410.02,CHEQUE
PMT0000129,CTR000008,2026-05-04,1410.02,CHEQUE
PMT0000130,CTR000009,2024-11-08,570.51,ONLINE_BANKING
PMT0000131,CTR000009,2024-12-01,570.51,CHEQUE
PMT0000132,CTR000009,2025-01-01,570.51,PRE_AUTHORIZED
PMT0000133,CTR000009,2025-02-01,570.51,CHEQUE
PMT0000134,CTR000009,2025-03-02,570.51,ONLINE_BANKING
PMT0000135,CTR000009,2025-04-03,570.51,PRE_AUTHORIZED
PMT0000136,CTR000009,2025-05-05,570.51,ONLINE_BANKING
PMT0000137,CTR000009,2025-06-04,570.51,ONLINE_BANKING
PMT0000138,CTR000009,2025-07-02,570.51,ONLINE_BANKING
PMT0000139,CTR000009,2025-08-03,570.51,CHEQUE
PMT0000140,CTR000009,2025-09-03,570.51,ONLINE_BANKING
PMT0000141,CTR000009,2025-10-03,570.51,ONLINE_BANKING
PMT0000142,CTR000009,2025-11-05,570.51,ONLINE_BANKING
PMT0000143,CTR000009,2025-12-05,570.51,CHEQUE
PMT0000144,CTR000009,2026-01-01,570.51,ONLINE_BANKING
PMT0000145,CTR000009,2026-02-04,570.51,CHEQUE
PMT0000146,CTR000009,2026-03-05,570.51,ONLINE_BANKING
PMT0000147,CTR000009,2026-04-01,570.51,CHEQUE
PMT0000148,CTR000009,2026-05-05,570.51,PRE_AUTHORIZED
PMT0000149,CTR000010,2023-12-26,1471.66,ONLINE_BANKING
PMT0000150,CTR000010,2024-01-05,1471.66,PRE_AUTHORIZED
PMT0000151,CTR000010,2024-02-05,1471.66,CHEQUE
PMT0000152,CTR000010,2024-03-06,1471.66,ONLINE_BANKING
PMT0000153,CTR000010,2024-04-06,1471.66,PRE_AUTHORIZED
PMT0000154,CTR000010,2024-05-04,1471.66,ONLINE_BANKING
PMT0000155,CTR000010,2024-06-02,1471.66,CHEQUE
PMT0000156,CTR000010,2024-07-06,1471.66,PRE_AUTHORIZED
PMT0000157,CTR000010,2024-08-01,1471.66,ONLINE_BANKING
PMT0000158,CTR000010,2024-09-02,1471.66,CHEQUE
PMT0000159,CTR000010,2024-10-04,1471.66,CHEQUE
PMT0000160,CTR000010,2024-11-06,1471.66,PRE_AUTHORIZED
PMT0000161,CTR000010,2024-12-06,1471.66,CHEQUE
PMT0000162,CTR000010,2025-01-03,1471.66,ONLINE_BANKING
PMT0000163,CTR000010,2025-02-01,1471.66,PRE_AUTHORIZED
PMT0000164,CTR000010,2025-03-06,1471.66,PRE_AUTHORIZED
PMT0000165,CTR000010,2025-04-06,1471.66,CHEQUE
PMT0000166,CTR000010,2025-05-01,1471.66,ONLINE_BANKING
PMT0000167,CTR000010,2025-06-03,1471.66,PRE_AUTHORIZED
PMT0000168,CTR000010,2025-07-01,1471.66,ONLINE_BANKING
PMT0000169,CTR000010,2025-08-06,1471.66,ONLINE_BANKING
PMT0000170,CTR000010,2025-09-03,1471.66,ONLINE_BANKING
PMT0000171,CTR000010,2025-10-01,1471.66,PRE_AUTHORIZED
PMT0000172,CTR000010,2025-11-02,1471.66,CHEQUE
PMT0000173,CTR000011,2025-06-12,639.01,CHEQUE
PMT0000174,CTR000011,2025-07-04,639.01,ONLINE_BANKING
PMT0000175,CTR000011,2025-08-03,639.01,ONLINE_BANKING
PMT0000176,CTR000011,2025-09-05,639.01,CHEQUE
PMT0000177,CTR000011,2025-10-01,639.01,PRE_AUTHORIZED
PMT0000178,CTR000011,2025-11-03,639.01,PRE_AUTHORIZED
PMT0000179,CTR000011,2025-12-05,639.01,CHEQUE
PMT0000180,CTR000011,2026-01-03,639.01,ONLINE_BANKING
PMT0000181,CTR000011,2026-02-02,639.01,ONLINE_BANKING
PMT0000182,CTR000011,2026-03-06,639.01,PRE_AUTHORIZED
PMT0000183,CTR000011,2026-04-03,639.01,PRE_AUTHORIZED
PMT0000184,CTR000011,2026-05-06,639.01,PRE_AUTHORIZED
PMT0000185,CTR000012,2023-05-28,910.59,PRE_AUTHORIZED
PMT0000186,CTR000012,2023-06-03,910.59,CHEQUE
PMT0000187,CTR000012,2023-07-06,910.59,PRE_AUTHORIZED
PMT0000188,CTR000012,2023-08-02,910.59,PRE_AUTHORIZED
PMT0000189,CTR000012,2023-09-01,910.59,PRE_AUTHORIZED
PMT0000190,CTR000012,2023-10-04,910.59,CHEQUE
PMT0000191,CTR000012,2023-11-01,910.59,CHEQUE
PMT0000192,CTR000012,2023-12-02,910.59,CHEQUE
PMT0000193,CTR000012,2024-01-06,910.59,PRE_AUTHORIZED
PMT0000194,CTR000012,2024-02-02,910.59,ONLINE_BANKING
PMT0000195,CTR000012,2024-03-02,910.59,PRE_AUTHORIZED
PMT0000196,CTR000012,2024-04-01,910.59,CHEQUE
PMT0000197,CTR000012,2024-05-05,910.59,CHEQUE
PMT0000198,CTR000012,2024-06-03,910.59,ONLINE_BANKING
PMT0000199,CTR000012,2024-07-05,910.59,ONLINE_BANKING
PMT0000200,CTR000012,2024-08-06,910.59,CHEQUE
PMT0000201,CTR000012,2024-09-01,910.59,PRE_AUTHORIZED
PMT0000202,CTR000012,2024-10-01,910.59,PRE_AUTHORIZED
PMT0000203,CTR000012,2024-11-03,910.59,ONLINE_BANKING
PMT0000204,CTR000012,2024-12-02,910.59,CHEQUE
PMT0000205,CTR000012,2025-01-01,910.59,PRE_AUTHORIZED
PMT0000206,CTR000012,2025-02-03,910.59,ONLINE_BANKING
PMT0000207,CTR000012,2025-03-04,910.59,ONLINE_BANKING
PMT0000208,CTR000012,2025-04-05,910.59,PRE_AUTHORIZED
PMT0000209,CTR000013,2025-05-18,625.15,ONLINE_BANKING
PMT0000210,CTR000013,2025-06-03,625.15,PRE_AUTHORIZED
PMT0000211,CTR000013,2025-07-01,625.15,ONLINE_BANKING
PMT0000212,CTR000013,2025-08-01,625.15,CHEQUE
PMT0000213,CTR000013,2025-09-05,625.15,ONLINE_BANKING
PMT0000214,CTR000013,2025-10-03,625.15,PRE_AUTHORIZED
PMT0000215,CTR000013,2025-11-05,625.15,ONLINE_BANKING
PMT0000216,CTR000013,2025-12-01,625.15,CHEQUE
PMT0000217,CTR000013,2026-01-04,625.15,PRE_AUTHORIZED
PMT0000218,CTR000013,2026-02-06,625.15,PRE_AUTHORIZED
PMT0000219,CTR000013,2026-03-05,625.15,CHEQUE
PMT0000220,CTR000013,2026-04-01,625.15,PRE_AUTHORIZED
PMT0000221,CTR000013,2026-05-03,625.15,ONLINE_BANKING
PMT0000222,CTR000014,2023-06-02,966.53,ONLINE_BANKING
PMT0000223,CTR000014,2023-06-05,966.53,ONLINE_BANKING
PMT0000224,CTR000014,2023-07-01,966.53,ONLINE_BANKING
PMT0000225,CTR000014,2023-08-03,966.53,PRE_AUTHORIZED
PMT0000226,CTR000014,2023-09-04,966.53,ONLINE_BANKING
PMT0000227,CTR000014,2023-10-06,966.53,PRE_AUTHORIZED
PMT0000228,CTR000014,2023-11-01,966.53,PRE_AUTHORIZED
PMT0000229,CTR000014,2023-12-04,966.53,PRE_AUTHORIZED
PMT0000230,CTR000014,2024-01-02,966.53,PRE_AUTHORIZED
PMT0000231,CTR000014,2024-02-02,966.53,ONLINE_BANKING
PMT0000232,CTR000014,2024-03-05,966.53,PRE_AUTHORIZED
PMT0000233,CTR000014,2024-04-01,966.53,ONLINE_BANKING
PMT0000234,CTR000014,2024-05-04,966.53,PRE_AUTHORIZED
PMT0000235,CTR000014,2024-06-06,966.53,PRE_AUTHORIZED
PMT0000236,CTR000014,2024-07-02,966.53,PRE_AUTHORIZED
PMT0000237,CTR000014,2024-08-03,966.53,ONLINE_BANKING
PMT0000238,CTR000014,2024-09-05,966.53,CHEQUE
PMT0000239,CTR000014,2024-10-05,966.53,PRE_AUTHORIZED
PMT0000240,CTR000014,2024-11-04,966.53,ONLINE_BANKING
PMT0000241,CTR000014,2024-12-06,966.53,PRE_AUTHORIZED
PMT0000242,CTR000014,2025-01-05,966.53,ONLINE_BANKING
PMT0000243,CTR000014,2025-02-01,966.53,PRE_AUTHORIZED
PMT0000244,CTR000014,2025-03-05,966.53,PRE_AUTHORIZED
PMT0000245,CTR000014,2025-04-04,966.53,PRE_AUTHORIZED
PMT0000246,CTR000015,2023-08-31,584.56,CHEQUE
PMT0000247,CTR000015,2023-09-02,584.56,ONLINE_BANKING
PMT0000248,CTR000015,2023-10-06,584.56,ONLINE_BANKING
PMT0000249,CTR000015,2023-11-01,584.56,PRE_AUTHORIZED
PMT0000250,CTR000015,2023-12-03,584.56,ONLINE_BANKING
PMT0000251,CTR000015,2024-01-01,584.56,CHEQUE
PMT0000252,CTR000015,2024-02-05,584.56,ONLINE_BANKING
PMT0000253,CTR000015,2024-03-05,584.56,CHEQUE
PMT0000254,CTR000015,2024-04-03,584.56,CHEQUE
PMT0000255,CTR000015,2024-05-01,584.56,CHEQUE
PMT0000256,CTR000015,2024-06-03,584.56,CHEQUE
PMT0000257,CTR000015,2024-07-04,584.56,CHEQUE
PMT0000258,CTR000015,2024-08-05,584.56,CHEQUE
PMT0000259,CTR000015,2024-09-05,584.56,CHEQUE
PMT0000260,CTR000015,2024-10-06,584.56,ONLINE_BANKING
PMT0000261,CTR000015,2024-11-06,584.56,CHEQUE
PMT0000262,CTR000015,2024-12-06,584.56,CHEQUE
PMT0000263,CTR000015,2025-01-04,584.56,PRE_AUTHORIZED
PMT0000264,CTR000015,2025-02-03,584.56,PRE_AUTHORIZED
PMT0000265,CTR000015,2025-03-03,584.56,CHEQUE
PMT0000266,CTR000015,2025-04-05,584.56,PRE_AUTHORIZED
PMT0000267,CTR000015,2025-05-05,584.56,PRE_AUTHORIZED
PMT0000268,CTR000015,2025-06-05,584.56,ONLINE_BANKING
PMT0000269,CTR000015,2025-07-02,584.56,PRE_AUTHORIZED
PMT0000270,CTR000016,2024-05-15,1219.58,PRE_AUTHORIZED
PMT0000271,CTR000016,2024-06-04,1219.58,ONLINE_BANKING
PMT0000272,CTR000016,2024-07-01,1219.58,ONLINE_BANKING
PMT0000273,CTR000016,2024-08-01,1219.58,CHEQUE
PMT0000274,CTR000016,2024-09-04,1219.58,CHEQUE
PMT0000275,CTR000016,2024-10-04,1219.58,PRE_AUTHORIZED
PMT0000276,CTR000016,2024-11-02,1219.58,CHEQUE
PMT0000277,CTR000016,2024-12-05,1219.58,CHEQUE
PMT0000278,CTR000016,2025-01-05,1219.58,PRE_AUTHORIZED
PMT0000279,CTR000016,2025-02-06,1219.58,CHEQUE
PMT0000280,CTR000016,2025-03-06,1219.58,PRE_AUTHORIZED
PMT0000281,CTR000016,2025-04-05,1219.58,PRE_AUTHORIZED
PMT0000282,CTR000016,2025-05-05,1219.58,PRE_AUTHORIZED
PMT0000283,CTR000016,2025-06-03,1219.58,PRE_AUTHORIZED
PMT0000284,CTR000016,2025-07-04,1219.58,CHEQUE
PMT0000285,CTR000016,2025-08-02,1219.58,CHEQUE
PMT0000286,CTR000016,2025-09-04,1219.58,ONLINE_BANKING
PMT0000287,CTR000016,2025-10-04,1219.58,CHEQUE
PMT0000288,CTR000016,2025-11-05,1219.58,CHEQUE
PMT0000289,CTR000016,2025-12-06,1219.58,ONLINE_BANKING
PMT0000290,CTR000016,2026-01-05,1219.58,ONLINE_BANKING
PMT0000291,CTR000016,2026-02-03,1219.58,ONLINE_BANKING
PMT0000292,CTR000016,2026-03-02,1219.58,PRE_AUTHORIZED
PMT0000293,CTR000016,2026-04-04,1219.58,PRE_AUTHORIZED
PMT0000294,CTR000017,2023-02-07,958.45,PRE_AUTHORIZED
PMT0000295,CTR000017,2023-03-02,958.45,ONLINE_BANKING
PMT0000296,CTR000017,2023-04-02,958.45,PRE_AUTHORIZED
PMT0000297,CTR000017,2023-05-03,958.45,CHEQUE
PMT0000298,CTR000017,2023-06-01,958.45,PRE_AUTHORIZED
PMT0000299,CTR000017,2023-07-02,958.45,ONLINE_BANKING
PMT0000300,CTR000017,2023-08-01,958.45,PRE_AUTHORIZED
PMT0000301,CTR000017,2023-09-05,958.45,ONLINE_BANKING
PMT0000302,CTR000017,2023-10-04,958.45,PRE_AUTHORIZED
PMT0000303,CTR000017,2023-11-01,958.45,ONLINE_BANKING
PMT0000304,CTR000017,2023-12-01,958.45,PRE_AUTHORIZED
PMT0000305,CTR000017,2024-01-05,958.45,ONLINE_BANKING
PMT0000306,CTR000017,2024-02-01,958.45,PRE_AUTHORIZED
PMT0000307,CTR000017,2024-03-04,958.45,CHEQUE
PMT0000308,CTR000017,2024-04-03,958.45,PRE_AUTHORIZED
PMT0000309,CTR000017,2024-05-05,958.45,PRE_AUTHORIZED
PMT0000310,CTR000017,2024-06-03,958.45,PRE_AUTHORIZED
PMT0000311,CTR000017,2024-07-02,958.45,CHEQUE
PMT0000312,CTR000017,2024-08-05,958.45,ONLINE_BANKING
PMT0000313,CTR000017,2024-09-06,958.45,PRE_AUTHORIZED
PMT0000314,CTR000017,2024-10-02,958.45,CHEQUE
PMT0000315,CTR000017,2024-11-01,958.45,ONLINE_BANKING
PMT0000316,CTR000017,2024-12-05,958.45,ONLINE_BANKING
PMT0000317,CTR000017,2025-01-01,958.45,CHEQUE
PMT0000318,CTR000018,2025-08-09,235.91,CHEQUE
PMT0000319,CTR000018,2025-09-01,235.91,CHEQUE
PMT0000320,CTR000018,2025-10-06,235.91,ONLINE_BANKING
PMT0000321,CTR000018,2025-11-04,235.91,ONLINE_BANKING
PMT0000322,CTR000018,2025-12-02,235.91,CHEQUE
PMT0000323,CTR000018,2026-01-05,235.91,PRE_AUTHORIZED
PMT0000324,CTR000018,2026-02-03,235.91,PRE_AUTHORIZED
PMT0000325,CTR000018,2026-03-05,235.91,CHEQUE
PMT0000326,CTR000018,2026-04-01,235.91,PRE_AUTHORIZED
PMT0000327,CTR000018,2026-05-04,235.91,PRE_AUTHORIZED
PMT0000328,CTR000019,2023-05-01,1098.51,PRE_AUTHORIZED
PMT0000329,CTR000019,2023-05-04,1098.51,PRE_AUTHORIZED
PMT0000330,CTR000019,2023-06-01,1098.51,ONLINE_BANKING
PMT0000331,CTR000019,2023-07-06,1098.51,PRE_AUTHORIZED
PMT0000332,CTR000019,2023-08-01,1098.51,ONLINE_BANKING
PMT0000333,CTR000019,2023-09-04,1098.51,PRE_AUTHORIZED
PMT0000334,CTR000019,2023-10-06,1098.51,ONLINE_BANKING
PMT0000335,CTR000019,2023-11-04,1098.51,CHEQUE
PMT0000336,CTR000019,2023-12-03,1098.51,ONLINE_BANKING
PMT0000337,CTR000019,2024-01-02,1098.51,ONLINE_BANKING
PMT0000338,CTR000019,2024-02-05,1098.51,ONLINE_BANKING
PMT0000339,CTR000019,2024-03-05,1098.51,PRE_AUTHORIZED
PMT0000340,CTR000019,2024-04-02,1098.51,CHEQUE
PMT0000341,CTR000019,2024-05-02,1098.51,ONLINE_BANKING
PMT0000342,CTR000019,2024-06-01,1098.51,PRE_AUTHORIZED
PMT0000343,CTR000019,2024-07-03,1098.51,PRE_AUTHORIZED
PMT0000344,CTR000019,2024-08-02,1098.51,CHEQUE
PMT0000345,CTR000019,2024-09-01,1098.51,ONLINE_BANKING
PMT0000346,CTR000019,2024-10-01,1098.51,PRE_AUTHORIZED
PMT0000347,CTR000019,2024-11-06,1098.51,ONLINE_BANKING
PMT0000348,CTR000019,2024-12-02,1098.51,PRE_AUTHORIZED
PMT0000349,CTR000019,2025-01-06,1098.51,PRE_AUTHORIZED
PMT0000350,CTR000019,2025-02-05,1098.51,CHEQUE
PMT0000351,CTR000019,2025-03-01,1098.51,CHEQUE
PMT0000352,CTR000020,2023-08-31,387.14,ONLINE_BANKING
PMT0000353,CTR000020,2023-09-04,387.14,CHEQUE
PMT0000354,CTR000020,2023-10-04,387.14,PRE_AUTHORIZED
PMT0000355,CTR000020,2023-11-02,387.14,CHEQUE
PMT0000356,CTR000020,2023-12-01,387.14,CHEQUE
PMT0000357,CTR000020,2024-01-06,387.14,ONLINE_BANKING
PMT0000358,CTR000020,2024-02-03,387.14,PRE_AUTHORIZED
PMT0000359,CTR000020,2024-03-04,387.14,CHEQUE
PMT0000360,CTR000020,2024-04-05,387.14,CHEQUE
PMT0000361,CTR000020,2024-05-04,387.14,ONLINE_BANKING
PMT0000362,CTR000020,2024-06-01,387.14,ONLINE_BANKING
PMT0000363,CTR000020,2024-07-01,387.14,ONLINE_BANKING
PMT0000364,CTR000020,2024-08-04,387.14,PRE_AUTHORIZED
PMT0000365,CTR000020,2024-09-05,387.14,PRE_AUTHORIZED
PMT0000366,CTR000020,2024-10-01,387.14,ONLINE_BANKING
PMT0000367,CTR000020,2024-11-04,387.14,CHEQUE
PMT0000368,CTR000020,2024-12-06,387.14,PRE_AUTHORIZED
PMT0000369,CTR000020,2025-01-06,387.14,ONLINE_BANKING
PMT0000370,CTR000020,2025-02-02,387.14,PRE_AUTHORIZED
PMT0000371,CTR000020,2025-03-06,387.14,CHEQUE
PMT0000372,CTR000020,2025-04-03,387.14,CHEQUE
PMT0000373,CTR000020,2025-05-01,387.14,CHEQUE
PMT0000374,CTR000020,2025-06-05,387.14,PRE_AUTHORIZED
PMT0000375,CTR000020,2025-07-05,387.14,CHEQUE
PMT0000376,CTR000021,2025-07-30,332.56,ONLINE_BANKING
PMT0000377,CTR000021,2025-08-05,332.56,PRE_AUTHORIZED
PMT0000378,CTR000021,2025-09-05,332.56,CHEQUE
PMT0000379,CTR000021,2025-10-04,332.56,CHEQUE
PMT0000380,CTR000021,2025-11-03,332.56,CHEQUE
PMT0000381,CTR000021,2025-12-02,332.56,PRE_AUTHORIZED
PMT0000382,CTR000021,2026-01-01,332.56,ONLINE_BANKING
PMT0000383,CTR000021,2026-02-05,332.56,CHEQUE
PMT0000384,CTR000021,2026-03-06,332.56,CHEQUE
PMT0000385,CTR000021,2026-04-06,332.56,CHEQUE
PMT0000386,CTR000021,2026-05-03,332.56,CHEQUE
PMT0000387,CTR000022,2025-08-09,637.79,CHEQUE
PMT0000388,CTR000022,2025-09-06,637.79,PRE_AUTHORIZED
PMT0000389,CTR000022,2025-10-03,637.79,ONLINE_BANKING
PMT0000390,CTR000022,2025-11-05,637.79,CHEQUE
PMT0000391,CTR000022,2025-12-01,637.79,CHEQUE
PMT0000392,CTR000022,2026-01-01,637.79,ONLINE_BANKING
PMT0000393,CTR000022,2026-02-02,637.79,CHEQUE
PMT0000394,CTR000022,2026-03-04,637.79,ONLINE_BANKING
PMT0000395,CTR000022,2026-04-06,637.79,PRE_AUTHORIZED
PMT0000396,CTR000022,2026-05-04,637.79,ONLINE_BANKING
PMT0000397,CTR000023,2025-01-16,291.91,ONLINE_BANKING
PMT0000398,CTR000023,2025-02-05,291.91,ONLINE_BANKING
PMT0000399,CTR000023,2025-03-02,291.91,CHEQUE
PMT0000400,CTR000023,2025-04-04,291.91,CHEQUE
PMT0000401,CTR000023,2025-05-02,291.91,PRE_AUTHORIZED
PMT0000402,CTR000023,2025-06-05,291.91,PRE_AUTHORIZED
PMT0000403,CTR000023,2025-07-06,291.91,PRE_AUTHORIZED
PMT0000404,CTR000023,2025-08-05,291.91,ONLINE_BANKING
PMT0000405,CTR000023,2025-09-01,291.91,ONLINE_BANKING
PMT0000406,CTR000023,2025-10-06,291.91,CHEQUE
PMT0000407,CTR000023,2025-11-03,291.91,PRE_AUTHORIZED
PMT0000408,CTR000023,2025-12-01,291.91,CHEQUE
PMT0000409,CTR000023,2026-01-03,291.91,ONLINE_BANKING
PMT0000410,CTR000023,2026-02-05,291.91,ONLINE_BANKING
PMT0000411,CTR000023,2026-03-05,291.91,PRE_AUTHORIZED
PMT0000412,CTR000023,2026-04-02,291.91,ONLINE_BANKING
PMT0000413,CTR000023,2026-05-02,291.91,CHEQUE
PMT0000414,CTR000024,2024-09-12,295.89,CHEQUE
PMT0000415,CTR000024,2024-10-02,295.89,ONLINE_BANKING
PMT0000416,CTR000024,2024-11-05,295.89,ONLINE_BANKING
PMT0000417,CTR000024,2024-12-02,295.89,CHEQUE
PMT0000418,CTR000024,2025-01-06,295.89,CHEQUE
PMT0000419,CTR000024,2025-02-03,295.89,ONLINE_BANKING
PMT0000420,CTR000024,2025-03-02,295.89,PRE_AUTHORIZED
PMT0000421,CTR000024,2025-04-05,295.89,PRE_AUTHORIZED
PMT0000422,CTR000024,2025-05-02,295.89,ONLINE_BANKING
PMT0000423,CTR000024,2025-06-03,295.89,PRE_AUTHORIZED
PMT0000424,CTR000024,2025-07-03,295.89,CHEQUE
PMT0000425,CTR000024,2025-08-04,295.89,PRE_AUTHORIZED
PMT0000426,CTR000024,2025-09-03,295.89,ONLINE_BANKING
PMT0000427,CTR000024,2025-10-05,295.89,PRE_AUTHORIZED
PMT0000428,CTR000024,2025-11-05,295.89,PRE_AUTHORIZED
PMT0000429,CTR000024,2025-12-02,295.89,ONLINE_BANKING
PMT0000430,CTR000024,2026-01-06,295.89,ONLINE_BANKING
PMT0000431,CTR000024,2026-02-05,295.89,PRE_AUTHORIZED
PMT0000432,CTR000024,2026-03-04,295.89,ONLINE_BANKING
PMT0000433,CTR000024,2026-04-06,295.89,ONLINE_BANKING
PMT0000434,CTR000024,2026-05-04,295.89,CHEQUE
PMT0000435,CTR000025,2026-02-27,345.99,ONLINE_BANKING
PMT0000436,CTR000025,2026-03-02,345.99,ONLINE_BANKING
PMT0000437,CTR000025,2026-04-01,345.99,CHEQUE
PMT0000438,CTR000025,2026-05-05,345.99,PRE_AUTHORIZED
PMT0000439,CTR000026,2024-10-03,736.46,ONLINE_BANKING
PMT0000440,CTR000026,2024-10-03,736.46,PRE_AUTHORIZED
PMT0000441,CTR000026,2024-11-03,736.46,PRE_AUTHORIZED
PMT0000442,CTR000026,2024-12-01,736.46,ONLINE_BANKING
PMT0000443,CTR000026,2025-01-01,736.46,ONLINE_BANKING
PMT0000444,CTR000026,2025-02-02,736.46,PRE_AUTHORIZED
PMT0000445,CTR000026,2025-03-02,736.46,ONLINE_BANKING
PMT0000446,CTR000026,2025-04-02,736.46,ONLINE_BANKING
PMT0000447,CTR000026,2025-05-05,736.46,PRE_AUTHORIZED
PMT0000448,CTR000026,2025-06-04,736.46,ONLINE_BANKING
PMT0000449,CTR000026,2025-07-01,736.46,PRE_AUTHORIZED
PMT0000450,CTR000026,2025-08-03,736.46,PRE_AUTHORIZED
PMT0000451,CTR000026,2025-09-06,736.46,PRE_AUTHORIZED
PMT0000452,CTR000026,2025-10-01,736.46,PRE_AUTHORIZED
PMT0000453,CTR000026,2025-11-02,736.46,ONLINE_BANKING
PMT0000454,CTR000026,2025-12-05,736.46,PRE_AUTHORIZED
PMT0000455,CTR000026,2026-01-05,736.46,ONLINE_BANKING
PMT0000456,CTR000026,2026-02-05,736.46,CHEQUE
PMT0000457,CTR000026,2026-03-04,736.46,PRE_AUTHORIZED
PMT0000458,CTR000026,2026-04-02,736.46,PRE_AUTHORIZED
PMT0000459,CTR000026,2026-05-05,736.46,CHEQUE
PMT0000460,CTR000027,2025-05-30,404.91,ONLINE_BANKING
PMT0000461,CTR000027,2025-06-05,404.91,CHEQUE
PMT0000462,CTR000027,2025-07-04,404.91,CHEQUE
PMT0000463,CTR000027,2025-08-03,404.91,PRE_AUTHORIZED
PMT0000464,CTR000027,2025-09-06,404.91,ONLINE_BANKING
PMT0000465,CTR000027,2025-10-06,404.91,CHEQUE
PMT0000466,CTR000027,2025-11-06,404.91,ONLINE_BANKING
PMT0000467,CTR000027,2025-12-04,404.91,ONLINE_BANKING
PMT0000468,CTR000027,2026-01-03,404.91,CHEQUE
PMT0000469,CTR000027,2026-02-03,404.91,PRE_AUTHORIZED
PMT0000470,CTR000027,2026-03-03,404.91,CHEQUE
PMT0000471,CTR000027,2026-04-01,404.91,CHEQUE
PMT0000472,CTR000027,2026-05-03,404.91,PRE_AUTHORIZED
PMT0000473,CTR000028,2023-04-28,1208.87,CHEQUE
PMT0000474,CTR000028,2023-05-06,1208.87,PRE_AUTHORIZED
PMT0000475,CTR000028,2023-06-02,1208.87,CHEQUE
PMT0000476,CTR000028,2023-07-01,1208.87,ONLINE_BANKING
PMT0000477,CTR000028,2023-08-01,1208.87,PRE_AUTHORIZED
PMT0000478,CTR000028,2023-09-04,1208.87,PRE_AUTHORIZED
PMT0000479,CTR000028,2023-10-06,1208.87,CHEQUE
PMT0000480,CTR000028,2023-11-06,1208.87,PRE_AUTHORIZED
PMT0000481,CTR000028,2023-12-03,1208.87,ONLINE_BANKING
PMT0000482,CTR000028,2024-01-05,1208.87,CHEQUE
PMT0000483,CTR000028,2024-02-04,1208.87,CHEQUE
PMT0000484,CTR000028,2024-03-06,1208.87,ONLINE_BANKING
PMT0000485,CTR000028,2024-04-06,1208.87,PRE_AUTHORIZED
PMT0000486,CTR000028,2024-05-06,1208.87,ONLINE_BANKING
PMT0000487,CTR000028,2024-06-03,1208.87,CHEQUE
PMT0000488,CTR000028,2024-07-06,1208.87,PRE_AUTHORIZED
PMT0000489,CTR000028,2024-08-05,1208.87,CHEQUE
PMT0000490,CTR000028,2024-09-03,1208.87,ONLINE_BANKING
PMT0000491,CTR000028,2024-10-01,1208.87,CHEQUE
PMT0000492,CTR000028,2024-11-02,1208.87,CHEQUE
PMT0000493,CTR000028,2024-12-01,1208.87,CHEQUE
PMT0000494,CTR000028,2025-01-01,1208.87,PRE_AUTHORIZED
PMT0000495,CTR000028,2025-02-02,1208.87,CHEQUE
PMT0000496,CTR000028,2025-03-05,1208.87,PRE_AUTHORIZED
PMT0000497,CTR000029,2024-09-27,1737.41,PRE_AUTHORIZED
PMT0000498,CTR000029,2024-10-04,1737.41,PRE_AUTHORIZED
PMT0000499,CTR000029,2024-11-05,1737.41,ONLINE_BANKING
PMT0000500,CTR000029,2024-12-05,1737.41,PRE_AUTHORIZED
PMT0000501,CTR000029,2025-01-04,1737.41,CHEQUE
PMT0000502,CTR000029,2025-02-06,1737.41,ONLINE_BANKING
PMT0000503,CTR000029,2025-03-02,1737.41,ONLINE_BANKING
PMT0000504,CTR000029,2025-04-03,1737.41,ONLINE_BANKING
PMT0000505,CTR000029,2025-05-03,1737.41,CHEQUE
PMT0000506,CTR000029,2025-06-04,1737.41,PRE_AUTHORIZED
PMT0000507,CTR000029,2025-07-05,1737.41,PRE_AUTHORIZED
PMT0000508,CTR000029,2025-08-05,1737.41,PRE_AUTHORIZED
PMT0000509,CTR000029,2025-09-06,1737.41,CHEQUE
PMT0000510,CTR000029,2025-10-06,1737.41,CHEQUE
PMT0000511,CTR000029,2025-11-01,1737.41,ONLINE_BANKING
PMT0000512,CTR000029,2025-12-06,1737.41,ONLINE_BANKING
PMT0000513,CTR000029,2026-01-06,1737.41,ONLINE_BANKING
PMT0000514,CTR000029,2026-02-04,1737.41,CHEQUE
PMT0000515,CTR000029,2026-03-04,1737.41,CHEQUE
PMT0000516,CTR000029,2026-04-05,1737.41,CHEQUE
PMT0000517,CTR000029,2026-05-02,1737.41,PRE_AUTHORIZED
PMT0000518,CTR000030,2025-03-23,384.36,CHEQUE
PMT0000519,CTR000030,2025-04-04,384.36,PRE_AUTHORIZED
PMT0000520,CTR000030,2025-05-06,384.36,ONLINE_BANKING
PMT0000521,CTR000030,2025-06-06,384.36,CHEQUE
PMT0000522,CTR000030,2025-07-02,384.36,CHEQUE
PMT0000523,CTR000030,2025-08-02,384.36,PRE_AUTHORIZED
PMT0000524,CTR000030,2025-09-03,384.36,CHEQUE
PMT0000525,CTR000030,2025-10-05,384.36,CHEQUE
PMT0000526,CTR000030,2025-11-05,384.36,ONLINE_BANKING
PMT0000527,CTR000030,2025-12-01,384.36,ONLINE_BANKING
PMT0000528,CTR000030,2026-01-04,384.36,CHEQUE
PMT0000529,CTR000030,2026-02-04,384.36,PRE_AUTHORIZED
PMT0000530,CTR000030,2026-03-04,384.36,ONLINE_BANKING
PMT0000531,CTR000030,2026-04-01,384.36,CHEQUE
PMT0000532,CTR000030,2026-05-03,384.36,CHEQUE
PMT0000533,CTR000031,2024-02-25,473.96,ONLINE_BANKING
PMT0000534,CTR000031,2024-03-02,473.96,ONLINE_BANKING
PMT0000535,CTR000031,2024-04-03,473.96,PRE_AUTHORIZED
PMT0000536,CTR000031,2024-05-05,473.96,ONLINE_BANKING
PMT0000537,CTR000031,2024-06-04,473.96,CHEQUE
PMT0000538,CTR000031,2024-07-04,473.96,CHEQUE
PMT0000539,CTR000031,2024-08-03,473.96,PRE_AUTHORIZED
PMT0000540,CTR000031,2024-09-05,473.96,CHEQUE
PMT0000541,CTR000031,2024-10-02,473.96,PRE_AUTHORIZED
PMT0000542,CTR000031,2024-11-01,473.96,PRE_AUTHORIZED
PMT0000543,CTR000031,2024-12-04,473.96,CHEQUE
PMT0000544,CTR000031,2025-01-01,473.96,CHEQUE
PMT0000545,CTR000031,2025-02-01,473.96,PRE_AUTHORIZED
PMT0000546,CTR000031,2025-03-05,473.96,ONLINE_BANKING
PMT0000547,CTR000031,2025-04-06,473.96,ONLINE_BANKING
PMT0000548,CTR000031,2025-05-05,473.96,CHEQUE
PMT0000549,CTR000031,2025-06-06,473.96,PRE_AUTHORIZED
PMT0000550,CTR000031,2025-07-06,473.96,CHEQUE
PMT0000551,CTR000031,2025-08-06,473.96,CHEQUE
PMT0000552,CTR000031,2025-09-02,473.96,CHEQUE
PMT0000553,CTR000031,2025-10-01,473.96,PRE_AUTHORIZED
PMT0000554,CTR000031,2025-11-03,473.96,ONLINE_BANKING
PMT0000555,CTR000031,2025-12-04,473.96,CHEQUE
PMT0000556,CTR000031,2026-01-05,473.96,CHEQUE
PMT0000557,CTR000032,2026-03-08,888.61,PRE_AUTHORIZED
PMT0000558,CTR000032,2026-04-05,888.61,PRE_AUTHORIZED
PMT0000559,CTR000032,2026-05-06,888.61,CHEQUE
PMT0000560,CTR000033,2025-03-26,554.19,CHEQUE
PMT0000561,CTR000033,2025-04-05,554.19,PRE_AUTHORIZED
PMT0000562,CTR000033,2025-05-01,554.19,CHEQUE
PMT0000563,CTR000033,2025-06-04,554.19,PRE_AUTHORIZED
PMT0000564,CTR000033,2025-07-05,554.19,ONLINE_BANKING
PMT0000565,CTR000033,2025-08-01,554.19,PRE_AUTHORIZED
PMT0000566,CTR000033,2025-09-06,554.19,PRE_AUTHORIZED
PMT0000567,CTR000033,2025-10-01,554.19,PRE_AUTHORIZED
PMT0000568,CTR000033,2025-11-06,554.19,CHEQUE
PMT0000569,CTR000033,2025-12-04,554.19,ONLINE_BANKING
PMT0000570,CTR000033,2026-01-02,554.19,PRE_AUTHORIZED
PMT0000571,CTR000033,2026-02-06,554.19,CHEQUE
PMT0000572,CTR000033,2026-03-01,554.19,ONLINE_BANKING
PMT0000573,CTR000033,2026-04-02,554.19,PRE_AUTHORIZED
PMT0000574,CTR000033,2026-05-06,554.19,PRE_AUTHORIZED
PMT0000575,CTR000034,2025-03-07,594.58,PRE_AUTHORIZED
PMT0000576,CTR000034,2025-04-05,594.58,CHEQUE
PMT0000577,CTR000034,2025-05-01,594.58,ONLINE_BANKING
PMT0000578,CTR000034,2025-06-04,594.58,ONLINE_BANKING
PMT0000579,CTR000034,2025-07-05,594.58,PRE_AUTHORIZED
PMT0000580,CTR000034,2025-08-04,594.58,CHEQUE
PMT0000581,CTR000034,2025-09-03,594.58,CHEQUE
PMT0000582,CTR000034,2025-10-03,594.58,PRE_AUTHORIZED
PMT0000583,CTR000034,2025-11-03,594.58,PRE_AUTHORIZED
PMT0000584,CTR000034,2025-12-06,594.58,ONLINE_BANKING
PMT0000585,CTR000034,2026-01-02,594.58,ONLINE_BANKING
PMT0000586,CTR000034,2026-02-05,594.58,CHEQUE
PMT0000587,CTR000034,2026-03-02,594.58,PRE_AUTHORIZED
PMT0000588,CTR000034,2026-04-04,594.58,PRE_AUTHORIZED
PMT0000589,CTR000034,2026-05-02,594.58,CHEQUE
PMT0000590,CTR000035,2024-02-28,791.61,CHEQUE
PMT0000591,CTR000035,2024-03-01,791.61,PRE_AUTHORIZED
PMT0000592,CTR000035,2024-04-05,791.61,CHEQUE
PMT0000593,CTR000035,2024-05-06,791.61,CHEQUE
PMT0000594,CTR000035,2024-06-01,791.61,PRE_AUTHORIZED
PMT0000595,CTR000035,2024-07-04,791.61,PRE_AUTHORIZED
PMT0000596,CTR000035,2024-08-02,791.61,ONLINE_BANKING
PMT0000597,CTR000035,2024-09-05,791.61,ONLINE_BANKING
PMT0000598,CTR000035,2024-10-04,791.61,ONLINE_BANKING
PMT0000599,CTR000035,2024-11-02,791.61,PRE_AUTHORIZED
PMT0000600,CTR000035,2024-12-03,791.61,PRE_AUTHORIZED
PMT0000601,CTR000035,2025-01-02,791.61,PRE_AUTHORIZED
PMT0000602,CTR000035,2025-02-04,791.61,PRE_AUTHORIZED
PMT0000603,CTR000035,2025-03-03,791.61,CHEQUE
PMT0000604,CTR000035,2025-04-02,791.61,CHEQUE
PMT0000605,CTR000035,2025-05-01,791.61,PRE_AUTHORIZED
PMT0000606,CTR000035,2025-06-01,791.61,ONLINE_BANKING
PMT0000607,CTR000035,2025-07-01,791.61,ONLINE_BANKING
PMT0000608,CTR000035,2025-08-05,791.61,PRE_AUTHORIZED
PMT0000609,CTR000035,2025-09-02,791.61,PRE_AUTHORIZED
PMT0000610,CTR000035,2025-10-05,791.61,CHEQUE
PMT0000611,CTR000035,2025-11-01,791.61,ONLINE_BANKING
PMT0000612,CTR000035,2025-12-02,791.61,CHEQUE
PMT0000613,CTR000035,2026-01-01,791.61,PRE_AUTHORIZED
PMT0000614,CTR000036,2026-03-16,329.87,ONLINE_BANKING
PMT0000615,CTR000036,2026-04-06,329.87,ONLINE_BANKING
PMT0000616,CTR000036,2026-05-03,329.87,CHEQUE
PMT0000617,CTR000037,2026-04-09,1365.99,ONLINE_BANKING
PMT0000618,CTR000037,2026-05-02,1365.99,PRE_AUTHORIZED
PMT0000619,CTR000038,2023-11-03,1150.48,ONLINE_BANKING
PMT0000620,CTR000038,2023-11-05,1150.48,PRE_AUTHORIZED
PMT0000621,CTR000038,2023-12-05,1150.48,PRE_AUTHORIZED
PMT0000622,CTR000038,2024-01-06,1150.48,ONLINE_BANKING
PMT0000623,CTR000038,2024-02-01,1150.48,ONLINE_BANKING
PMT0000624,CTR000038,2024-03-01,1150.48,ONLINE_BANKING
PMT0000625,CTR000038,2024-04-05,1150.48,PRE_AUTHORIZED
PMT0000626,CTR000038,2024-05-05,1150.48,PRE_AUTHORIZED
PMT0000627,CTR000038,2024-06-06,1150.48,ONLINE_BANKING
PMT0000628,CTR000038,2024-07-02,1150.48,CHEQUE
PMT0000629,CTR000038,2024-08-01,1150.48,ONLINE_BANKING
PMT0000630,CTR000038,2024-09-04,1150.48,PRE_AUTHORIZED
PMT0000631,CTR000038,2024-10-01,1150.48,ONLINE_BANKING
PMT0000632,CTR000038,2024-11-02,1150.48,PRE_AUTHORIZED
PMT0000633,CTR000038,2024-12-02,1150.48,ONLINE_BANKING
PMT0000634,CTR000038,2025-01-03,1150.48,ONLINE_BANKING
PMT0000635,CTR000038,2025-02-03,1150.48,ONLINE_BANKING
PMT0000636,CTR000038,2025-03-04,1150.48,PRE_AUTHORIZED
PMT0000637,CTR000038,2025-04-02,1150.48,PRE_AUTHORIZED
PMT0000638,CTR000038,2025-05-02,1150.48,ONLINE_BANKING
PMT0000639,CTR000038,2025-06-05,1150.48,CHEQUE
PMT0000640,CTR000038,2025-07-04,1150.48,CHEQUE
PMT0000641,CTR000038,2025-08-03,1150.48,ONLINE_BANKING
PMT0000642,CTR000038,2025-09-05,1150.48,PRE_AUTHORIZED
PMT0000643,CTR000039,2023-08-12,811.07,CHEQUE
PMT0000644,CTR000039,2023-09-04,811.07,ONLINE_BANKING
PMT0000645,CTR000039,2023-10-04,811.07,ONLINE_BANKING
PMT0000646,CTR000039,2023-11-01,811.07,ONLINE_BANKING
PMT0000647,CTR000039,2023-12-05,811.07,PRE_AUTHORIZED
PMT0000648,CTR000039,2024-01-06,811.07,ONLINE_BANKING
PMT0000649,CTR000039,2024-02-03,811.07,ONLINE_BANKING
PMT0000650,CTR000039,2024-03-01,811.07,ONLINE_BANKING
PMT0000651,CTR000039,2024-04-06,811.07,CHEQUE
PMT0000652,CTR000039,2024-05-01,811.07,PRE_AUTHORIZED
PMT0000653,CTR000039,2024-06-04,811.07,CHEQUE
PMT0000654,CTR000039,2024-07-03,811.07,PRE_AUTHORIZED
PMT0000655,CTR000039,2024-08-03,811.07,CHEQUE
PMT0000656,CTR000039,2024-09-05,811.07,PRE_AUTHORIZED
PMT0000657,CTR000039,2024-10-05,811.07,CHEQUE
PMT0000658,CTR000039,2024-11-06,811.07,CHEQUE
PMT0000659,CTR000039,2024-12-01,811.07,ONLINE_BANKING
PMT0000660,CTR000039,2025-01-06,811.07,PRE_AUTHORIZED
PMT0000661,CTR000039,2025-02-02,811.07,PRE_AUTHORIZED
PMT0000662,CTR000039,2025-03-05,811.07,CHEQUE
PMT0000663,CTR000039,2025-04-03,811.07,CHEQUE
PMT0000664,CTR000039,2025-05-04,811.07,ONLINE_BANKING
PMT0000665,CTR000039,2025-06-05,811.07,ONLINE_BANKING
PMT0000666,CTR000039,2025-07-06,811.07,PRE_AUTHORIZED
PMT0000667,CTR000040,2023-10-04,900.49,ONLINE_BANKING
PMT0000668,CTR000040,2023-11-06,900.49,ONLINE_BANKING
PMT0000669,CTR000040,2023-12-04,900.49,PRE_AUTHORIZED
PMT0000670,CTR000040,2024-01-04,900.49,ONLINE_BANKING
PMT0000671,CTR000040,2024-02-04,900.49,ONLINE_BANKING
PMT0000672,CTR000040,2024-03-02,900.49,PRE_AUTHORIZED
PMT0000673,CTR000040,2024-04-03,900.49,ONLINE_BANKING
PMT0000674,CTR000040,2024-05-06,900.49,CHEQUE
PMT0000675,CTR000040,2024-06-06,900.49,CHEQUE
PMT0000676,CTR000040,2024-07-05,900.49,CHEQUE
PMT0000677,CTR000040,2024-08-05,900.49,ONLINE_BANKING
PMT0000678,CTR000040,2024-09-01,900.49,CHEQUE
PMT0000679,CTR000040,2024-10-03,900.49,PRE_AUTHORIZED
PMT0000680,CTR000040,2024-11-06,900.49,PRE_AUTHORIZED
PMT0000681,CTR000040,2024-12-01,900.49,CHEQUE
PMT0000682,CTR000040,2025-01-05,900.49,PRE_AUTHORIZED
PMT0000683,CTR000040,2025-02-04,900.49,PRE_AUTHORIZED
PMT0000684,CTR000040,2025-03-06,900.49,CHEQUE
PMT0000685,CTR000040,2025-04-06,900.49,CHEQUE
PMT0000686,CTR000040,2025-05-01,900.49,CHEQUE
PMT0000687,CTR000040,2025-06-01,900.49,PRE_AUTHORIZED
PMT0000688,CTR000040,2025-07-06,900.49,CHEQUE
PMT0000689,CTR000040,2025-08-05,900.49,CHEQUE
PMT0000690,CTR000040,2025-09-05,900.49,ONLINE_BANKING
PMT0000691,CTR000041,2026-01-13,1411.25,CHEQUE
PMT0000692,CTR000041,2026-02-03,1411.25,CHEQUE
PMT0000693,CTR000041,2026-03-01,1411.25,CHEQUE
PMT0000694,CTR000041,2026-04-03,1411.25,ONLINE_BANKING
PMT0000695,CTR000041,2026-05-02,1411.25,PRE_AUTHORIZED
PMT0000696,CTR000042,2025-09-22,810.37,CHEQUE
PMT0000697,CTR000042,2025-10-05,810.37,ONLINE_BANKING
PMT0000698,CTR000042,2025-11-01,810.37,CHEQUE
PMT0000699,CTR000042,2025-12-01,810.37,ONLINE_BANKING
PMT0000700,CTR000042,2026-01-04,810.37,ONLINE_BANKING
PMT0000701,CTR000042,2026-02-06,810.37,PRE_AUTHORIZED
PMT0000702,CTR000042,2026-03-02,810.37,PRE_AUTHORIZED
PMT0000703,CTR000042,2026-04-01,810.37,ONLINE_BANKING
PMT0000704,CTR000042,2026-05-01,810.37,CHEQUE
PMT0000705,CTR000043,2025-05-01,1557.09,PRE_AUTHORIZED
PMT0000706,CTR000043,2025-05-04,1557.09,CHEQUE
PMT0000707,CTR000043,2025-06-02,1557.09,ONLINE_BANKING
PMT0000708,CTR000043,2025-07-04,1557.09,CHEQUE
PMT0000709,CTR000043,2025-08-06,1557.09,ONLINE_BANKING
PMT0000710,CTR000043,2025-09-01,1557.09,ONLINE_BANKING
PMT0000711,CTR000043,2025-10-02,1557.09,CHEQUE
PMT0000712,CTR000043,2025-11-01,1557.09,CHEQUE
PMT0000713,CTR000043,2025-12-03,1557.09,ONLINE_BANKING
PMT0000714,CTR000043,2026-01-06,1557.09,PRE_AUTHORIZED
PMT0000715,CTR000043,2026-02-03,1557.09,CHEQUE
PMT0000716,CTR000043,2026-03-06,1557.09,CHEQUE
PMT0000717,CTR000043,2026-04-03,1557.09,CHEQUE
PMT0000718,CTR000043,2026-05-01,1557.09,ONLINE_BANKING
PMT0000719,CTR000044,2024-01-24,695.87,CHEQUE
PMT0000720,CTR000044,2024-02-05,695.87,ONLINE_BANKING
PMT0000721,CTR000044,2024-03-02,695.87,CHEQUE
PMT0000722,CTR000044,2024-04-05,695.87,ONLINE_BANKING
PMT0000723,CTR000044,2024-05-05,695.87,ONLINE_BANKING
PMT0000724,CTR000044,2024-06-04,695.87,PRE_AUTHORIZED
PMT0000725,CTR000044,2024-07-03,695.87,PRE_AUTHORIZED
PMT0000726,CTR000044,2024-08-02,695.87,ONLINE_BANKING
PMT0000727,CTR000044,2024-09-02,695.87,CHEQUE
PMT0000728,CTR000044,2024-10-05,695.87,CHEQUE
PMT0000729,CTR000044,2024-11-05,695.87,CHEQUE
PMT0000730,CTR000044,2024-12-02,695.87,ONLINE_BANKING
PMT0000731,CTR000044,2025-01-05,695.87,CHEQUE
PMT0000732,CTR000044,2025-02-05,695.87,PRE_AUTHORIZED
PMT0000733,CTR000044,2025-03-02,695.87,ONLINE_BANKING
PMT0000734,CTR000044,2025-04-02,695.87,CHEQUE
PMT0000735,CTR000044,2025-05-05,695.87,PRE_AUTHORIZED
PMT0000736,CTR000044,2025-06-05,695.87,PRE_AUTHORIZED
PMT0000737,CTR000044,2025-07-01,695.87,PRE_AUTHORIZED
PMT0000738,CTR000044,2025-08-01,695.87,CHEQUE
PMT0000739,CTR000044,2025-09-06,695.87,PRE_AUTHORIZED
PMT0000740,CTR000044,2025-10-05,695.87,CHEQUE
PMT0000741,CTR000044,2025-11-02,695.87,CHEQUE
PMT0000742,CTR000044,2025-12-02,695.87,PRE_AUTHORIZED
PMT0000743,CTR000045,2023-04-06,541.66,ONLINE_BANKING
PMT0000744,CTR000045,2023-05-05,541.66,PRE_AUTHORIZED
PMT0000745,CTR000045,2023-06-06,541.66,PRE_AUTHORIZED
PMT0000746,CTR000045,2023-07-03,541.66,ONLINE_BANKING
PMT0000747,CTR000045,2023-08-04,541.66,PRE_AUTHORIZED
PMT0000748,CTR000045,2023-09-05,541.66,PRE_AUTHORIZED
PMT0000749,CTR000045,2023-10-06,541.66,PRE_AUTHORIZED
PMT0000750,CTR000045,2023-11-06,541.66,ONLINE_BANKING
PMT0000751,CTR000045,2023-12-05,541.66,ONLINE_BANKING
PMT0000752,CTR000045,2024-01-01,541.66,ONLINE_BANKING
PMT0000753,CTR000045,2024-02-04,541.66,CHEQUE
PMT0000754,CTR000045,2024-03-02,541.66,CHEQUE
PMT0000755,CTR000045,2024-04-05,541.66,CHEQUE
PMT0000756,CTR000045,2024-05-06,541.66,PRE_AUTHORIZED
PMT0000757,CTR000045,2024-06-06,541.66,PRE_AUTHORIZED
PMT0000758,CTR000045,2024-07-04,541.66,CHEQUE
PMT0000759,CTR000045,2024-08-03,541.66,PRE_AUTHORIZED
PMT0000760,CTR000045,2024-09-04,541.66,CHEQUE
PMT0000761,CTR000045,2024-10-01,541.66,PRE_AUTHORIZED
PMT0000762,CTR000045,2024-11-05,541.66,PRE_AUTHORIZED
PMT0000763,CTR000045,2024-12-06,541.66,ONLINE_BANKING
PMT0000764,CTR000045,2025-01-05,541.66,ONLINE_BANKING
PMT0000765,CTR000045,2025-02-05,541.66,CHEQUE
PMT0000766,CTR000045,2025-03-02,541.66,CHEQUE
PMT0000767,CTR000046,2025-10-03,718.52,CHEQUE
PMT0000768,CTR000046,2025-10-01,718.52,ONLINE_BANKING
PMT0000769,CTR000046,2025-11-03,718.52,ONLINE_BANKING
PMT0000770,CTR000046,2025-12-01,718.52,PRE_AUTHORIZED
PMT0000771,CTR000046,2026-01-02,718.52,CHEQUE
PMT0000772,CTR000046,2026-02-02,718.52,PRE_AUTHORIZED
PMT0000773,CTR000046,2026-03-04,718.52,ONLINE_BANKING
PMT0000774,CTR000046,2026-04-04,718.52,CHEQUE
PMT0000775,CTR000046,2026-05-01,718.52,ONLINE_BANKING
PMT0000776,CTR000048,2025-01-20,1168.08,PRE_AUTHORIZED
PMT0000777,CTR000048,2025-02-02,1168.08,ONLINE_BANKING
PMT0000778,CTR000048,2025-03-06,1168.08,PRE_AUTHORIZED
PMT0000779,CTR000048,2025-04-05,1168.08,ONLINE_BANKING
PMT0000780,CTR000048,2025-05-05,1168.08,PRE_AUTHORIZED
PMT0000781,CTR000048,2025-06-01,1168.08,PRE_AUTHORIZED
PMT0000782,CTR000048,2025-07-06,1168.08,CHEQUE
PMT0000783,CTR000048,2025-08-02,1168.08,ONLINE_BANKING
PMT0000784,CTR000048,2025-09-05,1168.08,ONLINE_BANKING
PMT0000785,CTR000048,2025-10-03,1168.08,ONLINE_BANKING
PMT0000786,CTR000048,2025-11-06,1168.08,ONLINE_BANKING
PMT0000787,CTR000048,2025-12-06,1168.08,CHEQUE
PMT0000788,CTR000048,2026-01-04,1168.08,ONLINE_BANKING
PMT0000789,CTR000048,2026-02-03,1168.08,ONLINE_BANKING
PMT0000790,CTR000048,2026-03-01,1168.08,ONLINE_BANKING
PMT0000791,CTR000048,2026-04-03,1168.08,ONLINE_BANKING
PMT0000792,CTR000048,2026-05-03,1168.08,CHEQUE
PMT0000793,CTR000049,2026-04-23,813.45,PRE_AUTHORIZED
PMT0000794,CTR000049,2026-05-05,813.45,PRE_AUTHORIZED
PMT0000795,CTR000050,2025-05-21,344.72,ONLINE_BANKING
PMT0000796,CTR000050,2025-06-02,344.72,CHEQUE
PMT0000797,CTR000050,2025-07-04,344.72,ONLINE_BANKING
PMT0000798,CTR000050,2025-08-01,344.72,PRE_AUTHORIZED
PMT0000799,CTR000050,2025-09-03,344.72,CHEQUE
PMT0000800,CTR000050,2025-10-02,344.72,PRE_AUTHORIZED
PMT0000801,CTR000050,2025-11-04,344.72,PRE_AUTHORIZED
PMT0000802,CTR000050,2025-12-01,344.72,PRE_AUTHORIZED
PMT0000803,CTR000050,2026-01-02,344.72,ONLINE_BANKING
PMT0000804,CTR000050,2026-02-04,344.72,CHEQUE
PMT0000805,CTR000050,2026-03-03,344.72,ONLINE_BANKING
PMT0000806,CTR000050,2026-04-03,344.72,CHEQUE
PMT0000807,CTR000050,2026-05-01,344.72,PRE_AUTHORIZED
PMT0000808,CTR000051,2025-11-20,698.38,CHEQUE
PMT0000809,CTR000051,2025-12-03,698.38,CHEQUE
PMT0000810,CTR000051,2026-01-06,698.38,ONLINE_BANKING
PMT0000811,CTR000051,2026-02-01,698.38,CHEQUE
PMT0000812,CTR000051,2026-03-05,698.38,CHEQUE
PMT0000813,CTR000051,2026-04-04,698.38,CHEQUE
PMT0000814,CTR000051,2026-05-05,698.38,PRE_AUTHORIZED
PMT0000815,CTR000052,2024-03-14,694.77,ONLINE_BANKING
PMT0000816,CTR000052,2024-04-01,694.77,ONLINE_BANKING
PMT0000817,CTR000052,2024-05-06,694.77,ONLINE_BANKING
PMT0000818,CTR000052,2024-06-02,694.77,CHEQUE
PMT0000819,CTR000052,2024-07-01,694.77,PRE_AUTHORIZED
PMT0000820,CTR000052,2024-08-02,694.77,PRE_AUTHORIZED
PMT0000821,CTR000052,2024-09-03,694.77,PRE_AUTHORIZED
PMT0000822,CTR000052,2024-10-04,694.77,ONLINE_BANKING
PMT0000823,CTR000052,2024-11-03,694.77,CHEQUE
PMT0000824,CTR000052,2024-12-04,694.77,CHEQUE
PMT0000825,CTR000052,2025-01-03,694.77,CHEQUE
PMT0000826,CTR000052,2025-02-03,694.77,CHEQUE
PMT0000827,CTR000052,2025-03-02,694.77,PRE_AUTHORIZED
PMT0000828,CTR000052,2025-04-06,694.77,PRE_AUTHORIZED
PMT0000829,CTR000052,2025-05-03,694.77,ONLINE_BANKING
PMT0000830,CTR000052,2025-06-03,694.77,PRE_AUTHORIZED
PMT0000831,CTR000052,2025-07-03,694.77,ONLINE_BANKING
PMT0000832,CTR000052,2025-08-03,694.77,CHEQUE
PMT0000833,CTR000052,2025-09-06,694.77,PRE_AUTHORIZED
PMT0000834,CTR000052,2025-10-01,694.77,PRE_AUTHORIZED
PMT0000835,CTR000052,2025-11-02,694.77,PRE_AUTHORIZED
PMT0000836,CTR000052,2025-12-04,694.77,ONLINE_BANKING
PMT0000837,CTR000052,2026-01-05,694.77,CHEQUE
PMT0000838,CTR000052,2026-02-04,694.77,CHEQUE
PMT0000839,CTR000053,2025-07-18,1939.1,PRE_AUTHORIZED
PMT0000840,CTR000053,2025-08-06,1939.1,CHEQUE
PMT0000841,CTR000053,2025-09-02,1939.1,ONLINE_BANKING
PMT0000842,CTR000053,2025-10-02,1939.1,CHEQUE
PMT0000843,CTR000053,2025-11-06,1939.1,PRE_AUTHORIZED
PMT0000844,CTR000053,2025-12-04,1939.1,ONLINE_BANKING
PMT0000845,CTR000053,2026-01-06,1939.1,CHEQUE
PMT0000846,CTR000053,2026-02-05,1939.1,ONLINE_BANKING
PMT0000847,CTR000053,2026-03-01,1939.1,ONLINE_BANKING
PMT0000848,CTR000053,2026-04-06,1939.1,PRE_AUTHORIZED
PMT0000849,CTR000053,2026-05-02,1939.1,ONLINE_BANKING
PMT0000850,CTR000054,2024-11-12,775.0,ONLINE_BANKING
PMT0000851,CTR000054,2024-12-06,775.0,CHEQUE
PMT0000852,CTR000054,2025-01-01,775.0,CHEQUE
PMT0000853,CTR000054,2025-02-04,775.0,ONLINE_BANKING
PMT0000854,CTR000054,2025-03-05,775.0,PRE_AUTHORIZED
PMT0000855,CTR000054,2025-04-03,775.0,PRE_AUTHORIZED
PMT0000856,CTR000054,2025-05-03,775.0,CHEQUE
PMT0000857,CTR000054,2025-06-03,775.0,ONLINE_BANKING
PMT0000858,CTR000054,2025-07-05,775.0,PRE_AUTHORIZED
PMT0000859,CTR000054,2025-08-03,775.0,CHEQUE
PMT0000860,CTR000054,2025-09-05,775.0,PRE_AUTHORIZED
PMT0000861,CTR000054,2025-10-05,775.0,PRE_AUTHORIZED
PMT0000862,CTR000054,2025-11-06,775.0,CHEQUE
PMT0000863,CTR000054,2025-12-02,775.0,CHEQUE
PMT0000864,CTR000054,2026-01-02,775.0,CHEQUE
PMT0000865,CTR000054,2026-02-05,775.0,CHEQUE
PMT0000866,CTR000054,2026-03-05,775.0,CHEQUE
PMT0000867,CTR000054,2026-04-05,775.0,CHEQUE
PMT0000868,CTR000054,2026-05-05,775.0,CHEQUE
PMT0000869,CTR000055,2024-04-02,677.52,CHEQUE
PMT0000870,CTR000055,2024-04-04,677.52,PRE_AUTHORIZED
PMT0000871,CTR000055,2024-05-04,677.52,CHEQUE
PMT0000872,CTR000055,2024-06-04,677.52,PRE_AUTHORIZED
PMT0000873,CTR000055,2024-07-06,677.52,CHEQUE
PMT0000874,CTR000055,2024-08-04,677.52,CHEQUE
PMT0000875,CTR000055,2024-09-03,677.52,PRE_AUTHORIZED
PMT0000876,CTR000055,2024-10-05,677.52,CHEQUE
PMT0000877,CTR000055,2024-11-04,677.52,PRE_AUTHORIZED
PMT0000878,CTR000055,2024-12-02,677.52,CHEQUE
PMT0000879,CTR000055,2025-01-02,677.52,PRE_AUTHORIZED
PMT0000880,CTR000055,2025-02-06,677.52,CHEQUE
PMT0000881,CTR000055,2025-03-04,677.52,PRE_AUTHORIZED
PMT0000882,CTR000055,2025-04-05,677.52,PRE_AUTHORIZED
PMT0000883,CTR000055,2025-05-05,677.52,CHEQUE
PMT0000884,CTR000055,2025-06-06,677.52,CHEQUE
PMT0000885,CTR000055,2025-07-02,677.52,PRE_AUTHORIZED
PMT0000886,CTR000055,2025-08-01,677.52,PRE_AUTHORIZED
PMT0000887,CTR000055,2025-09-02,677.52,PRE_AUTHORIZED
PMT0000888,CTR000055,2025-10-05,677.52,ONLINE_BANKING
PMT0000889,CTR000055,2025-11-04,677.52,PRE_AUTHORIZED
PMT0000890,CTR000055,2025-12-05,677.52,CHEQUE
PMT0000891,CTR000055,2026-01-05,677.52,CHEQUE
PMT0000892,CTR000055,2026-02-04,677.52,PRE_AUTHORIZED
PMT0000893,CTR000056,2023-04-10,898.16,ONLINE_BANKING
PMT0000894,CTR000056,2023-05-02,898.16,CHEQUE
PMT0000895,CTR000056,2023-06-03,898.16,CHEQUE
PMT0000896,CTR000056,2023-07-01,898.16,CHEQUE
PMT0000897,CTR000056,2023-08-01,898.16,ONLINE_BANKING
PMT0000898,CTR000056,2023-09-05,898.16,CHEQUE
PMT0000899,CTR000056,2023-10-03,898.16,ONLINE_BANKING
PMT0000900,CTR000056,2023-11-05,898.16,ONLINE_BANKING
PMT0000901,CTR000056,2023-12-01,898.16,PRE_AUTHORIZED
PMT0000902,CTR000056,2024-01-01,898.16,ONLINE_BANKING
PMT0000903,CTR000056,2024-02-04,898.16,PRE_AUTHORIZED
PMT0000904,CTR000056,2024-03-03,898.16,CHEQUE
PMT0000905,CTR000056,2024-04-04,898.16,PRE_AUTHORIZED
PMT0000906,CTR000056,2024-05-06,898.16,PRE_AUTHORIZED
PMT0000907,CTR000056,2024-06-06,898.16,ONLINE_BANKING
PMT0000908,CTR000056,2024-07-01,898.16,PRE_AUTHORIZED
PMT0000909,CTR000056,2024-08-04,898.16,ONLINE_BANKING
PMT0000910,CTR000056,2024-09-01,898.16,CHEQUE
PMT0000911,CTR000056,2024-10-02,898.16,ONLINE_BANKING
PMT0000912,CTR000056,2024-11-05,898.16,ONLINE_BANKING
PMT0000913,CTR000056,2024-12-05,898.16,CHEQUE
PMT0000914,CTR000056,2025-01-05,898.16,ONLINE_BANKING
PMT0000915,CTR000056,2025-02-01,898.16,ONLINE_BANKING
PMT0000916,CTR000056,2025-03-02,898.16,ONLINE_BANKING
PMT0000917,CTR000057,2024-04-18,1013.78,CHEQUE
PMT0000918,CTR000057,2024-05-04,1013.78,PRE_AUTHORIZED
PMT0000919,CTR000057,2024-06-04,1013.78,PRE_AUTHORIZED
PMT0000920,CTR000057,2024-07-05,1013.78,ONLINE_BANKING
PMT0000921,CTR000057,2024-08-05,1013.78,CHEQUE
PMT0000922,CTR000057,2024-09-04,1013.78,CHEQUE
PMT0000923,CTR000057,2024-10-06,1013.78,CHEQUE
PMT0000924,CTR000057,2024-11-05,1013.78,PRE_AUTHORIZED
PMT0000925,CTR000057,2024-12-03,1013.78,CHEQUE
PMT0000926,CTR000057,2025-01-03,1013.78,ONLINE_BANKING
PMT0000927,CTR000057,2025-02-05,1013.78,ONLINE_BANKING
PMT0000928,CTR000057,2025-03-01,1013.78,CHEQUE
PMT0000929,CTR000057,2025-04-02,1013.78,PRE_AUTHORIZED
PMT0000930,CTR000057,2025-05-02,1013.78,ONLINE_BANKING
PMT0000931,CTR000057,2025-06-03,1013.78,ONLINE_BANKING
PMT0000932,CTR000057,2025-07-06,1013.78,CHEQUE
PMT0000933,CTR000057,2025-08-02,1013.78,ONLINE_BANKING
PMT0000934,CTR000057,2025-09-05,1013.78,PRE_AUTHORIZED
PMT0000935,CTR000057,2025-10-05,1013.78,ONLINE_BANKING
PMT0000936,CTR000057,2025-11-01,1013.78,ONLINE_BANKING
PMT0000937,CTR000057,2025-12-05,1013.78,ONLINE_BANKING
PMT0000938,CTR000057,2026-01-01,1013.78,ONLINE_BANKING
PMT0000939,CTR000057,2026-02-03,1013.78,CHEQUE
PMT0000940,CTR000057,2026-03-06,1013.78,PRE_AUTHORIZED
PMT0000941,CTR000058,2025-06-01,1043.63,PRE_AUTHORIZED
PMT0000942,CTR000058,2025-07-06,1043.63,CHEQUE
PMT0000943,CTR000058,2025-08-01,1043.63,CHEQUE
PMT0000944,CTR000058,2025-09-04,1043.63,PRE_AUTHORIZED
PMT0000945,CTR000058,2025-10-02,1043.63,PRE_AUTHORIZED
PMT0000946,CTR000058,2025-11-04,1043.63,ONLINE_BANKING
PMT0000947,CTR000058,2025-12-01,1043.63,ONLINE_BANKING
PMT0000948,CTR000058,2026-01-03,1043.63,CHEQUE
PMT0000949,CTR000058,2026-02-03,1043.63,PRE_AUTHORIZED
PMT0000950,CTR000058,2026-03-05,1043.63,ONLINE_BANKING
PMT0000951,CTR000058,2026-04-03,1043.63,ONLINE_BANKING
PMT0000952,CTR000058,2026-05-01,1043.63,ONLINE_BANKING
PMT0000953,CTR000059,2025-05-16,878.58,PRE_AUTHORIZED
PMT0000954,CTR000059,2025-06-03,878.58,ONLINE_BANKING
PMT0000955,CTR000059,2025-07-06,878.58,CHEQUE
PMT0000956,CTR000059,2025-08-01,878.58,PRE_AUTHORIZED
PMT0000957,CTR000059,2025-09-02,878.58,CHEQUE
PMT0000958,CTR000059,2025-10-04,878.58,ONLINE_BANKING
PMT0000959,CTR000059,2025-11-04,878.58,PRE_AUTHORIZED
PMT0000960,CTR000059,2025-12-02,878.58,ONLINE_BANKING
PMT0000961,CTR000059,2026-01-04,878.58,PRE_AUTHORIZED
PMT0000962,CTR000059,2026-02-05,878.58,CHEQUE
PMT0000963,CTR000059,2026-03-06,878.58,ONLINE_BANKING
PMT0000964,CTR000059,2026-04-04,878.58,CHEQUE
PMT0000965,CTR000059,2026-05-05,878.58,PRE_AUTHORIZED
PMT0000966,CTR000060,2024-11-07,1336.35,PRE_AUTHORIZED
PMT0000967,CTR000060,2024-12-05,1336.35,ONLINE_BANKING
PMT0000968,CTR000060,2025-01-01,1336.35,ONLINE_BANKING
PMT0000969,CTR000060,2025-02-06,1336.35,CHEQUE
PMT0000970,CTR000060,2025-03-01,1336.35,PRE_AUTHORIZED
PMT0000971,CTR000060,2025-04-03,1336.35,PRE_AUTHORIZED
PMT0000972,CTR000060,2025-05-04,1336.35,PRE_AUTHORIZED
PMT0000973,CTR000060,2025-06-06,1336.35,PRE_AUTHORIZED
PMT0000974,CTR000060,2025-07-04,1336.35,PRE_AUTHORIZED
PMT0000975,CTR000060,2025-08-01,1336.35,CHEQUE
PMT0000976,CTR000060,2025-09-04,1336.35,PRE_AUTHORIZED
PMT0000977,CTR000060,2025-10-02,1336.35,PRE_AUTHORIZED
PMT0000978,CTR000060,2025-11-01,1336.35,ONLINE_BANKING
PMT0000979,CTR000060,2025-12-06,1336.35,PRE_AUTHORIZED
PMT0000980,CTR000060,2026-01-03,1336.35,CHEQUE
PMT0000981,CTR000060,2026-02-06,1336.35,PRE_AUTHORIZED
PMT0000982,CTR000060,2026-03-05,1336.35,ONLINE_BANKING
PMT0000983,CTR000060,2026-04-03,1336.35,CHEQUE
PMT0000984,CTR000060,2026-05-06,1336.35,PRE_AUTHORIZED
PMT0000985,CTR000061,2026-01-16,559.67,ONLINE_BANKING
PMT0000986,CTR000061,2026-02-03,559.67,ONLINE_BANKING
PMT0000987,CTR000061,2026-03-01,559.67,ONLINE_BANKING
PMT0000988,CTR000061,2026-04-01,559.67,CHEQUE
PMT0000989,CTR000061,2026-05-05,559.67,PRE_AUTHORIZED
PMT0000990,CTR000062,2023-07-05,364.96,PRE_AUTHORIZED
PMT0000991,CTR000062,2023-07-01,364.96,PRE_AUTHORIZED
PMT0000992,CTR000062,2023-08-05,364.96,CHEQUE
PMT0000993,CTR000062,2023-09-02,364.96,CHEQUE
PMT0000994,CTR000062,2023-10-04,364.96,ONLINE_BANKING
PMT0000995,CTR000062,2023-11-06,364.96,ONLINE_BANKING
PMT0000996,CTR000062,2023-12-05,364.96,PRE_AUTHORIZED
PMT0000997,CTR000062,2024-01-02,364.96,ONLINE_BANKING
PMT0000998,CTR000062,2024-02-04,364.96,ONLINE_BANKING
PMT0000999,CTR000062,2024-03-04,364.96,PRE_AUTHORIZED
PMT0001000,CTR000062,2024-04-04,364.96,PRE_AUTHORIZED
PMT0001001,CTR000062,2024-05-02,364.96,CHEQUE
PMT0001002,CTR000062,2024-06-03,364.96,CHEQUE
PMT0001003,CTR000062,2024-07-05,364.96,ONLINE_BANKING
PMT0001004,CTR000062,2024-08-03,364.96,PRE_AUTHORIZED
PMT0001005,CTR000062,2024-09-06,364.96,ONLINE_BANKING
PMT0001006,CTR000062,2024-10-02,364.96,CHEQUE
PMT0001007,CTR000062,2024-11-01,364.96,ONLINE_BANKING
PMT0001008,CTR000062,2024-12-03,364.96,CHEQUE
PMT0001009,CTR000062,2025-01-04,364.96,CHEQUE
PMT0001010,CTR000062,2025-02-01,364.96,ONLINE_BANKING
PMT0001011,CTR000062,2025-03-02,364.96,PRE_AUTHORIZED
PMT0001012,CTR000062,2025-04-06,364.96,PRE_AUTHORIZED
PMT0001013,CTR000062,2025-05-05,364.96,ONLINE_BANKING
PMT0001014,CTR000063,2024-10-28,906.38,CHEQUE
PMT0001015,CTR000063,2024-11-01,906.38,PRE_AUTHORIZED
PMT0001016,CTR000063,2024-12-01,906.38,PRE_AUTHORIZED
PMT0001017,CTR000063,2025-01-05,906.38,ONLINE_BANKING
PMT0001018,CTR000063,2025-02-06,906.38,PRE_AUTHORIZED
PMT0001019,CTR000063,2025-03-03,906.38,CHEQUE
PMT0001020,CTR000063,2025-04-06,906.38,ONLINE_BANKING
PMT0001021,CTR000063,2025-05-02,906.38,PRE_AUTHORIZED
PMT0001022,CTR000063,2025-06-04,906.38,CHEQUE
PMT0001023,CTR000063,2025-07-02,906.38,ONLINE_BANKING
PMT0001024,CTR000063,2025-08-03,906.38,CHEQUE
PMT0001025,CTR000063,2025-09-06,906.38,PRE_AUTHORIZED
PMT0001026,CTR000063,2025-10-01,906.38,CHEQUE
PMT0001027,CTR000063,2025-11-04,906.38,ONLINE_BANKING
PMT0001028,CTR000063,2025-12-05,906.38,ONLINE_BANKING
PMT0001029,CTR000063,2026-01-01,906.38,PRE_AUTHORIZED
PMT0001030,CTR000063,2026-02-04,906.38,CHEQUE
PMT0001031,CTR000063,2026-03-01,906.38,ONLINE_BANKING
PMT0001032,CTR000063,2026-04-02,906.38,CHEQUE
PMT0001033,CTR000063,2026-05-03,906.38,CHEQUE
PMT0001034,CTR000064,2025-02-25,266.49,ONLINE_BANKING
PMT0001035,CTR000064,2025-03-04,266.49,CHEQUE
PMT0001036,CTR000064,2025-04-02,266.49,ONLINE_BANKING
PMT0001037,CTR000064,2025-05-01,266.49,ONLINE_BANKING
PMT0001038,CTR000064,2025-06-05,266.49,CHEQUE
PMT0001039,CTR000064,2025-07-01,266.49,PRE_AUTHORIZED
PMT0001040,CTR000064,2025-08-01,266.49,PRE_AUTHORIZED
PMT0001041,CTR000064,2025-09-03,266.49,CHEQUE
PMT0001042,CTR000064,2025-10-03,266.49,CHEQUE
PMT0001043,CTR000064,2025-11-05,266.49,PRE_AUTHORIZED
PMT0001044,CTR000064,2025-12-02,266.49,PRE_AUTHORIZED
PMT0001045,CTR000064,2026-01-04,266.49,PRE_AUTHORIZED
PMT0001046,CTR000064,2026-02-06,266.49,ONLINE_BANKING
PMT0001047,CTR000064,2026-03-03,266.49,CHEQUE
PMT0001048,CTR000064,2026-04-01,266.49,PRE_AUTHORIZED
PMT0001049,CTR000064,2026-05-03,266.49,CHEQUE
PMT0001050,CTR000065,2023-09-19,717.43,ONLINE_BANKING
PMT0001051,CTR000065,2023-10-03,717.43,PRE_AUTHORIZED
PMT0001052,CTR000065,2023-11-01,717.43,PRE_AUTHORIZED
PMT0001053,CTR000065,2023-12-05,717.43,CHEQUE
PMT0001054,CTR000065,2024-01-04,717.43,CHEQUE
PMT0001055,CTR000065,2024-02-05,717.43,PRE_AUTHORIZED
PMT0001056,CTR000065,2024-03-06,717.43,ONLINE_BANKING
PMT0001057,CTR000065,2024-04-01,717.43,CHEQUE
PMT0001058,CTR000065,2024-05-04,717.43,CHEQUE
PMT0001059,CTR000065,2024-06-06,717.43,PRE_AUTHORIZED
PMT0001060,CTR000065,2024-07-02,717.43,CHEQUE
PMT0001061,CTR000065,2024-08-03,717.43,ONLINE_BANKING
PMT0001062,CTR000065,2024-09-03,717.43,PRE_AUTHORIZED
PMT0001063,CTR000065,2024-10-04,717.43,ONLINE_BANKING
PMT0001064,CTR000065,2024-11-02,717.43,ONLINE_BANKING
PMT0001065,CTR000065,2024-12-02,717.43,PRE_AUTHORIZED
PMT0001066,CTR000065,2025-01-01,717.43,PRE_AUTHORIZED
PMT0001067,CTR000065,2025-02-04,717.43,ONLINE_BANKING
PMT0001068,CTR000065,2025-03-04,717.43,PRE_AUTHORIZED
PMT0001069,CTR000065,2025-04-04,717.43,CHEQUE
PMT0001070,CTR000065,2025-05-05,717.43,PRE_AUTHORIZED
PMT0001071,CTR000065,2025-06-06,717.43,CHEQUE
PMT0001072,CTR000065,2025-07-02,717.43,PRE_AUTHORIZED
PMT0001073,CTR000065,2025-08-03,717.43,ONLINE_BANKING
PMT0001074,CTR000066,2023-12-13,1931.39,ONLINE_BANKING
PMT0001075,CTR000066,2024-01-01,1931.39,ONLINE_BANKING
PMT0001076,CTR000066,2024-02-06,1931.39,CHEQUE
PMT0001077,CTR000066,2024-03-04,1931.39,CHEQUE
PMT0001078,CTR000066,2024-04-01,1931.39,PRE_AUTHORIZED
PMT0001079,CTR000066,2024-05-01,1931.39,PRE_AUTHORIZED
PMT0001080,CTR000066,2024-06-04,1931.39,PRE_AUTHORIZED
PMT0001081,CTR000066,2024-07-05,1931.39,PRE_AUTHORIZED
PMT0001082,CTR000066,2024-08-06,1931.39,ONLINE_BANKING
PMT0001083,CTR000066,2024-09-04,1931.39,ONLINE_BANKING
PMT0001084,CTR000066,2024-10-05,1931.39,CHEQUE
PMT0001085,CTR000066,2024-11-05,1931.39,ONLINE_BANKING
PMT0001086,CTR000066,2024-12-05,1931.39,PRE_AUTHORIZED
PMT0001087,CTR000066,2025-01-05,1931.39,CHEQUE
PMT0001088,CTR000066,2025-02-04,1931.39,ONLINE_BANKING
PMT0001089,CTR000066,2025-03-01,1931.39,PRE_AUTHORIZED
PMT0001090,CTR000066,2025-04-02,1931.39,ONLINE_BANKING
PMT0001091,CTR000066,2025-05-02,1931.39,PRE_AUTHORIZED
PMT0001092,CTR000066,2025-06-02,1931.39,ONLINE_BANKING
PMT0001093,CTR000066,2025-07-05,1931.39,PRE_AUTHORIZED
PMT0001094,CTR000066,2025-08-04,1931.39,PRE_AUTHORIZED
PMT0001095,CTR000066,2025-09-02,1931.39,PRE_AUTHORIZED
PMT0001096,CTR000066,2025-10-01,1931.39,PRE_AUTHORIZED
PMT0001097,CTR000066,2025-11-02,1931.39,PRE_AUTHORIZED
PMT0001098,CTR000067,2025-08-26,540.09,PRE_AUTHORIZED
PMT0001099,CTR000067,2025-09-05,540.09,CHEQUE
PMT0001100,CTR000067,2025-10-01,540.09,ONLINE_BANKING
PMT0001101,CTR000067,2025-11-05,540.09,PRE_AUTHORIZED
PMT0001102,CTR000067,2025-12-04,540.09,CHEQUE
PMT0001103,CTR000067,2026-01-05,540.09,PRE_AUTHORIZED
PMT0001104,CTR000067,2026-02-01,540.09,CHEQUE
PMT0001105,CTR000067,2026-03-05,540.09,ONLINE_BANKING
PMT0001106,CTR000067,2026-04-05,540.09,PRE_AUTHORIZED
PMT0001107,CTR000067,2026-05-03,540.09,CHEQUE
PMT0001108,CTR000068,2023-08-20,464.75,CHEQUE
PMT0001109,CTR000068,2023-09-06,464.75,PRE_AUTHORIZED
PMT0001110,CTR000068,2023-10-03,464.75,PRE_AUTHORIZED
PMT0001111,CTR000068,2023-11-06,464.75,CHEQUE
PMT0001112,CTR000068,2023-12-01,464.75,CHEQUE
PMT0001113,CTR000068,2024-01-05,464.75,PRE_AUTHORIZED
PMT0001114,CTR000068,2024-02-05,464.75,ONLINE_BANKING
PMT0001115,CTR000068,2024-03-05,464.75,ONLINE_BANKING
PMT0001116,CTR000068,2024-04-03,464.75,PRE_AUTHORIZED
PMT0001117,CTR000068,2024-05-05,464.75,PRE_AUTHORIZED
PMT0001118,CTR000068,2024-06-04,464.75,PRE_AUTHORIZED
PMT0001119,CTR000068,2024-07-05,464.75,PRE_AUTHORIZED
PMT0001120,CTR000068,2024-08-05,464.75,PRE_AUTHORIZED
PMT0001121,CTR000068,2024-09-02,464.75,PRE_AUTHORIZED
PMT0001122,CTR000068,2024-10-02,464.75,PRE_AUTHORIZED
PMT0001123,CTR000068,2024-11-03,464.75,ONLINE_BANKING
PMT0001124,CTR000068,2024-12-03,464.75,CHEQUE
PMT0001125,CTR000068,2025-01-02,464.75,CHEQUE
PMT0001126,CTR000068,2025-02-06,464.75,PRE_AUTHORIZED
PMT0001127,CTR000068,2025-03-05,464.75,CHEQUE
PMT0001128,CTR000068,2025-04-06,464.75,PRE_AUTHORIZED
PMT0001129,CTR000068,2025-05-06,464.75,CHEQUE
PMT0001130,CTR000068,2025-06-02,464.75,PRE_AUTHORIZED
PMT0001131,CTR000068,2025-07-01,464.75,ONLINE_BANKING
PMT0001132,CTR000069,2023-11-02,1517.76,PRE_AUTHORIZED
PMT0001133,CTR000069,2023-11-01,1517.76,PRE_AUTHORIZED
PMT0001134,CTR000069,2023-12-02,1517.76,PRE_AUTHORIZED
PMT0001135,CTR000069,2024-01-02,1517.76,CHEQUE
PMT0001136,CTR000069,2024-02-03,1517.76,PRE_AUTHORIZED
PMT0001137,CTR000069,2024-03-04,1517.76,PRE_AUTHORIZED
PMT0001138,CTR000069,2024-04-03,1517.76,CHEQUE
PMT0001139,CTR000069,2024-05-02,1517.76,ONLINE_BANKING
PMT0001140,CTR000069,2024-06-03,1517.76,ONLINE_BANKING
PMT0001141,CTR000069,2024-07-01,1517.76,CHEQUE
PMT0001142,CTR000069,2024-08-02,1517.76,PRE_AUTHORIZED
PMT0001143,CTR000069,2024-09-06,1517.76,PRE_AUTHORIZED
PMT0001144,CTR000069,2024-10-01,1517.76,ONLINE_BANKING
PMT0001145,CTR000069,2024-11-06,1517.76,CHEQUE
PMT0001146,CTR000069,2024-12-04,1517.76,CHEQUE
PMT0001147,CTR000069,2025-01-05,1517.76,CHEQUE
PMT0001148,CTR000069,2025-02-02,1517.76,PRE_AUTHORIZED
PMT0001149,CTR000069,2025-03-01,1517.76,ONLINE_BANKING
PMT0001150,CTR000069,2025-04-06,1517.76,CHEQUE
PMT0001151,CTR000069,2025-05-01,1517.76,CHEQUE
PMT0001152,CTR000069,2025-06-02,1517.76,PRE_AUTHORIZED
PMT0001153,CTR000069,2025-07-02,1517.76,PRE_AUTHORIZED
PMT0001154,CTR000069,2025-08-01,1517.76,CHEQUE
PMT0001155,CTR000069,2025-09-05,1517.76,ONLINE_BANKING
PMT0001156,CTR000070,2025-09-16,976.64,PRE_AUTHORIZED
PMT0001157,CTR000070,2025-10-02,976.64,PRE_AUTHORIZED
PMT0001158,CTR000070,2025-11-04,976.64,ONLINE_BANKING
PMT0001159,CTR000070,2025-12-03,976.64,CHEQUE
PMT0001160,CTR000070,2026-01-03,976.64,ONLINE_BANKING
PMT0001161,CTR000070,2026-02-04,976.64,ONLINE_BANKING
PMT0001162,CTR000070,2026-03-02,976.64,CHEQUE
PMT0001163,CTR000070,2026-04-02,976.64,CHEQUE
PMT0001164,CTR000070,2026-05-04,976.64,ONLINE_BANKING
PMT0001165,CTR000071,2025-09-11,1605.35,PRE_AUTHORIZED
PMT0001166,CTR000071,2025-10-02,1605.35,ONLINE_BANKING
PMT0001167,CTR000071,2025-11-01,1605.35,PRE_AUTHORIZED
PMT0001168,CTR000071,2025-12-02,1605.35,ONLINE_BANKING
PMT0001169,CTR000071,2026-01-04,1605.35,CHEQUE
PMT0001170,CTR000071,2026-02-06,1605.35,ONLINE_BANKING
PMT0001171,CTR000071,2026-03-05,1605.35,CHEQUE
PMT0001172,CTR000071,2026-04-06,1605.35,PRE_AUTHORIZED
PMT0001173,CTR000071,2026-05-05,1605.35,CHEQUE
PMT0001174,CTR000072,2026-02-12,1981.91,CHEQUE
PMT0001175,CTR000072,2026-03-06,1981.91,CHEQUE
PMT0001176,CTR000072,2026-04-02,1981.91,CHEQUE
PMT0001177,CTR000072,2026-05-03,1981.91,CHEQUE
PMT0001178,CTR000073,2023-07-07,499.64,PRE_AUTHORIZED
PMT0001179,CTR000073,2023-08-03,499.64,ONLINE_BANKING
PMT0001180,CTR000073,2023-09-02,499.64,ONLINE_BANKING
PMT0001181,CTR000073,2023-10-03,499.64,CHEQUE
PMT0001182,CTR000073,2023-11-02,499.64,ONLINE_BANKING
PMT0001183,CTR000073,2023-12-01,499.64,CHEQUE
PMT0001184,CTR000073,2024-01-01,499.64,CHEQUE
PMT0001185,CTR000073,2024-02-06,499.64,CHEQUE
PMT0001186,CTR000073,2024-03-01,499.64,ONLINE_BANKING
PMT0001187,CTR000073,2024-04-03,499.64,ONLINE_BANKING
PMT0001188,CTR000073,2024-05-06,499.64,ONLINE_BANKING
PMT0001189,CTR000073,2024-06-05,499.64,CHEQUE
PMT0001190,CTR000073,2024-07-03,499.64,ONLINE_BANKING
PMT0001191,CTR000073,2024-08-06,499.64,CHEQUE
PMT0001192,CTR000073,2024-09-03,499.64,CHEQUE
PMT0001193,CTR000073,2024-10-06,499.64,ONLINE_BANKING
PMT0001194,CTR000073,2024-11-03,499.64,PRE_AUTHORIZED
PMT0001195,CTR000073,2024-12-05,499.64,ONLINE_BANKING
PMT0001196,CTR000073,2025-01-03,499.64,ONLINE_BANKING
PMT0001197,CTR000073,2025-02-06,499.64,CHEQUE
PMT0001198,CTR000073,2025-03-04,499.64,PRE_AUTHORIZED
PMT0001199,CTR000073,2025-04-03,499.64,PRE_AUTHORIZED
PMT0001200,CTR000073,2025-05-03,499.64,ONLINE_BANKING
PMT0001201,CTR000073,2025-06-01,499.64,CHEQUE
PMT0001202,CTR000074,2023-07-20,346.24,CHEQUE
PMT0001203,CTR000074,2023-08-03,346.24,CHEQUE
PMT0001204,CTR000074,2023-09-03,346.24,ONLINE_BANKING
PMT0001205,CTR000074,2023-10-02,346.24,PRE_AUTHORIZED
PMT0001206,CTR000074,2023-11-03,346.24,PRE_AUTHORIZED
PMT0001207,CTR000074,2023-12-06,346.24,CHEQUE
PMT0001208,CTR000074,2024-01-03,346.24,PRE_AUTHORIZED
PMT0001209,CTR000074,2024-02-03,346.24,PRE_AUTHORIZED
PMT0001210,CTR000074,2024-03-03,346.24,CHEQUE
PMT0001211,CTR000074,2024-04-02,346.24,PRE_AUTHORIZED
PMT0001212,CTR000074,2024-05-02,346.24,ONLINE_BANKING
PMT0001213,CTR000074,2024-06-03,346.24,ONLINE_BANKING
PMT0001214,CTR000074,2024-07-02,346.24,CHEQUE
PMT0001215,CTR000074,2024-08-04,346.24,CHEQUE
PMT0001216,CTR000074,2024-09-06,346.24,ONLINE_BANKING
PMT0001217,CTR000074,2024-10-06,346.24,PRE_AUTHORIZED
PMT0001218,CTR000074,2024-11-06,346.24,CHEQUE
PMT0001219,CTR000074,2024-12-05,346.24,ONLINE_BANKING
PMT0001220,CTR000074,2025-01-02,346.24,PRE_AUTHORIZED
PMT0001221,CTR000074,2025-02-05,346.24,ONLINE_BANKING
PMT0001222,CTR000074,2025-03-05,346.24,ONLINE_BANKING
PMT0001223,CTR000074,2025-04-02,346.24,ONLINE_BANKING
PMT0001224,CTR000074,2025-05-06,346.24,ONLINE_BANKING
PMT0001225,CTR000074,2025-06-02,346.24,ONLINE_BANKING
PMT0001226,CTR000075,2024-08-24,337.48,PRE_AUTHORIZED
PMT0001227,CTR000075,2024-09-02,337.48,CHEQUE
PMT0001228,CTR000075,2024-10-06,337.48,CHEQUE
PMT0001229,CTR000075,2024-11-04,337.48,ONLINE_BANKING
PMT0001230,CTR000075,2024-12-02,337.48,PRE_AUTHORIZED
PMT0001231,CTR000075,2025-01-04,337.48,ONLINE_BANKING
PMT0001232,CTR000075,2025-02-04,337.48,ONLINE_BANKING
PMT0001233,CTR000075,2025-03-04,337.48,PRE_AUTHORIZED
PMT0001234,CTR000075,2025-04-01,337.48,PRE_AUTHORIZED
PMT0001235,CTR000075,2025-05-01,337.48,CHEQUE
PMT0001236,CTR000075,2025-06-06,337.48,CHEQUE
PMT0001237,CTR000075,2025-07-02,337.48,ONLINE_BANKING
PMT0001238,CTR000075,2025-08-01,337.48,PRE_AUTHORIZED
PMT0001239,CTR000075,2025-09-03,337.48,ONLINE_BANKING
PMT0001240,CTR000075,2025-10-06,337.48,PRE_AUTHORIZED
PMT0001241,CTR000075,2025-11-04,337.48,CHEQUE
PMT0001242,CTR000075,2025-12-02,337.48,PRE_AUTHORIZED
PMT0001243,CTR000075,2026-01-03,337.48,ONLINE_BANKING
PMT0001244,CTR000075,2026-02-02,337.48,PRE_AUTHORIZED
PMT0001245,CTR000075,2026-03-05,337.48,ONLINE_BANKING
PMT0001246,CTR000075,2026-04-05,337.48,CHEQUE
PMT0001247,CTR000075,2026-05-02,337.48,ONLINE_BANKING
PMT0001248,CTR000076,2025-01-03,1380.07,ONLINE_BANKING
PMT0001249,CTR000076,2025-02-03,1380.07,CHEQUE
PMT0001250,CTR000076,2025-03-04,1380.07,PRE_AUTHORIZED
PMT0001251,CTR000076,2025-04-01,1380.07,CHEQUE
PMT0001252,CTR000076,2025-05-05,1380.07,CHEQUE
PMT0001253,CTR000076,2025-06-04,1380.07,PRE_AUTHORIZED
PMT0001254,CTR000076,2025-07-06,1380.07,ONLINE_BANKING
PMT0001255,CTR000076,2025-08-03,1380.07,CHEQUE
PMT0001256,CTR000076,2025-09-02,1380.07,PRE_AUTHORIZED
PMT0001257,CTR000076,2025-10-06,1380.07,CHEQUE
PMT0001258,CTR000076,2025-11-04,1380.07,PRE_AUTHORIZED
PMT0001259,CTR000076,2025-12-02,1380.07,CHEQUE
PMT0001260,CTR000076,2026-01-02,1380.07,PRE_AUTHORIZED
PMT0001261,CTR000076,2026-02-04,1380.07,CHEQUE
PMT0001262,CTR000076,2026-03-02,1380.07,ONLINE_BANKING
PMT0001263,CTR000076,2026-04-02,1380.07,ONLINE_BANKING
PMT0001264,CTR000076,2026-05-05,1380.07,ONLINE_BANKING
PMT0001265,CTR000077,2024-03-29,1274.06,ONLINE_BANKING
PMT0001266,CTR000077,2024-04-04,1274.06,CHEQUE
PMT0001267,CTR000077,2024-05-01,1274.06,CHEQUE
PMT0001268,CTR000077,2024-06-02,1274.06,ONLINE_BANKING
PMT0001269,CTR000077,2024-07-04,1274.06,PRE_AUTHORIZED
PMT0001270,CTR000077,2024-08-01,1274.06,ONLINE_BANKING
PMT0001271,CTR000077,2024-09-05,1274.06,PRE_AUTHORIZED
PMT0001272,CTR000077,2024-10-05,1274.06,CHEQUE
PMT0001273,CTR000077,2024-11-02,1274.06,CHEQUE
PMT0001274,CTR000077,2024-12-04,1274.06,CHEQUE
PMT0001275,CTR000077,2025-01-06,1274.06,ONLINE_BANKING
PMT0001276,CTR000077,2025-02-03,1274.06,CHEQUE
PMT0001277,CTR000077,2025-03-04,1274.06,ONLINE_BANKING
PMT0001278,CTR000077,2025-04-04,1274.06,ONLINE_BANKING
PMT0001279,CTR000077,2025-05-02,1274.06,PRE_AUTHORIZED
PMT0001280,CTR000077,2025-06-02,1274.06,PRE_AUTHORIZED
PMT0001281,CTR000077,2025-07-06,1274.06,CHEQUE
PMT0001282,CTR000077,2025-08-05,1274.06,ONLINE_BANKING
PMT0001283,CTR000077,2025-09-02,1274.06,ONLINE_BANKING
PMT0001284,CTR000077,2025-10-06,1274.06,CHEQUE
PMT0001285,CTR000077,2025-11-06,1274.06,CHEQUE
PMT0001286,CTR000077,2025-12-06,1274.06,PRE_AUTHORIZED
PMT0001287,CTR000077,2026-01-03,1274.06,ONLINE_BANKING
PMT0001288,CTR000077,2026-02-05,1274.06,ONLINE_BANKING
PMT0001289,CTR000078,2025-09-15,1204.53,CHEQUE
PMT0001290,CTR000078,2025-10-04,1204.53,PRE_AUTHORIZED
PMT0001291,CTR000078,2025-11-01,1204.53,CHEQUE
PMT0001292,CTR000078,2025-12-06,1204.53,ONLINE_BANKING
PMT0001293,CTR000078,2026-01-02,1204.53,PRE_AUTHORIZED
PMT0001294,CTR000078,2026-02-03,1204.53,PRE_AUTHORIZED
PMT0001295,CTR000078,2026-03-03,1204.53,PRE_AUTHORIZED
PMT0001296,CTR000078,2026-04-03,1204.53,PRE_AUTHORIZED
PMT0001297,CTR000078,2026-05-01,1204.53,PRE_AUTHORIZED
PMT0001298,CTR000080,2024-09-26,453.31,ONLINE_BANKING
PMT0001299,CTR000080,2024-10-03,453.31,ONLINE_BANKING
PMT0001300,CTR000080,2024-11-03,453.31,CHEQUE
PMT0001301,CTR000080,2024-12-06,453.31,CHEQUE
PMT0001302,CTR000080,2025-01-04,453.31,CHEQUE
PMT0001303,CTR000080,2025-02-01,453.31,CHEQUE
PMT0001304,CTR000080,2025-03-06,453.31,ONLINE_BANKING
PMT0001305,CTR000080,2025-04-03,453.31,PRE_AUTHORIZED
PMT0001306,CTR000080,2025-05-06,453.31,PRE_AUTHORIZED
PMT0001307,CTR000080,2025-06-04,453.31,CHEQUE
PMT0001308,CTR000080,2025-07-05,453.31,ONLINE_BANKING
PMT0001309,CTR000080,2025-08-04,453.31,ONLINE_BANKING
PMT0001310,CTR000080,2025-09-01,453.31,ONLINE_BANKING
PMT0001311,CTR000080,2025-10-02,453.31,PRE_AUTHORIZED
PMT0001312,CTR000080,2025-11-04,453.31,PRE_AUTHORIZED
PMT0001313,CTR000080,2025-12-01,453.31,CHEQUE
PMT0001314,CTR000080,2026-01-04,453.31,PRE_AUTHORIZED
PMT0001315,CTR000080,2026-02-06,453.31,PRE_AUTHORIZED
PMT0001316,CTR000080,2026-03-01,453.31,PRE_AUTHORIZED
PMT0001317,CTR000080,2026-04-06,453.31,ONLINE_BANKING
PMT0001318,CTR000080,2026-05-05,453.31,ONLINE_BANKING
PMT0001319,CTR000081,2025-09-17,970.57,PRE_AUTHORIZED
PMT0001320,CTR000081,2025-10-04,970.57,ONLINE_BANKING
PMT0001321,CTR000081,2025-11-05,970.57,PRE_AUTHORIZED
PMT0001322,CTR000081,2025-12-06,970.57,ONLINE_BANKING
PMT0001323,CTR000081,2026-01-01,970.57,ONLINE_BANKING
PMT0001324,CTR000081,2026-02-06,970.57,CHEQUE
PMT0001325,CTR000081,2026-03-05,970.57,CHEQUE
PMT0001326,CTR000081,2026-04-05,970.57,ONLINE_BANKING
PMT0001327,CTR000081,2026-05-06,970.57,PRE_AUTHORIZED
PMT0001328,CTR000082,2023-07-21,967.36,ONLINE_BANKING
PMT0001329,CTR000082,2023-08-05,967.36,CHEQUE
PMT0001330,CTR000082,2023-09-05,967.36,CHEQUE
PMT0001331,CTR000082,2023-10-02,967.36,PRE_AUTHORIZED
PMT0001332,CTR000082,2023-11-02,967.36,PRE_AUTHORIZED
PMT0001333,CTR000082,2023-12-03,967.36,PRE_AUTHORIZED
PMT0001334,CTR000082,2024-01-04,967.36,ONLINE_BANKING
PMT0001335,CTR000082,2024-02-03,967.36,CHEQUE
PMT0001336,CTR000082,2024-03-03,967.36,ONLINE_BANKING
PMT0001337,CTR000082,2024-04-01,967.36,PRE_AUTHORIZED
PMT0001338,CTR000082,2024-05-05,967.36,ONLINE_BANKING
PMT0001339,CTR000082,2024-06-03,967.36,CHEQUE
PMT0001340,CTR000082,2024-07-04,967.36,ONLINE_BANKING
PMT0001341,CTR000082,2024-08-05,967.36,ONLINE_BANKING
PMT0001342,CTR000082,2024-09-03,967.36,PRE_AUTHORIZED
PMT0001343,CTR000082,2024-10-02,967.36,ONLINE_BANKING
PMT0001344,CTR000082,2024-11-04,967.36,CHEQUE
PMT0001345,CTR000082,2024-12-03,967.36,ONLINE_BANKING
PMT0001346,CTR000082,2025-01-02,967.36,ONLINE_BANKING
PMT0001347,CTR000082,2025-02-02,967.36,ONLINE_BANKING
PMT0001348,CTR000082,2025-03-05,967.36,CHEQUE
PMT0001349,CTR000082,2025-04-03,967.36,CHEQUE
PMT0001350,CTR000082,2025-05-02,967.36,ONLINE_BANKING
PMT0001351,CTR000082,2025-06-01,967.36,CHEQUE
PMT0001352,CTR000083,2023-08-03,695.76,CHEQUE
PMT0001353,CTR000083,2023-09-04,695.76,CHEQUE
PMT0001354,CTR000083,2023-10-03,695.76,PRE_AUTHORIZED
PMT0001355,CTR000083,2023-11-02,695.76,ONLINE_BANKING
PMT0001356,CTR000083,2023-12-02,695.76,ONLINE_BANKING
PMT0001357,CTR000083,2024-01-01,695.76,ONLINE_BANKING
PMT0001358,CTR000083,2024-02-05,695.76,CHEQUE
PMT0001359,CTR000083,2024-03-05,695.76,ONLINE_BANKING
PMT0001360,CTR000083,2024-04-03,695.76,ONLINE_BANKING
PMT0001361,CTR000083,2024-05-04,695.76,PRE_AUTHORIZED
PMT0001362,CTR000083,2024-06-03,695.76,ONLINE_BANKING
PMT0001363,CTR000083,2024-07-03,695.76,CHEQUE
PMT0001364,CTR000083,2024-08-06,695.76,ONLINE_BANKING
PMT0001365,CTR000083,2024-09-03,695.76,CHEQUE
PMT0001366,CTR000083,2024-10-05,695.76,CHEQUE
PMT0001367,CTR000083,2024-11-05,695.76,PRE_AUTHORIZED
PMT0001368,CTR000083,2024-12-03,695.76,ONLINE_BANKING
PMT0001369,CTR000083,2025-01-03,695.76,PRE_AUTHORIZED
PMT0001370,CTR000083,2025-02-03,695.76,ONLINE_BANKING
PMT0001371,CTR000083,2025-03-05,695.76,CHEQUE
PMT0001372,CTR000083,2025-04-06,695.76,CHEQUE
PMT0001373,CTR000083,2025-05-02,695.76,PRE_AUTHORIZED
PMT0001374,CTR000083,2025-06-05,695.76,ONLINE_BANKING
PMT0001375,CTR000083,2025-07-06,695.76,ONLINE_BANKING
PMT0001376,CTR000084,2023-09-17,1416.75,PRE_AUTHORIZED
PMT0001377,CTR000084,2023-10-01,1416.75,PRE_AUTHORIZED
PMT0001378,CTR000084,2023-11-05,1416.75,ONLINE_BANKING
PMT0001379,CTR000084,2023-12-06,1416.75,PRE_AUTHORIZED
PMT0001380,CTR000084,2024-01-04,1416.75,PRE_AUTHORIZED
PMT0001381,CTR000084,2024-02-03,1416.75,CHEQUE
PMT0001382,CTR000084,2024-03-03,1416.75,CHEQUE
PMT0001383,CTR000084,2024-04-04,1416.75,ONLINE_BANKING
PMT0001384,CTR000084,2024-05-05,1416.75,PRE_AUTHORIZED
PMT0001385,CTR000084,2024-06-02,1416.75,PRE_AUTHORIZED
PMT0001386,CTR000084,2024-07-01,1416.75,ONLINE_BANKING
PMT0001387,CTR000084,2024-08-04,1416.75,ONLINE_BANKING
PMT0001388,CTR000084,2024-09-01,1416.75,PRE_AUTHORIZED
PMT0001389,CTR000084,2024-10-02,1416.75,CHEQUE
PMT0001390,CTR000084,2024-11-02,1416.75,CHEQUE
PMT0001391,CTR000084,2024-12-01,1416.75,PRE_AUTHORIZED
PMT0001392,CTR000084,2025-01-02,1416.75,CHEQUE
PMT0001393,CTR000084,2025-02-03,1416.75,ONLINE_BANKING
PMT0001394,CTR000084,2025-03-05,1416.75,CHEQUE
PMT0001395,CTR000084,2025-04-02,1416.75,ONLINE_BANKING
PMT0001396,CTR000084,2025-05-06,1416.75,CHEQUE
PMT0001397,CTR000084,2025-06-01,1416.75,CHEQUE
PMT0001398,CTR000084,2025-07-01,1416.75,CHEQUE
PMT0001399,CTR000084,2025-08-01,1416.75,ONLINE_BANKING
PMT0001400,CTR000085,2024-03-03,925.05,PRE_AUTHORIZED
PMT0001401,CTR000085,2024-03-02,925.05,CHEQUE
PMT0001402,CTR000085,2024-04-01,925.05,PRE_AUTHORIZED
PMT0001403,CTR000085,2024-05-02,925.05,PRE_AUTHORIZED
PMT0001404,CTR000085,2024-06-02,925.05,CHEQUE
PMT0001405,CTR000085,2024-07-01,925.05,PRE_AUTHORIZED
PMT0001406,CTR000085,2024-08-04,925.05,ONLINE_BANKING
PMT0001407,CTR000085,2024-09-04,925.05,PRE_AUTHORIZED
PMT0001408,CTR000085,2024-10-01,925.05,ONLINE_BANKING
PMT0001409,CTR000085,2024-11-04,925.05,CHEQUE
PMT0001410,CTR000085,2024-12-05,925.05,CHEQUE
PMT0001411,CTR000085,2025-01-06,925.05,ONLINE_BANKING
PMT0001412,CTR000085,2025-02-05,925.05,PRE_AUTHORIZED
PMT0001413,CTR000085,2025-03-03,925.05,CHEQUE
PMT0001414,CTR000085,2025-04-02,925.05,CHEQUE
PMT0001415,CTR000085,2025-05-04,925.05,CHEQUE
PMT0001416,CTR000085,2025-06-02,925.05,CHEQUE
PMT0001417,CTR000085,2025-07-06,925.05,ONLINE_BANKING
PMT0001418,CTR000085,2025-08-03,925.05,PRE_AUTHORIZED
PMT0001419,CTR000085,2025-09-02,925.05,PRE_AUTHORIZED
PMT0001420,CTR000085,2025-10-03,925.05,PRE_AUTHORIZED
PMT0001421,CTR000085,2025-11-05,925.05,ONLINE_BANKING
PMT0001422,CTR000085,2025-12-02,925.05,PRE_AUTHORIZED
PMT0001423,CTR000085,2026-01-05,925.05,ONLINE_BANKING
PMT0001424,CTR000086,2024-09-14,230.76,PRE_AUTHORIZED
PMT0001425,CTR000086,2024-10-05,230.76,PRE_AUTHORIZED
PMT0001426,CTR000086,2024-11-02,230.76,PRE_AUTHORIZED
PMT0001427,CTR000086,2024-12-02,230.76,ONLINE_BANKING
PMT0001428,CTR000086,2025-01-01,230.76,PRE_AUTHORIZED
PMT0001429,CTR000086,2025-02-01,230.76,PRE_AUTHORIZED
PMT0001430,CTR000086,2025-03-03,230.76,ONLINE_BANKING
PMT0001431,CTR000086,2025-04-01,230.76,CHEQUE
PMT0001432,CTR000086,2025-05-06,230.76,ONLINE_BANKING
PMT0001433,CTR000086,2025-06-03,230.76,PRE_AUTHORIZED
PMT0001434,CTR000086,2025-07-04,230.76,PRE_AUTHORIZED
PMT0001435,CTR000086,2025-08-05,230.76,CHEQUE
PMT0001436,CTR000086,2025-09-03,230.76,PRE_AUTHORIZED
PMT0001437,CTR000086,2025-10-01,230.76,PRE_AUTHORIZED
PMT0001438,CTR000086,2025-11-03,230.76,PRE_AUTHORIZED
PMT0001439,CTR000086,2025-12-02,230.76,CHEQUE
PMT0001440,CTR000086,2026-01-03,230.76,ONLINE_BANKING
PMT0001441,CTR000086,2026-02-01,230.76,PRE_AUTHORIZED
PMT0001442,CTR000086,2026-03-02,230.76,PRE_AUTHORIZED
PMT0001443,CTR000086,2026-04-03,230.76,ONLINE_BANKING
PMT0001444,CTR000086,2026-05-06,230.76,PRE_AUTHORIZED
PMT0001445,CTR000087,2023-07-14,650.4,PRE_AUTHORIZED
PMT0001446,CTR000087,2023-08-03,650.4,PRE_AUTHORIZED
PMT0001447,CTR000087,2023-09-06,650.4,ONLINE_BANKING
PMT0001448,CTR000087,2023-10-03,650.4,CHEQUE
PMT0001449,CTR000087,2023-11-04,650.4,CHEQUE
PMT0001450,CTR000087,2023-12-01,650.4,ONLINE_BANKING
PMT0001451,CTR000087,2024-01-06,650.4,ONLINE_BANKING
PMT0001452,CTR000087,2024-02-03,650.4,ONLINE_BANKING
PMT0001453,CTR000087,2024-03-05,650.4,PRE_AUTHORIZED
PMT0001454,CTR000087,2024-04-01,650.4,ONLINE_BANKING
PMT0001455,CTR000087,2024-05-05,650.4,PRE_AUTHORIZED
PMT0001456,CTR000087,2024-06-04,650.4,PRE_AUTHORIZED
PMT0001457,CTR000087,2024-07-04,650.4,CHEQUE
PMT0001458,CTR000087,2024-08-05,650.4,PRE_AUTHORIZED
PMT0001459,CTR000087,2024-09-03,650.4,CHEQUE
PMT0001460,CTR000087,2024-10-06,650.4,ONLINE_BANKING
PMT0001461,CTR000087,2024-11-05,650.4,ONLINE_BANKING
PMT0001462,CTR000087,2024-12-05,650.4,CHEQUE
PMT0001463,CTR000087,2025-01-02,650.4,ONLINE_BANKING
PMT0001464,CTR000087,2025-02-02,650.4,ONLINE_BANKING
PMT0001465,CTR000087,2025-03-01,650.4,PRE_AUTHORIZED
PMT0001466,CTR000087,2025-04-01,650.4,PRE_AUTHORIZED
PMT0001467,CTR000087,2025-05-01,650.4,CHEQUE
PMT0001468,CTR000087,2025-06-05,650.4,PRE_AUTHORIZED
PMT0001469,CTR000088,2025-03-12,1313.51,CHEQUE
PMT0001470,CTR000088,2025-04-04,1313.51,PRE_AUTHORIZED
PMT0001471,CTR000088,2025-05-04,1313.51,ONLINE_BANKING
PMT0001472,CTR000088,2025-06-06,1313.51,PRE_AUTHORIZED
PMT0001473,CTR000088,2025-07-03,1313.51,PRE_AUTHORIZED
PMT0001474,CTR000088,2025-08-05,1313.51,CHEQUE
PMT0001475,CTR000088,2025-09-03,1313.51,PRE_AUTHORIZED
PMT0001476,CTR000088,2025-10-06,1313.51,PRE_AUTHORIZED
PMT0001477,CTR000088,2025-11-02,1313.51,PRE_AUTHORIZED
PMT0001478,CTR000088,2025-12-04,1313.51,ONLINE_BANKING
PMT0001479,CTR000088,2026-01-02,1313.51,PRE_AUTHORIZED
PMT0001480,CTR000088,2026-02-02,1313.51,PRE_AUTHORIZED
PMT0001481,CTR000088,2026-03-02,1313.51,PRE_AUTHORIZED
PMT0001482,CTR000088,2026-04-02,1313.51,ONLINE_BANKING
PMT0001483,CTR000088,2026-05-06,1313.51,ONLINE_BANKING
PMT0001484,CTR000089,2025-04-23,927.27,PRE_AUTHORIZED
PMT0001485,CTR000089,2025-05-03,927.27,ONLINE_BANKING
PMT0001486,CTR000089,2025-06-01,927.27,ONLINE_BANKING
PMT0001487,CTR000089,2025-07-05,927.27,ONLINE_BANKING
PMT0001488,CTR000089,2025-08-05,927.27,ONLINE_BANKING
PMT0001489,CTR000089,2025-09-01,927.27,PRE_AUTHORIZED
PMT0001490,CTR000089,2025-10-05,927.27,CHEQUE
PMT0001491,CTR000089,2025-11-05,927.27,CHEQUE
PMT0001492,CTR000089,2025-12-05,927.27,ONLINE_BANKING
PMT0001493,CTR000089,2026-01-06,927.27,ONLINE_BANKING
PMT0001494,CTR000089,2026-02-05,927.27,CHEQUE
PMT0001495,CTR000089,2026-03-04,927.27,ONLINE_BANKING
PMT0001496,CTR000089,2026-04-02,927.27,PRE_AUTHORIZED
PMT0001497,CTR000089,2026-05-05,927.27,CHEQUE
PMT0001498,CTR000090,2026-05-08,903.55,ONLINE_BANKING
PMT0001499,CTR000091,2024-06-16,974.91,PRE_AUTHORIZED
PMT0001500,CTR000091,2024-07-04,974.91,ONLINE_BANKING
PMT0001501,CTR000091,2024-08-02,974.91,CHEQUE
PMT0001502,CTR000091,2024-09-06,974.91,ONLINE_BANKING
PMT0001503,CTR000091,2024-10-02,974.91,PRE_AUTHORIZED
PMT0001504,CTR000091,2024-11-01,974.91,PRE_AUTHORIZED
PMT0001505,CTR000091,2024-12-04,974.91,PRE_AUTHORIZED
PMT0001506,CTR000091,2025-01-03,974.91,ONLINE_BANKING
PMT0001507,CTR000091,2025-02-06,974.91,CHEQUE
PMT0001508,CTR000091,2025-03-04,974.91,PRE_AUTHORIZED
PMT0001509,CTR000091,2025-04-06,974.91,PRE_AUTHORIZED
PMT0001510,CTR000091,2025-05-02,974.91,CHEQUE
PMT0001511,CTR000091,2025-06-06,974.91,PRE_AUTHORIZED
PMT0001512,CTR000091,2025-07-01,974.91,ONLINE_BANKING
PMT0001513,CTR000091,2025-08-05,974.91,CHEQUE
PMT0001514,CTR000091,2025-09-05,974.91,ONLINE_BANKING
PMT0001515,CTR000091,2025-10-02,974.91,CHEQUE
PMT0001516,CTR000091,2025-11-06,974.91,CHEQUE
PMT0001517,CTR000091,2025-12-01,974.91,PRE_AUTHORIZED
PMT0001518,CTR000091,2026-01-05,974.91,PRE_AUTHORIZED
PMT0001519,CTR000091,2026-02-02,974.91,PRE_AUTHORIZED
PMT0001520,CTR000091,2026-03-01,974.91,PRE_AUTHORIZED
PMT0001521,CTR000091,2026-04-01,974.91,PRE_AUTHORIZED
PMT0001522,CTR000091,2026-05-03,974.91,CHEQUE
PMT0001523,CTR000092,2025-01-13,708.14,PRE_AUTHORIZED
PMT0001524,CTR000092,2025-02-05,708.14,ONLINE_BANKING
PMT0001525,CTR000092,2025-03-04,708.14,ONLINE_BANKING
PMT0001526,CTR000092,2025-04-01,708.14,CHEQUE
PMT0001527,CTR000092,2025-05-03,708.14,ONLINE_BANKING
PMT0001528,CTR000092,2025-06-01,708.14,ONLINE_BANKING
PMT0001529,CTR000092,2025-07-03,708.14,PRE_AUTHORIZED
PMT0001530,CTR000092,2025-08-06,708.14,PRE_AUTHORIZED
PMT0001531,CTR000092,2025-09-02,708.14,CHEQUE
PMT0001532,CTR000092,2025-10-04,708.14,ONLINE_BANKING
PMT0001533,CTR000092,2025-11-04,708.14,PRE_AUTHORIZED
PMT0001534,CTR000092,2025-12-05,708.14,ONLINE_BANKING
PMT0001535,CTR000092,2026-01-04,708.14,CHEQUE
PMT0001536,CTR000092,2026-02-04,708.14,CHEQUE
PMT0001537,CTR000092,2026-03-06,708.14,PRE_AUTHORIZED
PMT0001538,CTR000092,2026-04-06,708.14,PRE_AUTHORIZED
PMT0001539,CTR000092,2026-05-06,708.14,PRE_AUTHORIZED
PMT0001540,CTR000093,2025-04-08,1064.46,PRE_AUTHORIZED
PMT0001541,CTR000093,2025-05-03,1064.46,CHEQUE
PMT0001542,CTR000093,2025-06-02,1064.46,CHEQUE
PMT0001543,CTR000093,2025-07-02,1064.46,PRE_AUTHORIZED
PMT0001544,CTR000093,2025-08-04,1064.46,CHEQUE
PMT0001545,CTR000093,2025-09-05,1064.46,CHEQUE
PMT0001546,CTR000093,2025-10-01,1064.46,ONLINE_BANKING
PMT0001547,CTR000093,2025-11-04,1064.46,PRE_AUTHORIZED
PMT0001548,CTR000093,2025-12-04,1064.46,CHEQUE
PMT0001549,CTR000093,2026-01-05,1064.46,ONLINE_BANKING
PMT0001550,CTR000093,2026-02-05,1064.46,PRE_AUTHORIZED
PMT0001551,CTR000093,2026-03-05,1064.46,CHEQUE
PMT0001552,CTR000093,2026-04-06,1064.46,CHEQUE
PMT0001553,CTR000093,2026-05-04,1064.46,ONLINE_BANKING
PMT0001554,CTR000094,2024-01-07,212.78,PRE_AUTHORIZED
PMT0001555,CTR000094,2024-02-02,212.78,CHEQUE
PMT0001556,CTR000094,2024-03-03,212.78,PRE_AUTHORIZED
PMT0001557,CTR000094,2024-04-02,212.78,PRE_AUTHORIZED
PMT0001558,CTR000094,2024-05-01,212.78,ONLINE_BANKING
PMT0001559,CTR000094,2024-06-03,212.78,PRE_AUTHORIZED
PMT0001560,CTR000094,2024-07-02,212.78,CHEQUE
PMT0001561,CTR000094,2024-08-03,212.78,CHEQUE
PMT0001562,CTR000094,2024-09-04,212.78,CHEQUE
PMT0001563,CTR000094,2024-10-05,212.78,CHEQUE
PMT0001564,CTR000094,2024-11-04,212.78,CHEQUE
PMT0001565,CTR000094,2024-12-02,212.78,ONLINE_BANKING
PMT0001566,CTR000094,2025-01-02,212.78,PRE_AUTHORIZED
PMT0001567,CTR000094,2025-02-05,212.78,PRE_AUTHORIZED
PMT0001568,CTR000094,2025-03-05,212.78,CHEQUE
PMT0001569,CTR000094,2025-04-06,212.78,PRE_AUTHORIZED
PMT0001570,CTR000094,2025-05-04,212.78,ONLINE_BANKING
PMT0001571,CTR000094,2025-06-01,212.78,CHEQUE
PMT0001572,CTR000094,2025-07-01,212.78,CHEQUE
PMT0001573,CTR000094,2025-08-04,212.78,PRE_AUTHORIZED
PMT0001574,CTR000094,2025-09-01,212.78,PRE_AUTHORIZED
PMT0001575,CTR000094,2025-10-03,212.78,PRE_AUTHORIZED
PMT0001576,CTR000094,2025-11-02,212.78,PRE_AUTHORIZED
PMT0001577,CTR000094,2025-12-02,212.78,PRE_AUTHORIZED
PMT0001578,CTR000095,2023-02-27,655.71,CHEQUE
PMT0001579,CTR000095,2023-03-03,655.71,PRE_AUTHORIZED
PMT0001580,CTR000095,2023-04-05,655.71,CHEQUE
PMT0001581,CTR000095,2023-05-05,655.71,ONLINE_BANKING
PMT0001582,CTR000095,2023-06-06,655.71,CHEQUE
PMT0001583,CTR000095,2023-07-04,655.71,ONLINE_BANKING
PMT0001584,CTR000095,2023-08-01,655.71,ONLINE_BANKING
PMT0001585,CTR000095,2023-09-06,655.71,ONLINE_BANKING
PMT0001586,CTR000095,2023-10-02,655.71,PRE_AUTHORIZED
PMT0001587,CTR000095,2023-11-05,655.71,CHEQUE
PMT0001588,CTR000095,2023-12-06,655.71,ONLINE_BANKING
PMT0001589,CTR000095,2024-01-01,655.71,CHEQUE
PMT0001590,CTR000095,2024-02-05,655.71,ONLINE_BANKING
PMT0001591,CTR000095,2024-03-01,655.71,ONLINE_BANKING
PMT0001592,CTR000095,2024-04-06,655.71,PRE_AUTHORIZED
PMT0001593,CTR000095,2024-05-05,655.71,ONLINE_BANKING
PMT0001594,CTR000095,2024-06-05,655.71,CHEQUE
PMT0001595,CTR000095,2024-07-06,655.71,ONLINE_BANKING
PMT0001596,CTR000095,2024-08-04,655.71,PRE_AUTHORIZED
PMT0001597,CTR000095,2024-09-01,655.71,CHEQUE
PMT0001598,CTR000095,2024-10-02,655.71,CHEQUE
PMT0001599,CTR000095,2024-11-03,655.71,CHEQUE
PMT0001600,CTR000095,2024-12-04,655.71,CHEQUE
PMT0001601,CTR000095,2025-01-02,655.71,CHEQUE
PMT0001602,CTR000096,2024-10-30,321.82,CHEQUE
PMT0001603,CTR000096,2024-11-05,321.82,PRE_AUTHORIZED
PMT0001604,CTR000096,2024-12-02,321.82,CHEQUE
PMT0001605,CTR000096,2025-01-04,321.82,CHEQUE
PMT0001606,CTR000096,2025-02-04,321.82,CHEQUE
PMT0001607,CTR000096,2025-03-02,321.82,CHEQUE
PMT0001608,CTR000096,2025-04-01,321.82,ONLINE_BANKING
PMT0001609,CTR000096,2025-05-04,321.82,PRE_AUTHORIZED
PMT0001610,CTR000096,2025-06-04,321.82,ONLINE_BANKING
PMT0001611,CTR000096,2025-07-03,321.82,PRE_AUTHORIZED
PMT0001612,CTR000096,2025-08-05,321.82,CHEQUE
PMT0001613,CTR000096,2025-09-01,321.82,CHEQUE
PMT0001614,CTR000096,2025-10-04,321.82,ONLINE_BANKING
PMT0001615,CTR000096,2025-11-04,321.82,ONLINE_BANKING
PMT0001616,CTR000096,2025-12-06,321.82,CHEQUE
PMT0001617,CTR000096,2026-01-03,321.82,ONLINE_BANKING
PMT0001618,CTR000096,2026-02-05,321.82,PRE_AUTHORIZED
PMT0001619,CTR000096,2026-03-05,321.82,ONLINE_BANKING
PMT0001620,CTR000096,2026-04-04,321.82,PRE_AUTHORIZED
PMT0001621,CTR000096,2026-05-04,321.82,CHEQUE
PMT0001622,CTR000097,2023-01-24,999.67,ONLINE_BANKING
PMT0001623,CTR000097,2023-02-05,999.67,CHEQUE
PMT0001624,CTR000097,2023-03-03,999.67,PRE_AUTHORIZED
PMT0001625,CTR000097,2023-04-02,999.67,CHEQUE
PMT0001626,CTR000097,2023-05-04,999.67,PRE_AUTHORIZED
PMT0001627,CTR000097,2023-06-02,999.67,PRE_AUTHORIZED
PMT0001628,CTR000097,2023-07-01,999.67,PRE_AUTHORIZED
PMT0001629,CTR000097,2023-08-04,999.67,PRE_AUTHORIZED
PMT0001630,CTR000097,2023-09-03,999.67,CHEQUE
PMT0001631,CTR000097,2023-10-01,999.67,PRE_AUTHORIZED
PMT0001632,CTR000097,2023-11-02,999.67,ONLINE_BANKING
PMT0001633,CTR000097,2023-12-03,999.67,ONLINE_BANKING
PMT0001634,CTR000097,2024-01-02,999.67,PRE_AUTHORIZED
PMT0001635,CTR000097,2024-02-05,999.67,CHEQUE
PMT0001636,CTR000097,2024-03-06,999.67,PRE_AUTHORIZED
PMT0001637,CTR000097,2024-04-03,999.67,CHEQUE
PMT0001638,CTR000097,2024-05-05,999.67,PRE_AUTHORIZED
PMT0001639,CTR000097,2024-06-06,999.67,ONLINE_BANKING
PMT0001640,CTR000097,2024-07-06,999.67,PRE_AUTHORIZED
PMT0001641,CTR000097,2024-08-04,999.67,PRE_AUTHORIZED
PMT0001642,CTR000097,2024-09-03,999.67,PRE_AUTHORIZED
PMT0001643,CTR000097,2024-10-01,999.67,CHEQUE
PMT0001644,CTR000097,2024-11-04,999.67,CHEQUE
PMT0001645,CTR000097,2024-12-05,999.67,CHEQUE
PMT0001646,CTR000098,2025-01-25,810.79,ONLINE_BANKING
PMT0001647,CTR000098,2025-02-05,810.79,ONLINE_BANKING
PMT0001648,CTR000098,2025-03-02,810.79,ONLINE_BANKING
PMT0001649,CTR000098,2025-04-06,810.79,ONLINE_BANKING
PMT0001650,CTR000098,2025-05-05,810.79,PRE_AUTHORIZED
PMT0001651,CTR000098,2025-06-04,810.79,CHEQUE
PMT0001652,CTR000098,2025-07-06,810.79,PRE_AUTHORIZED
PMT0001653,CTR000098,2025-08-02,810.79,ONLINE_BANKING
PMT0001654,CTR000098,2025-09-01,810.79,PRE_AUTHORIZED
PMT0001655,CTR000098,2025-10-02,810.79,ONLINE_BANKING
PMT0001656,CTR000098,2025-11-06,810.79,PRE_AUTHORIZED
PMT0001657,CTR000098,2025-12-03,810.79,ONLINE_BANKING
PMT0001658,CTR000098,2026-01-03,810.79,PRE_AUTHORIZED
PMT0001659,CTR000098,2026-02-01,810.79,ONLINE_BANKING
PMT0001660,CTR000098,2026-03-06,810.79,ONLINE_BANKING
PMT0001661,CTR000098,2026-04-05,810.79,ONLINE_BANKING
PMT0001662,CTR000098,2026-05-03,810.79,PRE_AUTHORIZED
PMT0001663,CTR000099,2024-06-30,955.66,PRE_AUTHORIZED
PMT0001664,CTR000099,2024-07-03,955.66,CHEQUE
PMT0001665,CTR000099,2024-08-04,955.66,PRE_AUTHORIZED
PMT0001666,CTR000099,2024-09-04,955.66,PRE_AUTHORIZED
PMT0001667,CTR000099,2024-10-02,955.66,PRE_AUTHORIZED
PMT0001668,CTR000099,2024-11-03,955.66,PRE_AUTHORIZED
PMT0001669,CTR000099,2024-12-06,955.66,CHEQUE
PMT0001670,CTR000099,2025-01-04,955.66,PRE_AUTHORIZED
PMT0001671,CTR000099,2025-02-03,955.66,ONLINE_BANKING
PMT0001672,CTR000099,2025-03-03,955.66,CHEQUE
PMT0001673,CTR000099,2025-04-03,955.66,ONLINE_BANKING
PMT0001674,CTR000099,2025-05-05,955.66,ONLINE_BANKING
PMT0001675,CTR000099,2025-06-01,955.66,PRE_AUTHORIZED
PMT0001676,CTR000099,2025-07-03,955.66,PRE_AUTHORIZED
PMT0001677,CTR000099,2025-08-01,955.66,PRE_AUTHORIZED
PMT0001678,CTR000099,2025-09-06,955.66,ONLINE_BANKING
PMT0001679,CTR000099,2025-10-02,955.66,CHEQUE
PMT0001680,CTR000099,2025-11-05,955.66,PRE_AUTHORIZED
PMT0001681,CTR000099,2025-12-04,955.66,PRE_AUTHORIZED
PMT0001682,CTR000099,2026-01-01,955.66,PRE_AUTHORIZED
PMT0001683,CTR000099,2026-02-04,955.66,PRE_AUTHORIZED
PMT0001684,CTR000099,2026-03-06,955.66,PRE_AUTHORIZED
PMT0001685,CTR000099,2026-04-04,955.66,ONLINE_BANKING
PMT0001686,CTR000099,2026-05-03,955.66,CHEQUE
PMT0001687,CTR000100,2024-08-29,1522.78,PRE_AUTHORIZED
PMT0001688,CTR000100,2024-09-06,1522.78,ONLINE_BANKING
PMT0001689,CTR000100,2024-10-03,1522.78,PRE_AUTHORIZED
PMT0001690,CTR000100,2024-11-03,1522.78,PRE_AUTHORIZED
PMT0001691,CTR000100,2024-12-05,1522.78,ONLINE_BANKING
PMT0001692,CTR000100,2025-01-05,1522.78,PRE_AUTHORIZED
PMT0001693,CTR000100,2025-02-01,1522.78,ONLINE_BANKING
PMT0001694,CTR000100,2025-03-05,1522.78,CHEQUE
PMT0001695,CTR000100,2025-04-05,1522.78,PRE_AUTHORIZED
PMT0001696,CTR000100,2025-05-04,1522.78,ONLINE_BANKING
PMT0001697,CTR000100,2025-06-02,1522.78,ONLINE_BANKING
PMT0001698,CTR000100,2025-07-03,1522.78,PRE_AUTHORIZED
PMT0001699,CTR000100,2025-08-05,1522.78,CHEQUE
PMT0001700,CTR000100,2025-09-06,1522.78,ONLINE_BANKING
PMT0001701,CTR000100,2025-10-04,1522.78,PRE_AUTHORIZED
PMT0001702,CTR000100,2025-11-03,1522.78,CHEQUE
PMT0001703,CTR000100,2025-12-05,1522.78,ONLINE_BANKING
PMT0001704,CTR000100,2026-01-03,1522.78,CHEQUE
PMT0001705,CTR000100,2026-02-03,1522.78,PRE_AUTHORIZED
PMT0001706,CTR000100,2026-03-05,1522.78,PRE_AUTHORIZED
PMT0001707,CTR000100,2026-04-01,1522.78,CHEQUE
PMT0001708,CTR000100,2026-05-01,1522.78,PRE_AUTHORIZED
PMT0001709,CTR000101,2024-06-02,1411.15,ONLINE_BANKING
PMT0001710,CTR000101,2024-07-05,1411.15,ONLINE_BANKING
PMT0001711,CTR000101,2024-08-02,1411.15,CHEQUE
PMT0001712,CTR000101,2024-09-04,1411.15,CHEQUE
PMT0001713,CTR000101,2024-10-01,1411.15,ONLINE_BANKING
PMT0001714,CTR000101,2024-11-04,1411.15,PRE_AUTHORIZED
PMT0001715,CTR000101,2024-12-01,1411.15,ONLINE_BANKING
PMT0001716,CTR000101,2025-01-04,1411.15,CHEQUE
PMT0001717,CTR000101,2025-02-03,1411.15,CHEQUE
PMT0001718,CTR000101,2025-03-03,1411.15,CHEQUE
PMT0001719,CTR000101,2025-04-05,1411.15,PRE_AUTHORIZED
PMT0001720,CTR000101,2025-05-05,1411.15,PRE_AUTHORIZED
PMT0001721,CTR000101,2025-06-06,1411.15,ONLINE_BANKING
PMT0001722,CTR000101,2025-07-03,1411.15,ONLINE_BANKING
PMT0001723,CTR000101,2025-08-06,1411.15,ONLINE_BANKING
PMT0001724,CTR000101,2025-09-04,1411.15,PRE_AUTHORIZED
PMT0001725,CTR000101,2025-10-04,1411.15,CHEQUE
PMT0001726,CTR000101,2025-11-03,1411.15,PRE_AUTHORIZED
PMT0001727,CTR000101,2025-12-04,1411.15,PRE_AUTHORIZED
PMT0001728,CTR000101,2026-01-05,1411.15,ONLINE_BANKING
PMT0001729,CTR000101,2026-02-06,1411.15,ONLINE_BANKING
PMT0001730,CTR000101,2026-03-03,1411.15,PRE_AUTHORIZED
PMT0001731,CTR000101,2026-04-05,1411.15,CHEQUE
PMT0001732,CTR000101,2026-05-06,1411.15,PRE_AUTHORIZED
PMT0001733,CTR000102,2024-04-18,1813.21,PRE_AUTHORIZED
PMT0001734,CTR000102,2024-05-05,1813.21,PRE_AUTHORIZED
PMT0001735,CTR000102,2024-06-06,1813.21,CHEQUE
PMT0001736,CTR000102,2024-07-01,1813.21,CHEQUE
PMT0001737,CTR000102,2024-08-05,1813.21,ONLINE_BANKING
PMT0001738,CTR000102,2024-09-03,1813.21,ONLINE_BANKING
PMT0001739,CTR000102,2024-10-03,1813.21,ONLINE_BANKING
PMT0001740,CTR000102,2024-11-05,1813.21,CHEQUE
PMT0001741,CTR000102,2024-12-06,1813.21,CHEQUE
PMT0001742,CTR000102,2025-01-05,1813.21,ONLINE_BANKING
PMT0001743,CTR000102,2025-02-05,1813.21,ONLINE_BANKING
PMT0001744,CTR000102,2025-03-04,1813.21,ONLINE_BANKING
PMT0001745,CTR000102,2025-04-05,1813.21,ONLINE_BANKING
PMT0001746,CTR000102,2025-05-02,1813.21,CHEQUE
PMT0001747,CTR000102,2025-06-05,1813.21,PRE_AUTHORIZED
PMT0001748,CTR000102,2025-07-01,1813.21,ONLINE_BANKING
PMT0001749,CTR000102,2025-08-04,1813.21,CHEQUE
PMT0001750,CTR000102,2025-09-06,1813.21,CHEQUE
PMT0001751,CTR000102,2025-10-01,1813.21,PRE_AUTHORIZED
PMT0001752,CTR000102,2025-11-05,1813.21,PRE_AUTHORIZED
PMT0001753,CTR000102,2025-12-04,1813.21,PRE_AUTHORIZED
PMT0001754,CTR000102,2026-01-03,1813.21,CHEQUE
PMT0001755,CTR000102,2026-02-03,1813.21,ONLINE_BANKING
PMT0001756,CTR000102,2026-03-03,1813.21,PRE_AUTHORIZED
PMT0001757,CTR000104,2024-09-25,694.83,CHEQUE
PMT0001758,CTR000104,2024-10-05,694.83,ONLINE_BANKING
PMT0001759,CTR000104,2024-11-05,694.83,PRE_AUTHORIZED
PMT0001760,CTR000104,2024-12-05,694.83,PRE_AUTHORIZED
PMT0001761,CTR000104,2025-01-04,694.83,CHEQUE
PMT0001762,CTR000104,2025-02-05,694.83,PRE_AUTHORIZED
PMT0001763,CTR000104,2025-03-01,694.83,CHEQUE
PMT0001764,CTR000104,2025-04-06,694.83,CHEQUE
PMT0001765,CTR000104,2025-05-02,694.83,PRE_AUTHORIZED
PMT0001766,CTR000104,2025-06-05,694.83,PRE_AUTHORIZED
PMT0001767,CTR000104,2025-07-02,694.83,CHEQUE
PMT0001768,CTR000104,2025-08-04,694.83,CHEQUE
PMT0001769,CTR000104,2025-09-03,694.83,PRE_AUTHORIZED
PMT0001770,CTR000104,2025-10-06,694.83,ONLINE_BANKING
PMT0001771,CTR000104,2025-11-05,694.83,PRE_AUTHORIZED
PMT0001772,CTR000104,2025-12-04,694.83,CHEQUE
PMT0001773,CTR000104,2026-01-03,694.83,PRE_AUTHORIZED
PMT0001774,CTR000104,2026-02-04,694.83,PRE_AUTHORIZED
PMT0001775,CTR000104,2026-03-01,694.83,PRE_AUTHORIZED
PMT0001776,CTR000104,2026-04-05,694.83,PRE_AUTHORIZED
PMT0001777,CTR000104,2026-05-02,694.83,CHEQUE
PMT0001778,CTR000105,2025-06-17,295.34,PRE_AUTHORIZED
PMT0001779,CTR000105,2025-07-04,295.34,PRE_AUTHORIZED
PMT0001780,CTR000105,2025-08-06,295.34,CHEQUE
PMT0001781,CTR000105,2025-09-05,295.34,PRE_AUTHORIZED
PMT0001782,CTR000105,2025-10-06,295.34,PRE_AUTHORIZED
PMT0001783,CTR000105,2025-11-01,295.34,PRE_AUTHORIZED
PMT0001784,CTR000105,2025-12-06,295.34,ONLINE_BANKING
PMT0001785,CTR000105,2026-01-01,295.34,ONLINE_BANKING
PMT0001786,CTR000105,2026-02-05,295.34,ONLINE_BANKING
PMT0001787,CTR000105,2026-03-04,295.34,PRE_AUTHORIZED
PMT0001788,CTR000105,2026-04-01,295.34,PRE_AUTHORIZED
PMT0001789,CTR000105,2026-05-05,295.34,CHEQUE
PMT0001790,CTR000106,2024-03-21,350.31,PRE_AUTHORIZED
PMT0001791,CTR000106,2024-04-05,350.31,ONLINE_BANKING
PMT0001792,CTR000106,2024-05-04,350.31,PRE_AUTHORIZED
PMT0001793,CTR000106,2024-06-03,350.31,ONLINE_BANKING
PMT0001794,CTR000106,2024-07-01,350.31,CHEQUE
PMT0001795,CTR000106,2024-08-04,350.31,ONLINE_BANKING
PMT0001796,CTR000106,2024-09-04,350.31,CHEQUE
PMT0001797,CTR000106,2024-10-03,350.31,PRE_AUTHORIZED
PMT0001798,CTR000106,2024-11-03,350.31,PRE_AUTHORIZED
PMT0001799,CTR000106,2024-12-06,350.31,CHEQUE
PMT0001800,CTR000106,2025-01-05,350.31,PRE_AUTHORIZED
PMT0001801,CTR000106,2025-02-02,350.31,ONLINE_BANKING
PMT0001802,CTR000106,2025-03-05,350.31,CHEQUE
PMT0001803,CTR000106,2025-04-06,350.31,ONLINE_BANKING
PMT0001804,CTR000106,2025-05-03,350.31,PRE_AUTHORIZED
PMT0001805,CTR000106,2025-06-05,350.31,PRE_AUTHORIZED
PMT0001806,CTR000106,2025-07-03,350.31,ONLINE_BANKING
PMT0001807,CTR000106,2025-08-06,350.31,ONLINE_BANKING
PMT0001808,CTR000106,2025-09-05,350.31,CHEQUE
PMT0001809,CTR000106,2025-10-03,350.31,CHEQUE
PMT0001810,CTR000106,2025-11-03,350.31,CHEQUE
PMT0001811,CTR000106,2025-12-06,350.31,ONLINE_BANKING
PMT0001812,CTR000106,2026-01-03,350.31,PRE_AUTHORIZED
PMT0001813,CTR000106,2026-02-01,350.31,PRE_AUTHORIZED
PMT0001814,CTR000107,2024-10-09,800.19,ONLINE_BANKING
PMT0001815,CTR000107,2024-11-04,800.19,PRE_AUTHORIZED
PMT0001816,CTR000107,2024-12-05,800.19,PRE_AUTHORIZED
PMT0001817,CTR000107,2025-01-03,800.19,CHEQUE
PMT0001818,CTR000107,2025-02-01,800.19,CHEQUE
PMT0001819,CTR000107,2025-03-02,800.19,CHEQUE
PMT0001820,CTR000107,2025-04-02,800.19,PRE_AUTHORIZED
PMT0001821,CTR000107,2025-05-05,800.19,PRE_AUTHORIZED
PMT0001822,CTR000107,2025-06-04,800.19,ONLINE_BANKING
PMT0001823,CTR000107,2025-07-06,800.19,CHEQUE
PMT0001824,CTR000107,2025-08-06,800.19,PRE_AUTHORIZED
PMT0001825,CTR000107,2025-09-02,800.19,CHEQUE
PMT0001826,CTR000107,2025-10-03,800.19,CHEQUE
PMT0001827,CTR000107,2025-11-03,800.19,ONLINE_BANKING
PMT0001828,CTR000107,2025-12-03,800.19,PRE_AUTHORIZED
PMT0001829,CTR000107,2026-01-02,800.19,ONLINE_BANKING
PMT0001830,CTR000107,2026-02-04,800.19,PRE_AUTHORIZED
PMT0001831,CTR000107,2026-03-01,800.19,ONLINE_BANKING
PMT0001832,CTR000107,2026-04-02,800.19,PRE_AUTHORIZED
PMT0001833,CTR000107,2026-05-04,800.19,CHEQUE
PMT0001834,CTR000108,2024-02-27,1733.07,CHEQUE
PMT0001835,CTR000108,2024-03-01,1733.07,PRE_AUTHORIZED
PMT0001836,CTR000108,2024-04-02,1733.07,CHEQUE
PMT0001837,CTR000108,2024-05-05,1733.07,PRE_AUTHORIZED
PMT0001838,CTR000108,2024-06-02,1733.07,CHEQUE
PMT0001839,CTR000108,2024-07-06,1733.07,CHEQUE
PMT0001840,CTR000108,2024-08-05,1733.07,PRE_AUTHORIZED
PMT0001841,CTR000108,2024-09-02,1733.07,ONLINE_BANKING
PMT0001842,CTR000108,2024-10-04,1733.07,ONLINE_BANKING
PMT0001843,CTR000108,2024-11-01,1733.07,PRE_AUTHORIZED
PMT0001844,CTR000108,2024-12-05,1733.07,PRE_AUTHORIZED
PMT0001845,CTR000108,2025-01-01,1733.07,ONLINE_BANKING
PMT0001846,CTR000108,2025-02-06,1733.07,ONLINE_BANKING
PMT0001847,CTR000108,2025-03-02,1733.07,CHEQUE
PMT0001848,CTR000108,2025-04-02,1733.07,ONLINE_BANKING
PMT0001849,CTR000108,2025-05-02,1733.07,PRE_AUTHORIZED
PMT0001850,CTR000108,2025-06-01,1733.07,CHEQUE
PMT0001851,CTR000108,2025-07-02,1733.07,PRE_AUTHORIZED
PMT0001852,CTR000108,2025-08-06,1733.07,CHEQUE
PMT0001853,CTR000108,2025-09-04,1733.07,PRE_AUTHORIZED
PMT0001854,CTR000108,2025-10-01,1733.07,PRE_AUTHORIZED
PMT0001855,CTR000108,2025-11-04,1733.07,CHEQUE
PMT0001856,CTR000108,2025-12-06,1733.07,ONLINE_BANKING
PMT0001857,CTR000108,2026-01-02,1733.07,PRE_AUTHORIZED
PMT0001858,CTR000109,2024-11-11,1046.34,PRE_AUTHORIZED
PMT0001859,CTR000109,2024-12-06,1046.34,CHEQUE
PMT0001860,CTR000109,2025-01-06,1046.34,PRE_AUTHORIZED
PMT0001861,CTR000109,2025-02-03,1046.34,CHEQUE
PMT0001862,CTR000109,2025-03-01,1046.34,CHEQUE
PMT0001863,CTR000109,2025-04-05,1046.34,ONLINE_BANKING
PMT0001864,CTR000109,2025-05-04,1046.34,ONLINE_BANKING
PMT0001865,CTR000109,2025-06-05,1046.34,ONLINE_BANKING
PMT0001866,CTR000109,2025-07-02,1046.34,ONLINE_BANKING
PMT0001867,CTR000109,2025-08-03,1046.34,PRE_AUTHORIZED
PMT0001868,CTR000109,2025-09-01,1046.34,ONLINE_BANKING
PMT0001869,CTR000109,2025-10-06,1046.34,CHEQUE
PMT0001870,CTR000109,2025-11-02,1046.34,ONLINE_BANKING
PMT0001871,CTR000109,2025-12-05,1046.34,CHEQUE
PMT0001872,CTR000109,2026-01-03,1046.34,ONLINE_BANKING
PMT0001873,CTR000109,2026-02-01,1046.34,CHEQUE
PMT0001874,CTR000109,2026-03-01,1046.34,ONLINE_BANKING
PMT0001875,CTR000109,2026-04-04,1046.34,ONLINE_BANKING
PMT0001876,CTR000109,2026-05-02,1046.34,PRE_AUTHORIZED
PMT0001877,CTR000110,2025-08-29,1339.72,ONLINE_BANKING
PMT0001878,CTR000110,2025-09-04,1339.72,CHEQUE
PMT0001879,CTR000110,2025-10-05,1339.72,ONLINE_BANKING
PMT0001880,CTR000110,2025-11-05,1339.72,CHEQUE
PMT0001881,CTR000110,2025-12-04,1339.72,ONLINE_BANKING
PMT0001882,CTR000110,2026-01-01,1339.72,PRE_AUTHORIZED
PMT0001883,CTR000110,2026-02-02,1339.72,PRE_AUTHORIZED
PMT0001884,CTR000110,2026-03-05,1339.72,PRE_AUTHORIZED
PMT0001885,CTR000110,2026-04-02,1339.72,CHEQUE
PMT0001886,CTR000110,2026-05-02,1339.72,PRE_AUTHORIZED
PMT0001887,CTR000111,2025-06-06,653.19,ONLINE_BANKING
PMT0001888,CTR000111,2025-07-06,653.19,CHEQUE
PMT0001889,CTR000111,2025-08-01,653.19,CHEQUE
PMT0001890,CTR000111,2025-09-02,653.19,PRE_AUTHORIZED
PMT0001891,CTR000111,2025-10-03,653.19,ONLINE_BANKING
PMT0001892,CTR000111,2025-11-06,653.19,ONLINE_BANKING
PMT0001893,CTR000111,2025-12-01,653.19,ONLINE_BANKING
PMT0001894,CTR000111,2026-01-02,653.19,CHEQUE
PMT0001895,CTR000111,2026-02-01,653.19,ONLINE_BANKING
PMT0001896,CTR000111,2026-03-04,653.19,ONLINE_BANKING
PMT0001897,CTR000111,2026-04-04,653.19,PRE_AUTHORIZED
PMT0001898,CTR000111,2026-05-02,653.19,PRE_AUTHORIZED
PMT0001899,CTR000112,2026-03-17,866.18,PRE_AUTHORIZED
PMT0001900,CTR000112,2026-04-04,866.18,PRE_AUTHORIZED
PMT0001901,CTR000112,2026-05-02,866.18,PRE_AUTHORIZED
PMT0001902,CTR000113,2026-04-03,829.08,PRE_AUTHORIZED
PMT0001903,CTR000113,2026-04-03,829.08,CHEQUE
PMT0001904,CTR000113,2026-05-04,829.08,PRE_AUTHORIZED
PMT0001905,CTR000114,2025-12-31,816.94,ONLINE_BANKING
PMT0001906,CTR000114,2026-01-02,816.94,ONLINE_BANKING
PMT0001907,CTR000114,2026-02-06,816.94,ONLINE_BANKING
PMT0001908,CTR000114,2026-03-03,816.94,CHEQUE
PMT0001909,CTR000114,2026-04-06,816.94,PRE_AUTHORIZED
PMT0001910,CTR000114,2026-05-03,816.94,CHEQUE
PMT0001911,CTR000115,2025-03-10,732.26,CHEQUE
PMT0001912,CTR000115,2025-04-03,732.26,CHEQUE
PMT0001913,CTR000115,2025-05-01,732.26,PRE_AUTHORIZED
PMT0001914,CTR000115,2025-06-05,732.26,ONLINE_BANKING
PMT0001915,CTR000115,2025-07-06,732.26,ONLINE_BANKING
PMT0001916,CTR000115,2025-08-05,732.26,ONLINE_BANKING
PMT0001917,CTR000115,2025-09-05,732.26,ONLINE_BANKING
PMT0001918,CTR000115,2025-10-05,732.26,CHEQUE
PMT0001919,CTR000115,2025-11-02,732.26,ONLINE_BANKING
PMT0001920,CTR000115,2025-12-01,732.26,PRE_AUTHORIZED
PMT0001921,CTR000115,2026-01-03,732.26,ONLINE_BANKING
PMT0001922,CTR000115,2026-02-01,732.26,CHEQUE
PMT0001923,CTR000115,2026-03-04,732.26,CHEQUE
PMT0001924,CTR000115,2026-04-01,732.26,CHEQUE
PMT0001925,CTR000115,2026-05-01,732.26,ONLINE_BANKING
PMT0001926,CTR000116,2023-03-28,1129.69,ONLINE_BANKING
PMT0001927,CTR000116,2023-04-06,1129.69,CHEQUE
PMT0001928,CTR000116,2023-05-02,1129.69,ONLINE_BANKING
PMT0001929,CTR000116,2023-06-06,1129.69,CHEQUE
PMT0001930,CTR000116,2023-07-02,1129.69,ONLINE_BANKING
PMT0001931,CTR000116,2023-08-03,1129.69,CHEQUE
PMT0001932,CTR000116,2023-09-04,1129.69,ONLINE_BANKING
PMT0001933,CTR000116,2023-10-01,1129.69,CHEQUE
PMT0001934,CTR000116,2023-11-02,1129.69,CHEQUE
PMT0001935,CTR000116,2023-12-04,1129.69,ONLINE_BANKING
PMT0001936,CTR000116,2024-01-02,1129.69,PRE_AUTHORIZED
PMT0001937,CTR000116,2024-02-01,1129.69,PRE_AUTHORIZED
PMT0001938,CTR000116,2024-03-02,1129.69,CHEQUE
PMT0001939,CTR000116,2024-04-06,1129.69,CHEQUE
PMT0001940,CTR000116,2024-05-01,1129.69,ONLINE_BANKING
PMT0001941,CTR000116,2024-06-01,1129.69,PRE_AUTHORIZED
PMT0001942,CTR000116,2024-07-01,1129.69,PRE_AUTHORIZED
PMT0001943,CTR000116,2024-08-05,1129.69,ONLINE_BANKING
PMT0001944,CTR000116,2024-09-03,1129.69,CHEQUE
PMT0001945,CTR000116,2024-10-04,1129.69,ONLINE_BANKING
PMT0001946,CTR000116,2024-11-01,1129.69,CHEQUE
PMT0001947,CTR000116,2024-12-05,1129.69,CHEQUE
PMT0001948,CTR000116,2025-01-05,1129.69,PRE_AUTHORIZED
PMT0001949,CTR000116,2025-02-01,1129.69,ONLINE_BANKING
PMT0001950,CTR000117,2024-02-25,1564.02,ONLINE_BANKING
PMT0001951,CTR000117,2024-03-06,1564.02,CHEQUE
PMT0001952,CTR000117,2024-04-02,1564.02,PRE_AUTHORIZED
PMT0001953,CTR000117,2024-05-02,1564.02,ONLINE_BANKING
PMT0001954,CTR000117,2024-06-05,1564.02,CHEQUE
PMT0001955,CTR000117,2024-07-05,1564.02,CHEQUE
PMT0001956,CTR000117,2024-08-06,1564.02,CHEQUE
PMT0001957,CTR000117,2024-09-05,1564.02,CHEQUE
PMT0001958,CTR000117,2024-10-05,1564.02,PRE_AUTHORIZED
PMT0001959,CTR000117,2024-11-05,1564.02,ONLINE_BANKING
PMT0001960,CTR000117,2024-12-03,1564.02,ONLINE_BANKING
PMT0001961,CTR000117,2025-01-01,1564.02,PRE_AUTHORIZED
PMT0001962,CTR000117,2025-02-05,1564.02,CHEQUE
PMT0001963,CTR000117,2025-03-02,1564.02,PRE_AUTHORIZED
PMT0001964,CTR000117,2025-04-01,1564.02,CHEQUE
PMT0001965,CTR000117,2025-05-04,1564.02,PRE_AUTHORIZED
PMT0001966,CTR000117,2025-06-05,1564.02,PRE_AUTHORIZED
PMT0001967,CTR000117,2025-07-06,1564.02,CHEQUE
PMT0001968,CTR000117,2025-08-03,1564.02,CHEQUE
PMT0001969,CTR000117,2025-09-05,1564.02,PRE_AUTHORIZED
PMT0001970,CTR000117,2025-10-03,1564.02,PRE_AUTHORIZED
PMT0001971,CTR000117,2025-11-02,1564.02,CHEQUE
PMT0001972,CTR000117,2025-12-06,1564.02,PRE_AUTHORIZED
PMT0001973,CTR000117,2026-01-03,1564.02,PRE_AUTHORIZED
PMT0001974,CTR000118,2023-02-19,495.61,CHEQUE
PMT0001975,CTR000118,2023-03-03,495.61,ONLINE_BANKING
PMT0001976,CTR000118,2023-04-06,495.61,ONLINE_BANKING
PMT0001977,CTR000118,2023-05-04,495.61,ONLINE_BANKING
PMT0001978,CTR000118,2023-06-01,495.61,PRE_AUTHORIZED
PMT0001979,CTR000118,2023-07-03,495.61,CHEQUE
PMT0001980,CTR000118,2023-08-02,495.61,CHEQUE
PMT0001981,CTR000118,2023-09-01,495.61,CHEQUE
PMT0001982,CTR000118,2023-10-02,495.61,CHEQUE
PMT0001983,CTR000118,2023-11-04,495.61,CHEQUE
PMT0001984,CTR000118,2023-12-03,495.61,PRE_AUTHORIZED
PMT0001985,CTR000118,2024-01-04,495.61,PRE_AUTHORIZED
PMT0001986,CTR000118,2024-02-05,495.61,PRE_AUTHORIZED
PMT0001987,CTR000118,2024-03-06,495.61,ONLINE_BANKING
PMT0001988,CTR000118,2024-04-04,495.61,PRE_AUTHORIZED
PMT0001989,CTR000118,2024-05-03,495.61,CHEQUE
PMT0001990,CTR000118,2024-06-04,495.61,ONLINE_BANKING
PMT0001991,CTR000118,2024-07-02,495.61,ONLINE_BANKING
PMT0001992,CTR000118,2024-08-01,495.61,PRE_AUTHORIZED
PMT0001993,CTR000118,2024-09-02,495.61,CHEQUE
PMT0001994,CTR000118,2024-10-05,495.61,PRE_AUTHORIZED
PMT0001995,CTR000118,2024-11-03,495.61,PRE_AUTHORIZED
PMT0001996,CTR000118,2024-12-06,495.61,ONLINE_BANKING
PMT0001997,CTR000118,2025-01-06,495.61,PRE_AUTHORIZED
PMT0001998,CTR000119,2024-06-12,454.23,PRE_AUTHORIZED
PMT0001999,CTR000119,2024-07-01,454.23,ONLINE_BANKING
PMT0002000,CTR000119,2024-08-02,454.23,PRE_AUTHORIZED
PMT0002001,CTR000119,2024-09-04,454.23,PRE_AUTHORIZED
PMT0002002,CTR000119,2024-10-05,454.23,PRE_AUTHORIZED
PMT0002003,CTR000119,2024-11-04,454.23,PRE_AUTHORIZED
PMT0002004,CTR000119,2024-12-06,454.23,PRE_AUTHORIZED
PMT0002005,CTR000119,2025-01-02,454.23,CHEQUE
PMT0002006,CTR000119,2025-02-06,454.23,ONLINE_BANKING
PMT0002007,CTR000119,2025-03-02,454.23,PRE_AUTHORIZED
PMT0002008,CTR000119,2025-04-03,454.23,CHEQUE
PMT0002009,CTR000119,2025-05-01,454.23,ONLINE_BANKING
PMT0002010,CTR000119,2025-06-04,454.23,ONLINE_BANKING
PMT0002011,CTR000119,2025-07-06,454.23,ONLINE_BANKING
PMT0002012,CTR000119,2025-08-06,454.23,PRE_AUTHORIZED
PMT0002013,CTR000119,2025-09-03,454.23,CHEQUE
PMT0002014,CTR000119,2025-10-02,454.23,ONLINE_BANKING
PMT0002015,CTR000119,2025-11-02,454.23,CHEQUE
PMT0002016,CTR000119,2025-12-01,454.23,PRE_AUTHORIZED
PMT0002017,CTR000119,2026-01-03,454.23,PRE_AUTHORIZED
PMT0002018,CTR000119,2026-02-06,454.23,CHEQUE
PMT0002019,CTR000119,2026-03-02,454.23,CHEQUE
PMT0002020,CTR000119,2026-04-02,454.23,ONLINE_BANKING
PMT0002021,CTR000119,2026-05-05,454.23,ONLINE_BANKING
PMT0002022,CTR000120,2023-11-09,1953.38,PRE_AUTHORIZED
PMT0002023,CTR000120,2023-12-02,1953.38,ONLINE_BANKING
PMT0002024,CTR000120,2024-01-02,1953.38,ONLINE_BANKING
PMT0002025,CTR000120,2024-02-01,1953.38,CHEQUE
PMT0002026,CTR000120,2024-03-04,1953.38,CHEQUE
PMT0002027,CTR000120,2024-04-03,1953.38,CHEQUE
PMT0002028,CTR000120,2024-05-02,1953.38,PRE_AUTHORIZED
PMT0002029,CTR000120,2024-06-01,1953.38,CHEQUE
PMT0002030,CTR000120,2024-07-04,1953.38,CHEQUE
PMT0002031,CTR000120,2024-08-03,1953.38,CHEQUE
PMT0002032,CTR000120,2024-09-04,1953.38,PRE_AUTHORIZED
PMT0002033,CTR000120,2024-10-05,1953.38,PRE_AUTHORIZED
PMT0002034,CTR000120,2024-11-03,1953.38,PRE_AUTHORIZED
PMT0002035,CTR000120,2024-12-05,1953.38,ONLINE_BANKING
PMT0002036,CTR000120,2025-01-04,1953.38,ONLINE_BANKING
PMT0002037,CTR000120,2025-02-02,1953.38,PRE_AUTHORIZED
PMT0002038,CTR000120,2025-03-03,1953.38,PRE_AUTHORIZED
PMT0002039,CTR000120,2025-04-03,1953.38,CHEQUE
PMT0002040,CTR000120,2025-05-06,1953.38,ONLINE_BANKING
PMT0002041,CTR000120,2025-06-01,1953.38,PRE_AUTHORIZED
PMT0002042,CTR000120,2025-07-06,1953.38,ONLINE_BANKING
PMT0002043,CTR000120,2025-08-05,1953.38,CHEQUE
PMT0002044,CTR000120,2025-09-02,1953.38,ONLINE_BANKING
PMT0002045,CTR000120,2025-10-02,1953.38,PRE_AUTHORIZED
PMT0002046,CTR000121,2023-09-10,810.65,PRE_AUTHORIZED
PMT0002047,CTR000121,2023-10-05,810.65,ONLINE_BANKING
PMT0002048,CTR000121,2023-11-05,810.65,CHEQUE
PMT0002049,CTR000121,2023-12-02,810.65,ONLINE_BANKING
PMT0002050,CTR000121,2024-01-06,810.65,ONLINE_BANKING
PMT0002051,CTR000121,2024-02-02,810.65,ONLINE_BANKING
PMT0002052,CTR000121,2024-03-03,810.65,CHEQUE
PMT0002053,CTR000121,2024-04-05,810.65,PRE_AUTHORIZED
PMT0002054,CTR000121,2024-05-05,810.65,CHEQUE
PMT0002055,CTR000121,2024-06-04,810.65,CHEQUE
PMT0002056,CTR000121,2024-07-04,810.65,ONLINE_BANKING
PMT0002057,CTR000121,2024-08-01,810.65,ONLINE_BANKING
PMT0002058,CTR000121,2024-09-01,810.65,PRE_AUTHORIZED
PMT0002059,CTR000121,2024-10-02,810.65,ONLINE_BANKING
PMT0002060,CTR000121,2024-11-06,810.65,CHEQUE
PMT0002061,CTR000121,2024-12-06,810.65,PRE_AUTHORIZED
PMT0002062,CTR000121,2025-01-01,810.65,PRE_AUTHORIZED
PMT0002063,CTR000121,2025-02-01,810.65,ONLINE_BANKING
PMT0002064,CTR000121,2025-03-05,810.65,ONLINE_BANKING
PMT0002065,CTR000121,2025-04-04,810.65,PRE_AUTHORIZED
PMT0002066,CTR000121,2025-05-06,810.65,CHEQUE
PMT0002067,CTR000121,2025-06-04,810.65,PRE_AUTHORIZED
PMT0002068,CTR000121,2025-07-02,810.65,PRE_AUTHORIZED
PMT0002069,CTR000121,2025-08-02,810.65,PRE_AUTHORIZED
PMT0002070,CTR000122,2026-02-06,418.06,PRE_AUTHORIZED
PMT0002071,CTR000122,2026-03-03,418.06,PRE_AUTHORIZED
PMT0002072,CTR000122,2026-04-02,418.06,ONLINE_BANKING
PMT0002073,CTR000122,2026-05-04,418.06,PRE_AUTHORIZED
PMT0002074,CTR000123,2023-02-13,1338.13,CHEQUE
PMT0002075,CTR000123,2023-03-01,1338.13,CHEQUE
PMT0002076,CTR000123,2023-04-06,1338.13,ONLINE_BANKING
PMT0002077,CTR000123,2023-05-02,1338.13,ONLINE_BANKING
PMT0002078,CTR000123,2023-06-05,1338.13,PRE_AUTHORIZED
PMT0002079,CTR000123,2023-07-03,1338.13,PRE_AUTHORIZED
PMT0002080,CTR000123,2023-08-03,1338.13,CHEQUE
PMT0002081,CTR000123,2023-09-05,1338.13,ONLINE_BANKING
PMT0002082,CTR000123,2023-10-01,1338.13,CHEQUE
PMT0002083,CTR000123,2023-11-02,1338.13,ONLINE_BANKING
PMT0002084,CTR000123,2023-12-03,1338.13,CHEQUE
PMT0002085,CTR000123,2024-01-01,1338.13,PRE_AUTHORIZED
PMT0002086,CTR000123,2024-02-02,1338.13,CHEQUE
PMT0002087,CTR000123,2024-03-04,1338.13,CHEQUE
PMT0002088,CTR000123,2024-04-04,1338.13,PRE_AUTHORIZED
PMT0002089,CTR000123,2024-05-05,1338.13,PRE_AUTHORIZED
PMT0002090,CTR000123,2024-06-04,1338.13,PRE_AUTHORIZED
PMT0002091,CTR000123,2024-07-01,1338.13,ONLINE_BANKING
PMT0002092,CTR000123,2024-08-05,1338.13,PRE_AUTHORIZED
PMT0002093,CTR000123,2024-09-04,1338.13,PRE_AUTHORIZED
PMT0002094,CTR000123,2024-10-02,1338.13,CHEQUE
PMT0002095,CTR000123,2024-11-05,1338.13,CHEQUE
PMT0002096,CTR000123,2024-12-03,1338.13,ONLINE_BANKING
PMT0002097,CTR000123,2025-01-01,1338.13,CHEQUE
PMT0002098,CTR000124,2023-11-05,1441.7,CHEQUE
PMT0002099,CTR000124,2023-12-01,1441.7,PRE_AUTHORIZED
PMT0002100,CTR000124,2024-01-05,1441.7,PRE_AUTHORIZED
PMT0002101,CTR000124,2024-02-06,1441.7,CHEQUE
PMT0002102,CTR000124,2024-03-03,1441.7,ONLINE_BANKING
PMT0002103,CTR000124,2024-04-05,1441.7,PRE_AUTHORIZED
PMT0002104,CTR000124,2024-05-03,1441.7,CHEQUE
PMT0002105,CTR000124,2024-06-02,1441.7,PRE_AUTHORIZED
PMT0002106,CTR000124,2024-07-04,1441.7,PRE_AUTHORIZED
PMT0002107,CTR000124,2024-08-01,1441.7,ONLINE_BANKING
PMT0002108,CTR000124,2024-09-04,1441.7,CHEQUE
PMT0002109,CTR000124,2024-10-04,1441.7,CHEQUE
PMT0002110,CTR000124,2024-11-04,1441.7,ONLINE_BANKING
PMT0002111,CTR000124,2024-12-04,1441.7,PRE_AUTHORIZED
PMT0002112,CTR000124,2025-01-04,1441.7,CHEQUE
PMT0002113,CTR000124,2025-02-01,1441.7,ONLINE_BANKING
PMT0002114,CTR000124,2025-03-01,1441.7,PRE_AUTHORIZED
PMT0002115,CTR000124,2025-04-03,1441.7,CHEQUE
PMT0002116,CTR000124,2025-05-02,1441.7,PRE_AUTHORIZED
PMT0002117,CTR000124,2025-06-06,1441.7,PRE_AUTHORIZED
PMT0002118,CTR000124,2025-07-03,1441.7,PRE_AUTHORIZED
PMT0002119,CTR000124,2025-08-01,1441.7,ONLINE_BANKING
PMT0002120,CTR000124,2025-09-02,1441.7,PRE_AUTHORIZED
PMT0002121,CTR000124,2025-10-06,1441.7,CHEQUE
PMT0002122,CTR000125,2024-03-10,988.24,CHEQUE
PMT0002123,CTR000125,2024-04-05,988.24,PRE_AUTHORIZED
PMT0002124,CTR000125,2024-05-03,988.24,CHEQUE
PMT0002125,CTR000125,2024-06-05,988.24,PRE_AUTHORIZED
PMT0002126,CTR000125,2024-07-01,988.24,ONLINE_BANKING
PMT0002127,CTR000125,2024-08-06,988.24,ONLINE_BANKING
PMT0002128,CTR000125,2024-09-01,988.24,PRE_AUTHORIZED
PMT0002129,CTR000125,2024-10-02,988.24,PRE_AUTHORIZED
PMT0002130,CTR000125,2024-11-03,988.24,PRE_AUTHORIZED
PMT0002131,CTR000125,2024-12-06,988.24,ONLINE_BANKING
PMT0002132,CTR000125,2025-01-06,988.24,CHEQUE
PMT0002133,CTR000125,2025-02-06,988.24,ONLINE_BANKING
PMT0002134,CTR000125,2025-03-02,988.24,PRE_AUTHORIZED
PMT0002135,CTR000125,2025-04-05,988.24,ONLINE_BANKING
PMT0002136,CTR000125,2025-05-05,988.24,PRE_AUTHORIZED
PMT0002137,CTR000125,2025-06-03,988.24,PRE_AUTHORIZED
PMT0002138,CTR000125,2025-07-03,988.24,ONLINE_BANKING
PMT0002139,CTR000125,2025-08-02,988.24,ONLINE_BANKING
PMT0002140,CTR000125,2025-09-05,988.24,ONLINE_BANKING
PMT0002141,CTR000125,2025-10-01,988.24,ONLINE_BANKING
PMT0002142,CTR000125,2025-11-05,988.24,ONLINE_BANKING
PMT0002143,CTR000125,2025-12-01,988.24,PRE_AUTHORIZED
PMT0002144,CTR000125,2026-01-01,988.24,ONLINE_BANKING
PMT0002145,CTR000125,2026-02-03,988.24,PRE_AUTHORIZED
PMT0002146,CTR000126,2025-05-26,458.78,CHEQUE
PMT0002147,CTR000126,2025-06-03,458.78,ONLINE_BANKING
PMT0002148,CTR000126,2025-07-06,458.78,PRE_AUTHORIZED
PMT0002149,CTR000126,2025-08-05,458.78,ONLINE_BANKING
PMT0002150,CTR000126,2025-09-06,458.78,ONLINE_BANKING
PMT0002151,CTR000126,2025-10-03,458.78,ONLINE_BANKING
PMT0002152,CTR000126,2025-11-03,458.78,ONLINE_BANKING
PMT0002153,CTR000126,2025-12-04,458.78,ONLINE_BANKING
PMT0002154,CTR000126,2026-01-03,458.78,PRE_AUTHORIZED
PMT0002155,CTR000126,2026-02-01,458.78,ONLINE_BANKING
PMT0002156,CTR000126,2026-03-05,458.78,ONLINE_BANKING
PMT0002157,CTR000126,2026-04-04,458.78,ONLINE_BANKING
PMT0002158,CTR000126,2026-05-04,458.78,CHEQUE
PMT0002159,CTR000127,2024-04-19,1228.98,ONLINE_BANKING
PMT0002160,CTR000127,2024-05-02,1228.98,CHEQUE
PMT0002161,CTR000127,2024-06-04,1228.98,ONLINE_BANKING
PMT0002162,CTR000127,2024-07-03,1228.98,CHEQUE
PMT0002163,CTR000127,2024-08-06,1228.98,ONLINE_BANKING
PMT0002164,CTR000127,2024-09-04,1228.98,PRE_AUTHORIZED
PMT0002165,CTR000127,2024-10-02,1228.98,ONLINE_BANKING
PMT0002166,CTR000127,2024-11-04,1228.98,CHEQUE
PMT0002167,CTR000127,2024-12-02,1228.98,ONLINE_BANKING
PMT0002168,CTR000127,2025-01-05,1228.98,ONLINE_BANKING
PMT0002169,CTR000127,2025-02-04,1228.98,ONLINE_BANKING
PMT0002170,CTR000127,2025-03-02,1228.98,PRE_AUTHORIZED
PMT0002171,CTR000127,2025-04-04,1228.98,CHEQUE
PMT0002172,CTR000127,2025-05-04,1228.98,PRE_AUTHORIZED
PMT0002173,CTR000127,2025-06-06,1228.98,PRE_AUTHORIZED
PMT0002174,CTR000127,2025-07-02,1228.98,CHEQUE
PMT0002175,CTR000127,2025-08-04,1228.98,ONLINE_BANKING
PMT0002176,CTR000127,2025-09-02,1228.98,ONLINE_BANKING
PMT0002177,CTR000127,2025-10-02,1228.98,CHEQUE
PMT0002178,CTR000127,2025-11-05,1228.98,ONLINE_BANKING
PMT0002179,CTR000127,2025-12-04,1228.98,CHEQUE
PMT0002180,CTR000127,2026-01-03,1228.98,CHEQUE
PMT0002181,CTR000127,2026-02-05,1228.98,ONLINE_BANKING
PMT0002182,CTR000127,2026-03-02,1228.98,PRE_AUTHORIZED
PMT0002183,CTR000128,2025-08-16,1377.84,PRE_AUTHORIZED
PMT0002184,CTR000128,2025-09-05,1377.84,PRE_AUTHORIZED
PMT0002185,CTR000128,2025-10-05,1377.84,ONLINE_BANKING
PMT0002186,CTR000128,2025-11-03,1377.84,CHEQUE
PMT0002187,CTR000128,2025-12-04,1377.84,ONLINE_BANKING
PMT0002188,CTR000128,2026-01-03,1377.84,PRE_AUTHORIZED
PMT0002189,CTR000128,2026-02-06,1377.84,ONLINE_BANKING
PMT0002190,CTR000128,2026-03-01,1377.84,CHEQUE
PMT0002191,CTR000128,2026-04-05,1377.84,ONLINE_BANKING
PMT0002192,CTR000128,2026-05-03,1377.84,ONLINE_BANKING
PMT0002193,CTR000129,2024-04-19,586.95,PRE_AUTHORIZED
PMT0002194,CTR000129,2024-05-05,586.95,ONLINE_BANKING
PMT0002195,CTR000129,2024-06-02,586.95,ONLINE_BANKING
PMT0002196,CTR000129,2024-07-04,586.95,CHEQUE
PMT0002197,CTR000129,2024-08-04,586.95,CHEQUE
PMT0002198,CTR000129,2024-09-01,586.95,CHEQUE
PMT0002199,CTR000129,2024-10-06,586.95,PRE_AUTHORIZED
PMT0002200,CTR000129,2024-11-01,586.95,PRE_AUTHORIZED
PMT0002201,CTR000129,2024-12-03,586.95,CHEQUE
PMT0002202,CTR000129,2025-01-04,586.95,CHEQUE
PMT0002203,CTR000129,2025-02-04,586.95,PRE_AUTHORIZED
PMT0002204,CTR000129,2025-03-01,586.95,ONLINE_BANKING
PMT0002205,CTR000129,2025-04-05,586.95,ONLINE_BANKING
PMT0002206,CTR000129,2025-05-03,586.95,CHEQUE
PMT0002207,CTR000129,2025-06-05,586.95,PRE_AUTHORIZED
PMT0002208,CTR000129,2025-07-01,586.95,ONLINE_BANKING
PMT0002209,CTR000129,2025-08-01,586.95,PRE_AUTHORIZED
PMT0002210,CTR000129,2025-09-02,586.95,PRE_AUTHORIZED
PMT0002211,CTR000129,2025-10-06,586.95,ONLINE_BANKING
PMT0002212,CTR000129,2025-11-05,586.95,CHEQUE
PMT0002213,CTR000129,2025-12-02,586.95,CHEQUE
PMT0002214,CTR000129,2026-01-04,586.95,PRE_AUTHORIZED
PMT0002215,CTR000129,2026-02-01,586.95,PRE_AUTHORIZED
PMT0002216,CTR000129,2026-03-01,586.95,PRE_AUTHORIZED
PMT0002217,CTR000130,2024-11-09,768.12,CHEQUE
PMT0002218,CTR000130,2024-12-03,768.12,CHEQUE
PMT0002219,CTR000130,2025-01-02,768.12,ONLINE_BANKING
PMT0002220,CTR000130,2025-02-02,768.12,ONLINE_BANKING
PMT0002221,CTR000130,2025-03-04,768.12,CHEQUE
PMT0002222,CTR000130,2025-04-01,768.12,ONLINE_BANKING
PMT0002223,CTR000130,2025-05-03,768.12,ONLINE_BANKING
PMT0002224,CTR000130,2025-06-02,768.12,CHEQUE
PMT0002225,CTR000130,2025-07-05,768.12,PRE_AUTHORIZED
PMT0002226,CTR000130,2025-08-03,768.12,ONLINE_BANKING
PMT0002227,CTR000130,2025-09-05,768.12,CHEQUE
PMT0002228,CTR000130,2025-10-05,768.12,ONLINE_BANKING
PMT0002229,CTR000130,2025-11-05,768.12,PRE_AUTHORIZED
PMT0002230,CTR000130,2025-12-02,768.12,PRE_AUTHORIZED
PMT0002231,CTR000130,2026-01-02,768.12,ONLINE_BANKING
PMT0002232,CTR000130,2026-02-01,768.12,PRE_AUTHORIZED
PMT0002233,CTR000130,2026-03-01,768.12,ONLINE_BANKING
PMT0002234,CTR000130,2026-04-06,768.12,PRE_AUTHORIZED
PMT0002235,CTR000130,2026-05-05,768.12,ONLINE_BANKING
PMT0002236,CTR000131,2025-03-09,1769.78,ONLINE_BANKING
PMT0002237,CTR000131,2025-04-02,1769.78,ONLINE_BANKING
PMT0002238,CTR000131,2025-05-05,1769.78,CHEQUE
PMT0002239,CTR000131,2025-06-02,1769.78,CHEQUE
PMT0002240,CTR000131,2025-07-05,1769.78,CHEQUE
PMT0002241,CTR000131,2025-08-03,1769.78,PRE_AUTHORIZED
PMT0002242,CTR000131,2025-09-01,1769.78,CHEQUE
PMT0002243,CTR000131,2025-10-04,1769.78,ONLINE_BANKING
PMT0002244,CTR000131,2025-11-04,1769.78,CHEQUE
PMT0002245,CTR000131,2025-12-03,1769.78,ONLINE_BANKING
PMT0002246,CTR000131,2026-01-01,1769.78,PRE_AUTHORIZED
PMT0002247,CTR000131,2026-02-06,1769.78,CHEQUE
PMT0002248,CTR000131,2026-03-05,1769.78,PRE_AUTHORIZED
PMT0002249,CTR000131,2026-04-02,1769.78,PRE_AUTHORIZED
PMT0002250,CTR000131,2026-05-03,1769.78,ONLINE_BANKING
PMT0002251,CTR000132,2025-06-28,609.81,PRE_AUTHORIZED
PMT0002252,CTR000132,2025-07-02,609.81,ONLINE_BANKING
PMT0002253,CTR000132,2025-08-02,609.81,PRE_AUTHORIZED
PMT0002254,CTR000132,2025-09-02,609.81,PRE_AUTHORIZED
PMT0002255,CTR000132,2025-10-01,609.81,PRE_AUTHORIZED
PMT0002256,CTR000132,2025-11-06,609.81,ONLINE_BANKING
PMT0002257,CTR000132,2025-12-01,609.81,PRE_AUTHORIZED
PMT0002258,CTR000132,2026-01-06,609.81,PRE_AUTHORIZED
PMT0002259,CTR000132,2026-02-03,609.81,ONLINE_BANKING
PMT0002260,CTR000132,2026-03-06,609.81,PRE_AUTHORIZED
PMT0002261,CTR000132,2026-04-04,609.81,CHEQUE
PMT0002262,CTR000132,2026-05-05,609.81,CHEQUE
PMT0002263,CTR000133,2025-02-07,509.42,ONLINE_BANKING
PMT0002264,CTR000133,2025-03-04,509.42,PRE_AUTHORIZED
PMT0002265,CTR000133,2025-04-02,509.42,PRE_AUTHORIZED
PMT0002266,CTR000133,2025-05-01,509.42,ONLINE_BANKING
PMT0002267,CTR000133,2025-06-06,509.42,CHEQUE
PMT0002268,CTR000133,2025-07-02,509.42,PRE_AUTHORIZED
PMT0002269,CTR000133,2025-08-03,509.42,ONLINE_BANKING
PMT0002270,CTR000133,2025-09-05,509.42,PRE_AUTHORIZED
PMT0002271,CTR000133,2025-10-03,509.42,CHEQUE
PMT0002272,CTR000133,2025-11-05,509.42,CHEQUE
PMT0002273,CTR000133,2025-12-01,509.42,PRE_AUTHORIZED
PMT0002274,CTR000133,2026-01-04,509.42,ONLINE_BANKING
PMT0002275,CTR000133,2026-02-04,509.42,ONLINE_BANKING
PMT0002276,CTR000133,2026-03-03,509.42,ONLINE_BANKING
PMT0002277,CTR000133,2026-04-01,509.42,ONLINE_BANKING
PMT0002278,CTR000133,2026-05-03,509.42,CHEQUE
PMT0002279,CTR000134,2024-04-12,1473.28,CHEQUE
PMT0002280,CTR000134,2024-05-04,1473.28,ONLINE_BANKING
PMT0002281,CTR000134,2024-06-01,1473.28,ONLINE_BANKING
PMT0002282,CTR000134,2024-07-06,1473.28,ONLINE_BANKING
PMT0002283,CTR000134,2024-08-04,1473.28,ONLINE_BANKING
PMT0002284,CTR000134,2024-09-02,1473.28,CHEQUE
PMT0002285,CTR000134,2024-10-06,1473.28,ONLINE_BANKING
PMT0002286,CTR000134,2024-11-01,1473.28,PRE_AUTHORIZED
PMT0002287,CTR000134,2024-12-05,1473.28,ONLINE_BANKING
PMT0002288,CTR000134,2025-01-02,1473.28,PRE_AUTHORIZED
PMT0002289,CTR000134,2025-02-02,1473.28,CHEQUE
PMT0002290,CTR000134,2025-03-05,1473.28,ONLINE_BANKING
PMT0002291,CTR000134,2025-04-02,1473.28,ONLINE_BANKING
PMT0002292,CTR000134,2025-05-06,1473.28,PRE_AUTHORIZED
PMT0002293,CTR000134,2025-06-02,1473.28,ONLINE_BANKING
PMT0002294,CTR000134,2025-07-03,1473.28,PRE_AUTHORIZED
PMT0002295,CTR000134,2025-08-06,1473.28,PRE_AUTHORIZED
PMT0002296,CTR000134,2025-09-06,1473.28,PRE_AUTHORIZED
PMT0002297,CTR000134,2025-10-06,1473.28,PRE_AUTHORIZED
PMT0002298,CTR000134,2025-11-04,1473.28,ONLINE_BANKING
PMT0002299,CTR000134,2025-12-04,1473.28,CHEQUE
PMT0002300,CTR000134,2026-01-04,1473.28,CHEQUE
PMT0002301,CTR000134,2026-02-03,1473.28,CHEQUE
PMT0002302,CTR000134,2026-03-02,1473.28,PRE_AUTHORIZED
PMT0002303,CTR000135,2026-05-10,431.4,ONLINE_BANKING
PMT0002304,CTR000136,2024-11-22,1159.03,ONLINE_BANKING
PMT0002305,CTR000136,2024-12-04,1159.03,ONLINE_BANKING
PMT0002306,CTR000136,2025-01-05,1159.03,PRE_AUTHORIZED
PMT0002307,CTR000136,2025-02-02,1159.03,PRE_AUTHORIZED
PMT0002308,CTR000136,2025-03-05,1159.03,ONLINE_BANKING
PMT0002309,CTR000136,2025-04-03,1159.03,CHEQUE
PMT0002310,CTR000136,2025-05-02,1159.03,ONLINE_BANKING
PMT0002311,CTR000136,2025-06-05,1159.03,CHEQUE
PMT0002312,CTR000136,2025-07-04,1159.03,ONLINE_BANKING
PMT0002313,CTR000136,2025-08-03,1159.03,CHEQUE
PMT0002314,CTR000136,2025-09-03,1159.03,CHEQUE
PMT0002315,CTR000136,2025-10-02,1159.03,CHEQUE
PMT0002316,CTR000136,2025-11-03,1159.03,CHEQUE
PMT0002317,CTR000136,2025-12-04,1159.03,PRE_AUTHORIZED
PMT0002318,CTR000136,2026-01-02,1159.03,PRE_AUTHORIZED
PMT0002319,CTR000136,2026-02-03,1159.03,ONLINE_BANKING
PMT0002320,CTR000136,2026-03-06,1159.03,CHEQUE
PMT0002321,CTR000136,2026-04-03,1159.03,ONLINE_BANKING
PMT0002322,CTR000136,2026-05-06,1159.03,ONLINE_BANKING
PMT0002323,CTR000137,2024-01-22,472.38,PRE_AUTHORIZED
PMT0002324,CTR000137,2024-02-03,472.38,PRE_AUTHORIZED
PMT0002325,CTR000137,2024-03-05,472.38,PRE_AUTHORIZED
PMT0002326,CTR000137,2024-04-06,472.38,CHEQUE
PMT0002327,CTR000137,2024-05-03,472.38,ONLINE_BANKING
PMT0002328,CTR000137,2024-06-04,472.38,PRE_AUTHORIZED
PMT0002329,CTR000137,2024-07-03,472.38,PRE_AUTHORIZED
PMT0002330,CTR000137,2024-08-01,472.38,PRE_AUTHORIZED
PMT0002331,CTR000137,2024-09-02,472.38,ONLINE_BANKING
PMT0002332,CTR000137,2024-10-05,472.38,CHEQUE
PMT0002333,CTR000137,2024-11-01,472.38,PRE_AUTHORIZED
PMT0002334,CTR000137,2024-12-06,472.38,ONLINE_BANKING
PMT0002335,CTR000137,2025-01-06,472.38,ONLINE_BANKING
PMT0002336,CTR000137,2025-02-04,472.38,PRE_AUTHORIZED
PMT0002337,CTR000137,2025-03-03,472.38,PRE_AUTHORIZED
PMT0002338,CTR000137,2025-04-03,472.38,ONLINE_BANKING
PMT0002339,CTR000137,2025-05-01,472.38,ONLINE_BANKING
PMT0002340,CTR000137,2025-06-06,472.38,PRE_AUTHORIZED
PMT0002341,CTR000137,2025-07-05,472.38,PRE_AUTHORIZED
PMT0002342,CTR000137,2025-08-05,472.38,PRE_AUTHORIZED
PMT0002343,CTR000137,2025-09-02,472.38,CHEQUE
PMT0002344,CTR000137,2025-10-02,472.38,PRE_AUTHORIZED
PMT0002345,CTR000137,2025-11-04,472.38,PRE_AUTHORIZED
PMT0002346,CTR000137,2025-12-05,472.38,PRE_AUTHORIZED
PMT0002347,CTR000138,2023-01-13,490.25,CHEQUE
PMT0002348,CTR000138,2023-02-04,490.25,CHEQUE
PMT0002349,CTR000138,2023-03-03,490.25,ONLINE_BANKING
PMT0002350,CTR000138,2023-04-06,490.25,CHEQUE
PMT0002351,CTR000138,2023-05-01,490.25,ONLINE_BANKING
PMT0002352,CTR000138,2023-06-02,490.25,ONLINE_BANKING
PMT0002353,CTR000138,2023-07-06,490.25,CHEQUE
PMT0002354,CTR000138,2023-08-03,490.25,PRE_AUTHORIZED
PMT0002355,CTR000138,2023-09-02,490.25,ONLINE_BANKING
PMT0002356,CTR000138,2023-10-03,490.25,ONLINE_BANKING
PMT0002357,CTR000138,2023-11-04,490.25,CHEQUE
PMT0002358,CTR000138,2023-12-02,490.25,CHEQUE
PMT0002359,CTR000138,2024-01-02,490.25,ONLINE_BANKING
PMT0002360,CTR000138,2024-02-06,490.25,CHEQUE
PMT0002361,CTR000138,2024-03-06,490.25,PRE_AUTHORIZED
PMT0002362,CTR000138,2024-04-03,490.25,PRE_AUTHORIZED
PMT0002363,CTR000138,2024-05-06,490.25,PRE_AUTHORIZED
PMT0002364,CTR000138,2024-06-03,490.25,ONLINE_BANKING
PMT0002365,CTR000138,2024-07-06,490.25,PRE_AUTHORIZED
PMT0002366,CTR000138,2024-08-04,490.25,ONLINE_BANKING
PMT0002367,CTR000138,2024-09-04,490.25,CHEQUE
PMT0002368,CTR000138,2024-10-04,490.25,PRE_AUTHORIZED
PMT0002369,CTR000138,2024-11-06,490.25,PRE_AUTHORIZED
PMT0002370,CTR000138,2024-12-05,490.25,ONLINE_BANKING
PMT0002371,CTR000139,2025-11-09,1440.98,ONLINE_BANKING
PMT0002372,CTR000139,2025-12-03,1440.98,PRE_AUTHORIZED
PMT0002373,CTR000139,2026-01-04,1440.98,PRE_AUTHORIZED
PMT0002374,CTR000139,2026-02-04,1440.98,CHEQUE
PMT0002375,CTR000139,2026-03-02,1440.98,PRE_AUTHORIZED
PMT0002376,CTR000139,2026-04-02,1440.98,PRE_AUTHORIZED
PMT0002377,CTR000139,2026-05-03,1440.98,CHEQUE
PMT0002378,CTR000140,2026-05-13,1026.55,PRE_AUTHORIZED
PMT0002379,CTR000141,2025-10-16,365.72,CHEQUE
PMT0002380,CTR000141,2025-11-05,365.72,ONLINE_BANKING
PMT0002381,CTR000141,2025-12-01,365.72,PRE_AUTHORIZED
PMT0002382,CTR000141,2026-01-03,365.72,CHEQUE
PMT0002383,CTR000141,2026-02-02,365.72,ONLINE_BANKING
PMT0002384,CTR000141,2026-03-02,365.72,ONLINE_BANKING
PMT0002385,CTR000141,2026-04-01,365.72,ONLINE_BANKING
PMT0002386,CTR000141,2026-05-02,365.72,PRE_AUTHORIZED
PMT0002387,CTR000142,2023-06-14,660.97,ONLINE_BANKING
PMT0002388,CTR000142,2023-07-03,660.97,CHEQUE
PMT0002389,CTR000142,2023-08-04,660.97,CHEQUE
PMT0002390,CTR000142,2023-09-02,660.97,PRE_AUTHORIZED
PMT0002391,CTR000142,2023-10-03,660.97,PRE_AUTHORIZED
PMT0002392,CTR000142,2023-11-05,660.97,CHEQUE
PMT0002393,CTR000142,2023-12-05,660.97,PRE_AUTHORIZED
PMT0002394,CTR000142,2024-01-01,660.97,ONLINE_BANKING
PMT0002395,CTR000142,2024-02-01,660.97,ONLINE_BANKING
PMT0002396,CTR000142,2024-03-06,660.97,CHEQUE
PMT0002397,CTR000142,2024-04-01,660.97,ONLINE_BANKING
PMT0002398,CTR000142,2024-05-05,660.97,CHEQUE
PMT0002399,CTR000142,2024-06-02,660.97,ONLINE_BANKING
PMT0002400,CTR000142,2024-07-04,660.97,PRE_AUTHORIZED
PMT0002401,CTR000142,2024-08-04,660.97,CHEQUE
PMT0002402,CTR000142,2024-09-03,660.97,ONLINE_BANKING
PMT0002403,CTR000142,2024-10-04,660.97,ONLINE_BANKING
PMT0002404,CTR000142,2024-11-04,660.97,PRE_AUTHORIZED
PMT0002405,CTR000142,2024-12-01,660.97,ONLINE_BANKING
PMT0002406,CTR000142,2025-01-06,660.97,PRE_AUTHORIZED
PMT0002407,CTR000142,2025-02-05,660.97,CHEQUE
PMT0002408,CTR000142,2025-03-01,660.97,PRE_AUTHORIZED
PMT0002409,CTR000142,2025-04-04,660.97,CHEQUE
PMT0002410,CTR000142,2025-05-01,660.97,PRE_AUTHORIZED
PMT0002411,CTR000143,2023-04-19,906.39,ONLINE_BANKING
PMT0002412,CTR000143,2023-05-03,906.39,ONLINE_BANKING
PMT0002413,CTR000143,2023-06-04,906.39,PRE_AUTHORIZED
PMT0002414,CTR000143,2023-07-01,906.39,PRE_AUTHORIZED
PMT0002415,CTR000143,2023-08-04,906.39,ONLINE_BANKING
PMT0002416,CTR000143,2023-09-05,906.39,CHEQUE
PMT0002417,CTR000143,2023-10-01,906.39,ONLINE_BANKING
PMT0002418,CTR000143,2023-11-04,906.39,CHEQUE
PMT0002419,CTR000143,2023-12-04,906.39,ONLINE_BANKING
PMT0002420,CTR000143,2024-01-01,906.39,CHEQUE
PMT0002421,CTR000143,2024-02-02,906.39,CHEQUE
PMT0002422,CTR000143,2024-03-04,906.39,ONLINE_BANKING
PMT0002423,CTR000143,2024-04-06,906.39,ONLINE_BANKING
PMT0002424,CTR000143,2024-05-05,906.39,PRE_AUTHORIZED
PMT0002425,CTR000143,2024-06-04,906.39,CHEQUE
PMT0002426,CTR000143,2024-07-04,906.39,ONLINE_BANKING
PMT0002427,CTR000143,2024-08-03,906.39,CHEQUE
PMT0002428,CTR000143,2024-09-01,906.39,ONLINE_BANKING
PMT0002429,CTR000143,2024-10-02,906.39,CHEQUE
PMT0002430,CTR000143,2024-11-03,906.39,CHEQUE
PMT0002431,CTR000143,2024-12-06,906.39,CHEQUE
PMT0002432,CTR000143,2025-01-05,906.39,ONLINE_BANKING
PMT0002433,CTR000143,2025-02-01,906.39,CHEQUE
PMT0002434,CTR000143,2025-03-06,906.39,ONLINE_BANKING
PMT0002435,CTR000145,2024-08-27,937.52,ONLINE_BANKING
PMT0002436,CTR000145,2024-09-01,937.52,CHEQUE
PMT0002437,CTR000145,2024-10-06,937.52,CHEQUE
PMT0002438,CTR000145,2024-11-04,937.52,ONLINE_BANKING
PMT0002439,CTR000145,2024-12-01,937.52,PRE_AUTHORIZED
PMT0002440,CTR000145,2025-01-02,937.52,CHEQUE
PMT0002441,CTR000145,2025-02-06,937.52,PRE_AUTHORIZED
PMT0002442,CTR000145,2025-03-05,937.52,CHEQUE
PMT0002443,CTR000145,2025-04-05,937.52,CHEQUE
PMT0002444,CTR000145,2025-05-05,937.52,CHEQUE
PMT0002445,CTR000145,2025-06-04,937.52,PRE_AUTHORIZED
PMT0002446,CTR000145,2025-07-04,937.52,CHEQUE
PMT0002447,CTR000145,2025-08-02,937.52,PRE_AUTHORIZED
PMT0002448,CTR000145,2025-09-04,937.52,CHEQUE
PMT0002449,CTR000145,2025-10-01,937.52,CHEQUE
PMT0002450,CTR000145,2025-11-03,937.52,CHEQUE
PMT0002451,CTR000145,2025-12-04,937.52,CHEQUE
PMT0002452,CTR000145,2026-01-01,937.52,PRE_AUTHORIZED
PMT0002453,CTR000145,2026-02-05,937.52,CHEQUE
PMT0002454,CTR000145,2026-03-06,937.52,PRE_AUTHORIZED
PMT0002455,CTR000145,2026-04-01,937.52,CHEQUE
PMT0002456,CTR000145,2026-05-03,937.52,ONLINE_BANKING
PMT0002457,CTR000146,2023-11-19,876.77,ONLINE_BANKING
PMT0002458,CTR000146,2023-12-04,876.77,CHEQUE
PMT0002459,CTR000146,2024-01-05,876.77,ONLINE_BANKING
PMT0002460,CTR000146,2024-02-04,876.77,PRE_AUTHORIZED
PMT0002461,CTR000146,2024-03-05,876.77,CHEQUE
PMT0002462,CTR000146,2024-04-03,876.77,PRE_AUTHORIZED
PMT0002463,CTR000146,2024-05-05,876.77,CHEQUE
PMT0002464,CTR000146,2024-06-06,876.77,PRE_AUTHORIZED
PMT0002465,CTR000146,2024-07-06,876.77,PRE_AUTHORIZED
PMT0002466,CTR000146,2024-08-06,876.77,CHEQUE
PMT0002467,CTR000146,2024-09-01,876.77,ONLINE_BANKING
PMT0002468,CTR000146,2024-10-01,876.77,ONLINE_BANKING
PMT0002469,CTR000146,2024-11-01,876.77,ONLINE_BANKING
PMT0002470,CTR000146,2024-12-06,876.77,ONLINE_BANKING
PMT0002471,CTR000146,2025-01-06,876.77,PRE_AUTHORIZED
PMT0002472,CTR000146,2025-02-06,876.77,CHEQUE
PMT0002473,CTR000146,2025-03-01,876.77,PRE_AUTHORIZED
PMT0002474,CTR000146,2025-04-03,876.77,CHEQUE
PMT0002475,CTR000146,2025-05-06,876.77,PRE_AUTHORIZED
PMT0002476,CTR000146,2025-06-06,876.77,CHEQUE
PMT0002477,CTR000146,2025-07-01,876.77,PRE_AUTHORIZED
PMT0002478,CTR000146,2025-08-01,876.77,PRE_AUTHORIZED
PMT0002479,CTR000146,2025-09-05,876.77,PRE_AUTHORIZED
PMT0002480,CTR000146,2025-10-03,876.77,PRE_AUTHORIZED
PMT0002481,CTR000147,2023-08-09,214.47,CHEQUE
PMT0002482,CTR000147,2023-09-01,214.47,ONLINE_BANKING
PMT0002483,CTR000147,2023-10-02,214.47,CHEQUE
PMT0002484,CTR000147,2023-11-04,214.47,CHEQUE
PMT0002485,CTR000147,2023-12-03,214.47,ONLINE_BANKING
PMT0002486,CTR000147,2024-01-03,214.47,PRE_AUTHORIZED
PMT0002487,CTR000147,2024-02-01,214.47,ONLINE_BANKING
PMT0002488,CTR000147,2024-03-05,214.47,CHEQUE
PMT0002489,CTR000147,2024-04-03,214.47,CHEQUE
PMT0002490,CTR000147,2024-05-06,214.47,ONLINE_BANKING
PMT0002491,CTR000147,2024-06-01,214.47,PRE_AUTHORIZED
PMT0002492,CTR000147,2024-07-01,214.47,ONLINE_BANKING
PMT0002493,CTR000147,2024-08-06,214.47,PRE_AUTHORIZED
PMT0002494,CTR000147,2024-09-04,214.47,PRE_AUTHORIZED
PMT0002495,CTR000147,2024-10-04,214.47,ONLINE_BANKING
PMT0002496,CTR000147,2024-11-01,214.47,CHEQUE
PMT0002497,CTR000147,2024-12-01,214.47,PRE_AUTHORIZED
PMT0002498,CTR000147,2025-01-04,214.47,PRE_AUTHORIZED
PMT0002499,CTR000147,2025-02-02,214.47,ONLINE_BANKING
PMT0002500,CTR000147,2025-03-03,214.47,ONLINE_BANKING
PMT0002501,CTR000147,2025-04-03,214.47,CHEQUE
PMT0002502,CTR000147,2025-05-06,214.47,PRE_AUTHORIZED
PMT0002503,CTR000147,2025-06-03,214.47,CHEQUE
PMT0002504,CTR000147,2025-07-04,214.47,PRE_AUTHORIZED
PMT0002505,CTR000148,2025-10-14,1047.57,CHEQUE
PMT0002506,CTR000148,2025-11-02,1047.57,CHEQUE
PMT0002507,CTR000148,2025-12-02,1047.57,ONLINE_BANKING
PMT0002508,CTR000148,2026-01-05,1047.57,PRE_AUTHORIZED
PMT0002509,CTR000148,2026-02-02,1047.57,PRE_AUTHORIZED
PMT0002510,CTR000148,2026-03-02,1047.57,PRE_AUTHORIZED
PMT0002511,CTR000148,2026-04-03,1047.57,CHEQUE
PMT0002512,CTR000148,2026-05-06,1047.57,PRE_AUTHORIZED
PMT0002513,CTR000149,2023-11-08,878.2,PRE_AUTHORIZED
PMT0002514,CTR000149,2023-12-02,878.2,CHEQUE
PMT0002515,CTR000149,2024-01-03,878.2,ONLINE_BANKING
PMT0002516,CTR000149,2024-02-04,878.2,ONLINE_BANKING
PMT0002517,CTR000149,2024-03-01,878.2,CHEQUE
PMT0002518,CTR000149,2024-04-04,878.2,ONLINE_BANKING
PMT0002519,CTR000149,2024-05-03,878.2,CHEQUE
PMT0002520,CTR000149,2024-06-04,878.2,CHEQUE
PMT0002521,CTR000149,2024-07-05,878.2,CHEQUE
PMT0002522,CTR000149,2024-08-03,878.2,CHEQUE
PMT0002523,CTR000149,2024-09-04,878.2,PRE_AUTHORIZED
PMT0002524,CTR000149,2024-10-03,878.2,CHEQUE
PMT0002525,CTR000149,2024-11-02,878.2,PRE_AUTHORIZED
PMT0002526,CTR000149,2024-12-02,878.2,ONLINE_BANKING
PMT0002527,CTR000149,2025-01-04,878.2,CHEQUE
PMT0002528,CTR000149,2025-02-05,878.2,ONLINE_BANKING
PMT0002529,CTR000149,2025-03-01,878.2,PRE_AUTHORIZED
PMT0002530,CTR000149,2025-04-03,878.2,CHEQUE
PMT0002531,CTR000149,2025-05-06,878.2,PRE_AUTHORIZED
PMT0002532,CTR000149,2025-06-01,878.2,ONLINE_BANKING
PMT0002533,CTR000149,2025-07-05,878.2,ONLINE_BANKING
PMT0002534,CTR000149,2025-08-04,878.2,CHEQUE
PMT0002535,CTR000149,2025-09-01,878.2,ONLINE_BANKING
PMT0002536,CTR000149,2025-10-01,878.2,ONLINE_BANKING
PMT0002537,CTR000150,2024-12-04,573.41,CHEQUE
PMT0002538,CTR000150,2024-12-02,573.41,CHEQUE
PMT0002539,CTR000150,2025-01-05,573.41,CHEQUE
PMT0002540,CTR000150,2025-02-02,573.41,ONLINE_BANKING
PMT0002541,CTR000150,2025-03-06,573.41,ONLINE_BANKING
PMT0002542,CTR000150,2025-04-04,573.41,CHEQUE
PMT0002543,CTR000150,2025-05-06,573.41,ONLINE_BANKING
PMT0002544,CTR000150,2025-06-02,573.41,ONLINE_BANKING
PMT0002545,CTR000150,2025-07-04,573.41,PRE_AUTHORIZED
PMT0002546,CTR000150,2025-08-02,573.41,ONLINE_BANKING
PMT0002547,CTR000150,2025-09-01,573.41,CHEQUE
PMT0002548,CTR000150,2025-10-03,573.41,CHEQUE
PMT0002549,CTR000150,2025-11-01,573.41,ONLINE_BANKING
PMT0002550,CTR000150,2025-12-05,573.41,CHEQUE
PMT0002551,CTR000150,2026-01-05,573.41,PRE_AUTHORIZED
PMT0002552,CTR000150,2026-02-02,573.41,ONLINE_BANKING
PMT0002553,CTR000150,2026-03-01,573.41,ONLINE_BANKING
PMT0002554,CTR000150,2026-04-06,573.41,CHEQUE
PMT0002555,CTR000150,2026-05-04,573.41,PRE_AUTHORIZED
PMT0002556,CTR000151,2023-08-23,1248.44,ONLINE_BANKING
PMT0002557,CTR000151,2023-09-05,1248.44,PRE_AUTHORIZED
PMT0002558,CTR000151,2023-10-01,1248.44,PRE_AUTHORIZED
PMT0002559,CTR000151,2023-11-05,1248.44,ONLINE_BANKING
PMT0002560,CTR000151,2023-12-06,1248.44,CHEQUE
PMT0002561,CTR000151,2024-01-01,1248.44,CHEQUE
PMT0002562,CTR000151,2024-02-04,1248.44,CHEQUE
PMT0002563,CTR000151,2024-03-06,1248.44,ONLINE_BANKING
PMT0002564,CTR000151,2024-04-06,1248.44,CHEQUE
PMT0002565,CTR000151,2024-05-02,1248.44,ONLINE_BANKING
PMT0002566,CTR000151,2024-06-03,1248.44,CHEQUE
PMT0002567,CTR000151,2024-07-06,1248.44,PRE_AUTHORIZED
PMT0002568,CTR000151,2024-08-02,1248.44,ONLINE_BANKING
PMT0002569,CTR000151,2024-09-01,1248.44,CHEQUE
PMT0002570,CTR000151,2024-10-04,1248.44,ONLINE_BANKING
PMT0002571,CTR000151,2024-11-01,1248.44,CHEQUE
PMT0002572,CTR000151,2024-12-05,1248.44,CHEQUE
PMT0002573,CTR000151,2025-01-05,1248.44,CHEQUE
PMT0002574,CTR000151,2025-02-01,1248.44,CHEQUE
PMT0002575,CTR000151,2025-03-03,1248.44,ONLINE_BANKING
PMT0002576,CTR000151,2025-04-01,1248.44,PRE_AUTHORIZED
PMT0002577,CTR000151,2025-05-03,1248.44,PRE_AUTHORIZED
PMT0002578,CTR000151,2025-06-01,1248.44,ONLINE_BANKING
PMT0002579,CTR000151,2025-07-04,1248.44,PRE_AUTHORIZED
PMT0002580,CTR000152,2023-03-03,1001.24,CHEQUE
PMT0002581,CTR000152,2023-03-03,1001.24,PRE_AUTHORIZED
PMT0002582,CTR000152,2023-04-03,1001.24,ONLINE_BANKING
PMT0002583,CTR000152,2023-05-06,1001.24,PRE_AUTHORIZED
PMT0002584,CTR000152,2023-06-01,1001.24,CHEQUE
PMT0002585,CTR000152,2023-07-06,1001.24,CHEQUE
PMT0002586,CTR000152,2023-08-04,1001.24,PRE_AUTHORIZED
PMT0002587,CTR000152,2023-09-04,1001.24,ONLINE_BANKING
PMT0002588,CTR000152,2023-10-02,1001.24,PRE_AUTHORIZED
PMT0002589,CTR000152,2023-11-03,1001.24,PRE_AUTHORIZED
PMT0002590,CTR000152,2023-12-01,1001.24,CHEQUE
PMT0002591,CTR000152,2024-01-02,1001.24,PRE_AUTHORIZED
PMT0002592,CTR000152,2024-02-03,1001.24,CHEQUE
PMT0002593,CTR000152,2024-03-05,1001.24,CHEQUE
PMT0002594,CTR000152,2024-04-05,1001.24,PRE_AUTHORIZED
PMT0002595,CTR000152,2024-05-02,1001.24,PRE_AUTHORIZED
PMT0002596,CTR000152,2024-06-02,1001.24,ONLINE_BANKING
PMT0002597,CTR000152,2024-07-03,1001.24,ONLINE_BANKING
PMT0002598,CTR000152,2024-08-04,1001.24,ONLINE_BANKING
PMT0002599,CTR000152,2024-09-01,1001.24,ONLINE_BANKING
PMT0002600,CTR000152,2024-10-01,1001.24,ONLINE_BANKING
PMT0002601,CTR000152,2024-11-05,1001.24,ONLINE_BANKING
PMT0002602,CTR000152,2024-12-02,1001.24,ONLINE_BANKING
PMT0002603,CTR000152,2025-01-01,1001.24,CHEQUE
PMT0002604,CTR000153,2024-09-05,942.65,PRE_AUTHORIZED
PMT0002605,CTR000153,2024-10-06,942.65,PRE_AUTHORIZED
PMT0002606,CTR000153,2024-11-06,942.65,CHEQUE
PMT0002607,CTR000153,2024-12-03,942.65,PRE_AUTHORIZED
PMT0002608,CTR000153,2025-01-02,942.65,CHEQUE
PMT0002609,CTR000153,2025-02-05,942.65,CHEQUE
PMT0002610,CTR000153,2025-03-03,942.65,ONLINE_BANKING
PMT0002611,CTR000153,2025-04-03,942.65,PRE_AUTHORIZED
PMT0002612,CTR000153,2025-05-01,942.65,CHEQUE
PMT0002613,CTR000153,2025-06-05,942.65,PRE_AUTHORIZED
PMT0002614,CTR000153,2025-07-05,942.65,CHEQUE
PMT0002615,CTR000153,2025-08-01,942.65,ONLINE_BANKING
PMT0002616,CTR000153,2025-09-04,942.65,ONLINE_BANKING
PMT0002617,CTR000153,2025-10-05,942.65,ONLINE_BANKING
PMT0002618,CTR000153,2025-11-02,942.65,CHEQUE
PMT0002619,CTR000153,2025-12-04,942.65,PRE_AUTHORIZED
PMT0002620,CTR000153,2026-01-04,942.65,PRE_AUTHORIZED
PMT0002621,CTR000153,2026-02-05,942.65,PRE_AUTHORIZED
PMT0002622,CTR000153,2026-03-01,942.65,CHEQUE
PMT0002623,CTR000153,2026-04-03,942.65,PRE_AUTHORIZED
PMT0002624,CTR000153,2026-05-01,942.65,PRE_AUTHORIZED
PMT0002625,CTR000154,2025-03-04,966.37,PRE_AUTHORIZED
PMT0002626,CTR000154,2025-03-04,966.37,PRE_AUTHORIZED
PMT0002627,CTR000154,2025-04-06,966.37,CHEQUE
PMT0002628,CTR000154,2025-05-03,966.37,CHEQUE
PMT0002629,CTR000154,2025-06-06,966.37,ONLINE_BANKING
PMT0002630,CTR000154,2025-07-06,966.37,CHEQUE
PMT0002631,CTR000154,2025-08-05,966.37,CHEQUE
PMT0002632,CTR000154,2025-09-03,966.37,PRE_AUTHORIZED
PMT0002633,CTR000154,2025-10-03,966.37,PRE_AUTHORIZED
PMT0002634,CTR000154,2025-11-04,966.37,ONLINE_BANKING
PMT0002635,CTR000154,2025-12-06,966.37,CHEQUE
PMT0002636,CTR000154,2026-01-02,966.37,CHEQUE
PMT0002637,CTR000154,2026-02-06,966.37,ONLINE_BANKING
PMT0002638,CTR000154,2026-03-01,966.37,PRE_AUTHORIZED
PMT0002639,CTR000154,2026-04-04,966.37,ONLINE_BANKING
PMT0002640,CTR000154,2026-05-01,966.37,CHEQUE
PMT0002641,CTR000155,2025-05-03,661.04,CHEQUE
PMT0002642,CTR000155,2025-05-01,661.04,CHEQUE
PMT0002643,CTR000155,2025-06-06,661.04,CHEQUE
PMT0002644,CTR000155,2025-07-06,661.04,CHEQUE
PMT0002645,CTR000155,2025-08-06,661.04,CHEQUE
PMT0002646,CTR000155,2025-09-03,661.04,PRE_AUTHORIZED
PMT0002647,CTR000155,2025-10-06,661.04,PRE_AUTHORIZED
PMT0002648,CTR000155,2025-11-04,661.04,PRE_AUTHORIZED
PMT0002649,CTR000155,2025-12-05,661.04,ONLINE_BANKING
PMT0002650,CTR000155,2026-01-05,661.04,PRE_AUTHORIZED
PMT0002651,CTR000155,2026-02-04,661.04,PRE_AUTHORIZED
PMT0002652,CTR000155,2026-03-01,661.04,PRE_AUTHORIZED
PMT0002653,CTR000155,2026-04-04,661.04,PRE_AUTHORIZED
PMT0002654,CTR000155,2026-05-04,661.04,CHEQUE
PMT0002655,CTR000156,2023-06-12,402.2,CHEQUE
PMT0002656,CTR000156,2023-07-03,402.2,ONLINE_BANKING
PMT0002657,CTR000156,2023-08-03,402.2,ONLINE_BANKING
PMT0002658,CTR000156,2023-09-01,402.2,CHEQUE
PMT0002659,CTR000156,2023-10-06,402.2,PRE_AUTHORIZED
PMT0002660,CTR000156,2023-11-02,402.2,PRE_AUTHORIZED
PMT0002661,CTR000156,2023-12-01,402.2,ONLINE_BANKING
PMT0002662,CTR000156,2024-01-01,402.2,CHEQUE
PMT0002663,CTR000156,2024-02-06,402.2,PRE_AUTHORIZED
PMT0002664,CTR000156,2024-03-04,402.2,ONLINE_BANKING
PMT0002665,CTR000156,2024-04-04,402.2,PRE_AUTHORIZED
PMT0002666,CTR000156,2024-05-02,402.2,PRE_AUTHORIZED
PMT0002667,CTR000156,2024-06-05,402.2,ONLINE_BANKING
PMT0002668,CTR000156,2024-07-03,402.2,PRE_AUTHORIZED
PMT0002669,CTR000156,2024-08-02,402.2,CHEQUE
PMT0002670,CTR000156,2024-09-06,402.2,CHEQUE
PMT0002671,CTR000156,2024-10-02,402.2,ONLINE_BANKING
PMT0002672,CTR000156,2024-11-05,402.2,ONLINE_BANKING
PMT0002673,CTR000156,2024-12-05,402.2,ONLINE_BANKING
PMT0002674,CTR000156,2025-01-04,402.2,PRE_AUTHORIZED
PMT0002675,CTR000156,2025-02-02,402.2,ONLINE_BANKING
PMT0002676,CTR000156,2025-03-03,402.2,PRE_AUTHORIZED
PMT0002677,CTR000156,2025-04-05,402.2,CHEQUE
PMT0002678,CTR000156,2025-05-06,402.2,ONLINE_BANKING
PMT0002679,CTR000157,2025-08-21,994.52,PRE_AUTHORIZED
PMT0002680,CTR000157,2025-09-05,994.52,PRE_AUTHORIZED
PMT0002681,CTR000157,2025-10-01,994.52,CHEQUE
PMT0002682,CTR000157,2025-11-01,994.52,PRE_AUTHORIZED
PMT0002683,CTR000157,2025-12-01,994.52,CHEQUE
PMT0002684,CTR000157,2026-01-02,994.52,CHEQUE
PMT0002685,CTR000157,2026-02-04,994.52,ONLINE_BANKING
PMT0002686,CTR000157,2026-03-06,994.52,CHEQUE
PMT0002687,CTR000157,2026-04-01,994.52,CHEQUE
PMT0002688,CTR000157,2026-05-02,994.52,ONLINE_BANKING
PMT0002689,CTR000158,2024-10-26,836.22,ONLINE_BANKING
PMT0002690,CTR000158,2024-11-06,836.22,ONLINE_BANKING
PMT0002691,CTR000158,2024-12-03,836.22,CHEQUE
PMT0002692,CTR000158,2025-01-02,836.22,PRE_AUTHORIZED
PMT0002693,CTR000158,2025-02-06,836.22,CHEQUE
PMT0002694,CTR000158,2025-03-03,836.22,CHEQUE
PMT0002695,CTR000158,2025-04-03,836.22,PRE_AUTHORIZED
PMT0002696,CTR000158,2025-05-01,836.22,CHEQUE
PMT0002697,CTR000158,2025-06-01,836.22,CHEQUE
PMT0002698,CTR000158,2025-07-04,836.22,ONLINE_BANKING
PMT0002699,CTR000158,2025-08-05,836.22,PRE_AUTHORIZED
PMT0002700,CTR000158,2025-09-03,836.22,ONLINE_BANKING
PMT0002701,CTR000158,2025-10-04,836.22,PRE_AUTHORIZED
PMT0002702,CTR000158,2025-11-05,836.22,CHEQUE
PMT0002703,CTR000158,2025-12-01,836.22,ONLINE_BANKING
PMT0002704,CTR000158,2026-01-01,836.22,ONLINE_BANKING
PMT0002705,CTR000158,2026-02-04,836.22,PRE_AUTHORIZED
PMT0002706,CTR000158,2026-03-04,836.22,PRE_AUTHORIZED
PMT0002707,CTR000158,2026-04-02,836.22,ONLINE_BANKING
PMT0002708,CTR000158,2026-05-01,836.22,ONLINE_BANKING
PMT0002709,CTR000159,2023-05-22,1048.56,PRE_AUTHORIZED
PMT0002710,CTR000159,2023-06-03,1048.56,PRE_AUTHORIZED
PMT0002711,CTR000159,2023-07-03,1048.56,PRE_AUTHORIZED
PMT0002712,CTR000159,2023-08-06,1048.56,PRE_AUTHORIZED
PMT0002713,CTR000159,2023-09-06,1048.56,CHEQUE
PMT0002714,CTR000159,2023-10-01,1048.56,ONLINE_BANKING
PMT0002715,CTR000159,2023-11-01,1048.56,ONLINE_BANKING
PMT0002716,CTR000159,2023-12-03,1048.56,CHEQUE
PMT0002717,CTR000159,2024-01-01,1048.56,ONLINE_BANKING
PMT0002718,CTR000159,2024-02-03,1048.56,ONLINE_BANKING
PMT0002719,CTR000159,2024-03-05,1048.56,ONLINE_BANKING
PMT0002720,CTR000159,2024-04-05,1048.56,ONLINE_BANKING
PMT0002721,CTR000159,2024-05-03,1048.56,CHEQUE
PMT0002722,CTR000159,2024-06-02,1048.56,PRE_AUTHORIZED
PMT0002723,CTR000159,2024-07-03,1048.56,CHEQUE
PMT0002724,CTR000159,2024-08-04,1048.56,CHEQUE
PMT0002725,CTR000159,2024-09-04,1048.56,PRE_AUTHORIZED
PMT0002726,CTR000159,2024-10-06,1048.56,PRE_AUTHORIZED
PMT0002727,CTR000159,2024-11-05,1048.56,CHEQUE
PMT0002728,CTR000159,2024-12-04,1048.56,ONLINE_BANKING
PMT0002729,CTR000159,2025-01-03,1048.56,CHEQUE
PMT0002730,CTR000159,2025-02-02,1048.56,ONLINE_BANKING
PMT0002731,CTR000159,2025-03-01,1048.56,CHEQUE
PMT0002732,CTR000159,2025-04-03,1048.56,CHEQUE
PMT0002733,CTR000160,2025-02-08,908.7,ONLINE_BANKING
PMT0002734,CTR000160,2025-03-01,908.7,PRE_AUTHORIZED
PMT0002735,CTR000160,2025-04-06,908.7,CHEQUE
PMT0002736,CTR000160,2025-05-04,908.7,CHEQUE
PMT0002737,CTR000160,2025-06-03,908.7,PRE_AUTHORIZED
PMT0002738,CTR000160,2025-07-06,908.7,PRE_AUTHORIZED
PMT0002739,CTR000160,2025-08-02,908.7,PRE_AUTHORIZED
PMT0002740,CTR000160,2025-09-04,908.7,ONLINE_BANKING
PMT0002741,CTR000160,2025-10-02,908.7,PRE_AUTHORIZED
PMT0002742,CTR000160,2025-11-05,908.7,CHEQUE
PMT0002743,CTR000160,2025-12-06,908.7,PRE_AUTHORIZED
PMT0002744,CTR000160,2026-01-04,908.7,ONLINE_BANKING
PMT0002745,CTR000160,2026-02-02,908.7,CHEQUE
PMT0002746,CTR000160,2026-03-03,908.7,PRE_AUTHORIZED
PMT0002747,CTR000160,2026-04-04,908.7,ONLINE_BANKING
PMT0002748,CTR000160,2026-05-05,908.7,CHEQUE
PMT0002749,CTR000161,2023-10-30,841.76,CHEQUE
PMT0002750,CTR000161,2023-11-02,841.76,PRE_AUTHORIZED
PMT0002751,CTR000161,2023-12-03,841.76,CHEQUE
PMT0002752,CTR000161,2024-01-02,841.76,PRE_AUTHORIZED
PMT0002753,CTR000161,2024-02-01,841.76,CHEQUE
PMT0002754,CTR000161,2024-03-06,841.76,PRE_AUTHORIZED
PMT0002755,CTR000161,2024-04-02,841.76,PRE_AUTHORIZED
PMT0002756,CTR000161,2024-05-02,841.76,CHEQUE
PMT0002757,CTR000161,2024-06-02,841.76,PRE_AUTHORIZED
PMT0002758,CTR000161,2024-07-04,841.76,CHEQUE
PMT0002759,CTR000161,2024-08-05,841.76,PRE_AUTHORIZED
PMT0002760,CTR000161,2024-09-01,841.76,CHEQUE
PMT0002761,CTR000161,2024-10-03,841.76,PRE_AUTHORIZED
PMT0002762,CTR000161,2024-11-03,841.76,CHEQUE
PMT0002763,CTR000161,2024-12-04,841.76,PRE_AUTHORIZED
PMT0002764,CTR000161,2025-01-04,841.76,ONLINE_BANKING
PMT0002765,CTR000161,2025-02-06,841.76,CHEQUE
PMT0002766,CTR000161,2025-03-02,841.76,CHEQUE
PMT0002767,CTR000161,2025-04-01,841.76,PRE_AUTHORIZED
PMT0002768,CTR000161,2025-05-03,841.76,PRE_AUTHORIZED
PMT0002769,CTR000161,2025-06-02,841.76,PRE_AUTHORIZED
PMT0002770,CTR000161,2025-07-04,841.76,CHEQUE
PMT0002771,CTR000161,2025-08-02,841.76,PRE_AUTHORIZED
PMT0002772,CTR000161,2025-09-04,841.76,ONLINE_BANKING
PMT0002773,CTR000162,2025-09-08,779.14,PRE_AUTHORIZED
PMT0002774,CTR000162,2025-10-04,779.14,ONLINE_BANKING
PMT0002775,CTR000162,2025-11-01,779.14,ONLINE_BANKING
PMT0002776,CTR000162,2025-12-03,779.14,PRE_AUTHORIZED
PMT0002777,CTR000162,2026-01-01,779.14,ONLINE_BANKING
PMT0002778,CTR000162,2026-02-02,779.14,CHEQUE
PMT0002779,CTR000162,2026-03-03,779.14,PRE_AUTHORIZED
PMT0002780,CTR000162,2026-04-01,779.14,CHEQUE
PMT0002781,CTR000162,2026-05-06,779.14,ONLINE_BANKING
PMT0002782,CTR000163,2023-09-11,831.14,CHEQUE
PMT0002783,CTR000163,2023-10-04,831.14,ONLINE_BANKING
PMT0002784,CTR000163,2023-11-03,831.14,CHEQUE
PMT0002785,CTR000163,2023-12-04,831.14,ONLINE_BANKING
PMT0002786,CTR000163,2024-01-05,831.14,PRE_AUTHORIZED
PMT0002787,CTR000163,2024-02-04,831.14,PRE_AUTHORIZED
PMT0002788,CTR000163,2024-03-02,831.14,CHEQUE
PMT0002789,CTR000163,2024-04-05,831.14,CHEQUE
PMT0002790,CTR000163,2024-05-06,831.14,ONLINE_BANKING
PMT0002791,CTR000163,2024-06-03,831.14,ONLINE_BANKING
PMT0002792,CTR000163,2024-07-03,831.14,CHEQUE
PMT0002793,CTR000163,2024-08-03,831.14,CHEQUE
PMT0002794,CTR000163,2024-09-05,831.14,PRE_AUTHORIZED
PMT0002795,CTR000163,2024-10-02,831.14,CHEQUE
PMT0002796,CTR000163,2024-11-05,831.14,CHEQUE
PMT0002797,CTR000163,2024-12-05,831.14,CHEQUE
PMT0002798,CTR000163,2025-01-05,831.14,PRE_AUTHORIZED
PMT0002799,CTR000163,2025-02-06,831.14,CHEQUE
PMT0002800,CTR000163,2025-03-05,831.14,CHEQUE
PMT0002801,CTR000163,2025-04-03,831.14,ONLINE_BANKING
PMT0002802,CTR000163,2025-05-05,831.14,CHEQUE
PMT0002803,CTR000163,2025-06-02,831.14,PRE_AUTHORIZED
PMT0002804,CTR000163,2025-07-04,831.14,ONLINE_BANKING
PMT0002805,CTR000163,2025-08-02,831.14,CHEQUE
PMT0002806,CTR000164,2024-08-13,1108.98,CHEQUE
PMT0002807,CTR000164,2024-09-05,1108.98,CHEQUE
PMT0002808,CTR000164,2024-10-03,1108.98,CHEQUE
PMT0002809,CTR000164,2024-11-03,1108.98,PRE_AUTHORIZED
PMT0002810,CTR000164,2024-12-01,1108.98,CHEQUE
PMT0002811,CTR000164,2025-01-04,1108.98,ONLINE_BANKING
PMT0002812,CTR000164,2025-02-02,1108.98,PRE_AUTHORIZED
PMT0002813,CTR000164,2025-03-05,1108.98,CHEQUE
PMT0002814,CTR000164,2025-04-03,1108.98,ONLINE_BANKING
PMT0002815,CTR000164,2025-05-06,1108.98,PRE_AUTHORIZED
PMT0002816,CTR000164,2025-06-06,1108.98,ONLINE_BANKING
PMT0002817,CTR000164,2025-07-06,1108.98,ONLINE_BANKING
PMT0002818,CTR000164,2025-08-05,1108.98,CHEQUE
PMT0002819,CTR000164,2025-09-02,1108.98,PRE_AUTHORIZED
PMT0002820,CTR000164,2025-10-06,1108.98,CHEQUE
PMT0002821,CTR000164,2025-11-01,1108.98,ONLINE_BANKING
PMT0002822,CTR000164,2025-12-03,1108.98,PRE_AUTHORIZED
PMT0002823,CTR000164,2026-01-01,1108.98,ONLINE_BANKING
PMT0002824,CTR000164,2026-02-06,1108.98,PRE_AUTHORIZED
PMT0002825,CTR000164,2026-03-03,1108.98,CHEQUE
PMT0002826,CTR000164,2026-04-04,1108.98,ONLINE_BANKING
PMT0002827,CTR000164,2026-05-05,1108.98,CHEQUE
PMT0002828,CTR000165,2023-07-05,757.3,ONLINE_BANKING
PMT0002829,CTR000165,2023-08-05,757.3,ONLINE_BANKING
PMT0002830,CTR000165,2023-09-04,757.3,PRE_AUTHORIZED
PMT0002831,CTR000165,2023-10-05,757.3,PRE_AUTHORIZED
PMT0002832,CTR000165,2023-11-05,757.3,ONLINE_BANKING
PMT0002833,CTR000165,2023-12-04,757.3,PRE_AUTHORIZED
PMT0002834,CTR000165,2024-01-01,757.3,CHEQUE
PMT0002835,CTR000165,2024-02-04,757.3,PRE_AUTHORIZED
PMT0002836,CTR000165,2024-03-02,757.3,PRE_AUTHORIZED
PMT0002837,CTR000165,2024-04-03,757.3,ONLINE_BANKING
PMT0002838,CTR000165,2024-05-06,757.3,ONLINE_BANKING
PMT0002839,CTR000165,2024-06-04,757.3,ONLINE_BANKING
PMT0002840,CTR000165,2024-07-06,757.3,CHEQUE
PMT0002841,CTR000165,2024-08-03,757.3,ONLINE_BANKING
PMT0002842,CTR000165,2024-09-03,757.3,ONLINE_BANKING
PMT0002843,CTR000165,2024-10-02,757.3,ONLINE_BANKING
PMT0002844,CTR000165,2024-11-03,757.3,PRE_AUTHORIZED
PMT0002845,CTR000165,2024-12-05,757.3,ONLINE_BANKING
PMT0002846,CTR000165,2025-01-04,757.3,CHEQUE
PMT0002847,CTR000165,2025-02-03,757.3,CHEQUE
PMT0002848,CTR000165,2025-03-04,757.3,ONLINE_BANKING
PMT0002849,CTR000165,2025-04-03,757.3,PRE_AUTHORIZED
PMT0002850,CTR000165,2025-05-03,757.3,ONLINE_BANKING
PMT0002851,CTR000165,2025-06-05,757.3,CHEQUE
PMT0002852,CTR000166,2025-09-28,923.9,CHEQUE
PMT0002853,CTR000166,2025-10-05,923.9,ONLINE_BANKING
PMT0002854,CTR000166,2025-11-03,923.9,ONLINE_BANKING
PMT0002855,CTR000166,2025-12-06,923.9,PRE_AUTHORIZED
PMT0002856,CTR000166,2026-01-02,923.9,ONLINE_BANKING
PMT0002857,CTR000166,2026-02-05,923.9,ONLINE_BANKING
PMT0002858,CTR000166,2026-03-03,923.9,PRE_AUTHORIZED
PMT0002859,CTR000166,2026-04-05,923.9,CHEQUE
PMT0002860,CTR000166,2026-05-02,923.9,PRE_AUTHORIZED
PMT0002861,CTR000167,2024-09-10,409.62,ONLINE_BANKING
PMT0002862,CTR000167,2024-10-02,409.62,ONLINE_BANKING
PMT0002863,CTR000167,2024-11-01,409.62,CHEQUE
PMT0002864,CTR000167,2024-12-06,409.62,PRE_AUTHORIZED
PMT0002865,CTR000167,2025-01-04,409.62,CHEQUE
PMT0002866,CTR000167,2025-02-05,409.62,ONLINE_BANKING
PMT0002867,CTR000167,2025-03-03,409.62,ONLINE_BANKING
PMT0002868,CTR000167,2025-04-05,409.62,ONLINE_BANKING
PMT0002869,CTR000167,2025-05-03,409.62,ONLINE_BANKING
PMT0002870,CTR000167,2025-06-05,409.62,PRE_AUTHORIZED
PMT0002871,CTR000167,2025-07-01,409.62,ONLINE_BANKING
PMT0002872,CTR000167,2025-08-04,409.62,CHEQUE
PMT0002873,CTR000167,2025-09-05,409.62,PRE_AUTHORIZED
PMT0002874,CTR000167,2025-10-04,409.62,CHEQUE
PMT0002875,CTR000167,2025-11-02,409.62,CHEQUE
PMT0002876,CTR000167,2025-12-01,409.62,ONLINE_BANKING
PMT0002877,CTR000167,2026-01-06,409.62,CHEQUE
PMT0002878,CTR000167,2026-02-04,409.62,PRE_AUTHORIZED
PMT0002879,CTR000167,2026-03-05,409.62,ONLINE_BANKING
PMT0002880,CTR000167,2026-04-06,409.62,PRE_AUTHORIZED
PMT0002881,CTR000167,2026-05-01,409.62,ONLINE_BANKING
PMT0002882,CTR000168,2024-02-23,936.51,ONLINE_BANKING
PMT0002883,CTR000168,2024-03-03,936.51,PRE_AUTHORIZED
PMT0002884,CTR000168,2024-04-05,936.51,CHEQUE
PMT0002885,CTR000168,2024-05-04,936.51,ONLINE_BANKING
PMT0002886,CTR000168,2024-06-04,936.51,ONLINE_BANKING
PMT0002887,CTR000168,2024-07-03,936.51,PRE_AUTHORIZED
PMT0002888,CTR000168,2024-08-01,936.51,CHEQUE
PMT0002889,CTR000168,2024-09-06,936.51,ONLINE_BANKING
PMT0002890,CTR000168,2024-10-06,936.51,CHEQUE
PMT0002891,CTR000168,2024-11-02,936.51,PRE_AUTHORIZED
PMT0002892,CTR000168,2024-12-06,936.51,PRE_AUTHORIZED
PMT0002893,CTR000168,2025-01-03,936.51,CHEQUE
PMT0002894,CTR000168,2025-02-04,936.51,CHEQUE
PMT0002895,CTR000168,2025-03-03,936.51,PRE_AUTHORIZED
PMT0002896,CTR000168,2025-04-02,936.51,PRE_AUTHORIZED
PMT0002897,CTR000168,2025-05-02,936.51,PRE_AUTHORIZED
PMT0002898,CTR000168,2025-06-04,936.51,PRE_AUTHORIZED
PMT0002899,CTR000168,2025-07-03,936.51,CHEQUE
PMT0002900,CTR000168,2025-08-06,936.51,CHEQUE
PMT0002901,CTR000168,2025-09-02,936.51,ONLINE_BANKING
PMT0002902,CTR000168,2025-10-04,936.51,ONLINE_BANKING
PMT0002903,CTR000168,2025-11-02,936.51,PRE_AUTHORIZED
PMT0002904,CTR000168,2025-12-04,936.51,PRE_AUTHORIZED
PMT0002905,CTR000168,2026-01-04,936.51,ONLINE_BANKING
PMT0002906,CTR000169,2024-11-08,763.16,PRE_AUTHORIZED
PMT0002907,CTR000169,2024-12-05,763.16,PRE_AUTHORIZED
PMT0002908,CTR000169,2025-01-05,763.16,PRE_AUTHORIZED
PMT0002909,CTR000169,2025-02-02,763.16,ONLINE_BANKING
PMT0002910,CTR000169,2025-03-03,763.16,CHEQUE
PMT0002911,CTR000169,2025-04-05,763.16,CHEQUE
PMT0002912,CTR000169,2025-05-01,763.16,ONLINE_BANKING
PMT0002913,CTR000169,2025-06-02,763.16,PRE_AUTHORIZED
PMT0002914,CTR000169,2025-07-02,763.16,PRE_AUTHORIZED
PMT0002915,CTR000169,2025-08-01,763.16,ONLINE_BANKING
PMT0002916,CTR000169,2025-09-05,763.16,PRE_AUTHORIZED
PMT0002917,CTR000169,2025-10-02,763.16,PRE_AUTHORIZED
PMT0002918,CTR000169,2025-11-05,763.16,PRE_AUTHORIZED
PMT0002919,CTR000169,2025-12-03,763.16,ONLINE_BANKING
PMT0002920,CTR000169,2026-01-06,763.16,CHEQUE
PMT0002921,CTR000169,2026-02-04,763.16,PRE_AUTHORIZED
PMT0002922,CTR000169,2026-03-05,763.16,ONLINE_BANKING
PMT0002923,CTR000169,2026-04-04,763.16,CHEQUE
PMT0002924,CTR000169,2026-05-03,763.16,PRE_AUTHORIZED
PMT0002925,CTR000170,2024-05-16,539.14,CHEQUE
PMT0002926,CTR000170,2024-06-05,539.14,CHEQUE
PMT0002927,CTR000170,2024-07-04,539.14,CHEQUE
PMT0002928,CTR000170,2024-08-05,539.14,PRE_AUTHORIZED
PMT0002929,CTR000170,2024-09-01,539.14,ONLINE_BANKING
PMT0002930,CTR000170,2024-10-01,539.14,CHEQUE
PMT0002931,CTR000170,2024-11-03,539.14,CHEQUE
PMT0002932,CTR000170,2024-12-06,539.14,CHEQUE
PMT0002933,CTR000170,2025-01-04,539.14,CHEQUE
PMT0002934,CTR000170,2025-02-03,539.14,CHEQUE
PMT0002935,CTR000170,2025-03-04,539.14,PRE_AUTHORIZED
PMT0002936,CTR000170,2025-04-02,539.14,PRE_AUTHORIZED
PMT0002937,CTR000170,2025-05-04,539.14,PRE_AUTHORIZED
PMT0002938,CTR000170,2025-06-05,539.14,ONLINE_BANKING
PMT0002939,CTR000170,2025-07-02,539.14,PRE_AUTHORIZED
PMT0002940,CTR000170,2025-08-06,539.14,CHEQUE
PMT0002941,CTR000170,2025-09-06,539.14,PRE_AUTHORIZED
PMT0002942,CTR000170,2025-10-05,539.14,PRE_AUTHORIZED
PMT0002943,CTR000170,2025-11-05,539.14,CHEQUE
PMT0002944,CTR000170,2025-12-05,539.14,CHEQUE
PMT0002945,CTR000170,2026-01-06,539.14,PRE_AUTHORIZED
PMT0002946,CTR000170,2026-02-02,539.14,PRE_AUTHORIZED
PMT0002947,CTR000170,2026-03-04,539.14,PRE_AUTHORIZED
PMT0002948,CTR000170,2026-04-04,539.14,CHEQUE
PMT0002949,CTR000171,2023-09-01,2003.38,CHEQUE
PMT0002950,CTR000171,2023-09-04,2003.38,CHEQUE
PMT0002951,CTR000171,2023-10-02,2003.38,PRE_AUTHORIZED
PMT0002952,CTR000171,2023-11-06,2003.38,CHEQUE
PMT0002953,CTR000171,2023-12-04,2003.38,CHEQUE
PMT0002954,CTR000171,2024-01-04,2003.38,PRE_AUTHORIZED
PMT0002955,CTR000171,2024-02-03,2003.38,PRE_AUTHORIZED
PMT0002956,CTR000171,2024-03-03,2003.38,ONLINE_BANKING
PMT0002957,CTR000171,2024-04-04,2003.38,CHEQUE
PMT0002958,CTR000171,2024-05-02,2003.38,PRE_AUTHORIZED
PMT0002959,CTR000171,2024-06-06,2003.38,ONLINE_BANKING
PMT0002960,CTR000171,2024-07-04,2003.38,PRE_AUTHORIZED
PMT0002961,CTR000171,2024-08-02,2003.38,CHEQUE
PMT0002962,CTR000171,2024-09-02,2003.38,PRE_AUTHORIZED
PMT0002963,CTR000171,2024-10-03,2003.38,CHEQUE
PMT0002964,CTR000171,2024-11-04,2003.38,CHEQUE
PMT0002965,CTR000171,2024-12-03,2003.38,PRE_AUTHORIZED
PMT0002966,CTR000171,2025-01-05,2003.38,ONLINE_BANKING
PMT0002967,CTR000171,2025-02-06,2003.38,CHEQUE
PMT0002968,CTR000171,2025-03-03,2003.38,CHEQUE
PMT0002969,CTR000171,2025-04-03,2003.38,PRE_AUTHORIZED
PMT0002970,CTR000171,2025-05-05,2003.38,CHEQUE
PMT0002971,CTR000171,2025-06-01,2003.38,ONLINE_BANKING
PMT0002972,CTR000171,2025-07-01,2003.38,CHEQUE
PMT0002973,CTR000172,2025-03-28,1824.53,PRE_AUTHORIZED
PMT0002974,CTR000172,2025-04-04,1824.53,PRE_AUTHORIZED
PMT0002975,CTR000172,2025-05-04,1824.53,CHEQUE
PMT0002976,CTR000172,2025-06-06,1824.53,PRE_AUTHORIZED
PMT0002977,CTR000172,2025-07-04,1824.53,ONLINE_BANKING
PMT0002978,CTR000172,2025-08-05,1824.53,PRE_AUTHORIZED
PMT0002979,CTR000172,2025-09-02,1824.53,PRE_AUTHORIZED
PMT0002980,CTR000172,2025-10-03,1824.53,CHEQUE
PMT0002981,CTR000172,2025-11-04,1824.53,CHEQUE
PMT0002982,CTR000172,2025-12-04,1824.53,ONLINE_BANKING
PMT0002983,CTR000172,2026-01-03,1824.53,PRE_AUTHORIZED
PMT0002984,CTR000172,2026-02-02,1824.53,ONLINE_BANKING
PMT0002985,CTR000172,2026-03-04,1824.53,ONLINE_BANKING
PMT0002986,CTR000172,2026-04-01,1824.53,ONLINE_BANKING
PMT0002987,CTR000172,2026-05-02,1824.53,CHEQUE
PMT0002988,CTR000173,2025-04-11,838.79,ONLINE_BANKING
PMT0002989,CTR000173,2025-05-04,838.79,ONLINE_BANKING
PMT0002990,CTR000173,2025-06-02,838.79,CHEQUE
PMT0002991,CTR000173,2025-07-06,838.79,PRE_AUTHORIZED
PMT0002992,CTR000173,2025-08-02,838.79,PRE_AUTHORIZED
PMT0002993,CTR000173,2025-09-05,838.79,CHEQUE
PMT0002994,CTR000173,2025-10-01,838.79,PRE_AUTHORIZED
PMT0002995,CTR000173,2025-11-01,838.79,ONLINE_BANKING
PMT0002996,CTR000173,2025-12-06,838.79,CHEQUE
PMT0002997,CTR000173,2026-01-02,838.79,PRE_AUTHORIZED
PMT0002998,CTR000173,2026-02-03,838.79,PRE_AUTHORIZED
PMT0002999,CTR000173,2026-03-06,838.79,ONLINE_BANKING
PMT0003000,CTR000173,2026-04-06,838.79,CHEQUE
PMT0003001,CTR000173,2026-05-02,838.79,CHEQUE
PMT0003002,CTR000174,2024-08-23,615.45,ONLINE_BANKING
PMT0003003,CTR000174,2024-09-04,615.45,ONLINE_BANKING
PMT0003004,CTR000174,2024-10-04,615.45,PRE_AUTHORIZED
PMT0003005,CTR000174,2024-11-03,615.45,CHEQUE
PMT0003006,CTR000174,2024-12-03,615.45,CHEQUE
PMT0003007,CTR000174,2025-01-01,615.45,CHEQUE
PMT0003008,CTR000174,2025-02-06,615.45,CHEQUE
PMT0003009,CTR000174,2025-03-01,615.45,ONLINE_BANKING
PMT0003010,CTR000174,2025-04-02,615.45,PRE_AUTHORIZED
PMT0003011,CTR000174,2025-05-01,615.45,ONLINE_BANKING
PMT0003012,CTR000174,2025-06-01,615.45,CHEQUE
PMT0003013,CTR000174,2025-07-03,615.45,PRE_AUTHORIZED
PMT0003014,CTR000174,2025-08-03,615.45,ONLINE_BANKING
PMT0003015,CTR000174,2025-09-04,615.45,CHEQUE
PMT0003016,CTR000174,2025-10-06,615.45,CHEQUE
PMT0003017,CTR000174,2025-11-05,615.45,PRE_AUTHORIZED
PMT0003018,CTR000174,2025-12-04,615.45,ONLINE_BANKING
PMT0003019,CTR000174,2026-01-05,615.45,CHEQUE
PMT0003020,CTR000174,2026-02-05,615.45,ONLINE_BANKING
PMT0003021,CTR000174,2026-03-06,615.45,PRE_AUTHORIZED
PMT0003022,CTR000174,2026-04-01,615.45,PRE_AUTHORIZED
PMT0003023,CTR000174,2026-05-06,615.45,ONLINE_BANKING
PMT0003024,CTR000175,2025-01-25,1606.44,ONLINE_BANKING
PMT0003025,CTR000175,2025-02-04,1606.44,PRE_AUTHORIZED
PMT0003026,CTR000175,2025-03-04,1606.44,ONLINE_BANKING
PMT0003027,CTR000175,2025-04-01,1606.44,PRE_AUTHORIZED
PMT0003028,CTR000175,2025-05-03,1606.44,CHEQUE
PMT0003029,CTR000175,2025-06-02,1606.44,ONLINE_BANKING
PMT0003030,CTR000175,2025-07-01,1606.44,PRE_AUTHORIZED
PMT0003031,CTR000175,2025-08-02,1606.44,PRE_AUTHORIZED
PMT0003032,CTR000175,2025-09-02,1606.44,ONLINE_BANKING
PMT0003033,CTR000175,2025-10-05,1606.44,PRE_AUTHORIZED
PMT0003034,CTR000175,2025-11-06,1606.44,ONLINE_BANKING
PMT0003035,CTR000175,2025-12-05,1606.44,PRE_AUTHORIZED
PMT0003036,CTR000175,2026-01-04,1606.44,ONLINE_BANKING
PMT0003037,CTR000175,2026-02-01,1606.44,PRE_AUTHORIZED
PMT0003038,CTR000175,2026-03-04,1606.44,CHEQUE
PMT0003039,CTR000175,2026-04-06,1606.44,ONLINE_BANKING
PMT0003040,CTR000175,2026-05-04,1606.44,PRE_AUTHORIZED
PMT0003041,CTR000176,2024-03-08,947.88,ONLINE_BANKING
PMT0003042,CTR000176,2024-04-04,947.88,ONLINE_BANKING
PMT0003043,CTR000176,2024-05-03,947.88,PRE_AUTHORIZED
PMT0003044,CTR000176,2024-06-04,947.88,PRE_AUTHORIZED
PMT0003045,CTR000176,2024-07-04,947.88,PRE_AUTHORIZED
PMT0003046,CTR000176,2024-08-02,947.88,ONLINE_BANKING
PMT0003047,CTR000176,2024-09-05,947.88,CHEQUE
PMT0003048,CTR000176,2024-10-03,947.88,CHEQUE
PMT0003049,CTR000176,2024-11-04,947.88,CHEQUE
PMT0003050,CTR000176,2024-12-03,947.88,CHEQUE
PMT0003051,CTR000176,2025-01-06,947.88,PRE_AUTHORIZED
PMT0003052,CTR000176,2025-02-04,947.88,ONLINE_BANKING
PMT0003053,CTR000176,2025-03-03,947.88,PRE_AUTHORIZED
PMT0003054,CTR000176,2025-04-01,947.88,PRE_AUTHORIZED
PMT0003055,CTR000176,2025-05-05,947.88,ONLINE_BANKING
PMT0003056,CTR000176,2025-06-06,947.88,ONLINE_BANKING
PMT0003057,CTR000176,2025-07-06,947.88,CHEQUE
PMT0003058,CTR000176,2025-08-03,947.88,ONLINE_BANKING
PMT0003059,CTR000176,2025-09-03,947.88,CHEQUE
PMT0003060,CTR000176,2025-10-02,947.88,PRE_AUTHORIZED
PMT0003061,CTR000176,2025-11-05,947.88,PRE_AUTHORIZED
PMT0003062,CTR000176,2025-12-03,947.88,ONLINE_BANKING
PMT0003063,CTR000176,2026-01-02,947.88,PRE_AUTHORIZED
PMT0003064,CTR000176,2026-02-03,947.88,ONLINE_BANKING
PMT0003065,CTR000177,2024-03-26,829.27,PRE_AUTHORIZED
PMT0003066,CTR000177,2024-04-01,829.27,PRE_AUTHORIZED
PMT0003067,CTR000177,2024-05-05,829.27,ONLINE_BANKING
PMT0003068,CTR000177,2024-06-04,829.27,CHEQUE
PMT0003069,CTR000177,2024-07-02,829.27,PRE_AUTHORIZED
PMT0003070,CTR000177,2024-08-06,829.27,PRE_AUTHORIZED
PMT0003071,CTR000177,2024-09-05,829.27,ONLINE_BANKING
PMT0003072,CTR000177,2024-10-04,829.27,ONLINE_BANKING
PMT0003073,CTR000177,2024-11-04,829.27,PRE_AUTHORIZED
PMT0003074,CTR000177,2024-12-01,829.27,CHEQUE
PMT0003075,CTR000177,2025-01-03,829.27,CHEQUE
PMT0003076,CTR000177,2025-02-06,829.27,CHEQUE
PMT0003077,CTR000177,2025-03-02,829.27,PRE_AUTHORIZED
PMT0003078,CTR000177,2025-04-05,829.27,PRE_AUTHORIZED
PMT0003079,CTR000177,2025-05-01,829.27,ONLINE_BANKING
PMT0003080,CTR000177,2025-06-04,829.27,CHEQUE
PMT0003081,CTR000177,2025-07-06,829.27,PRE_AUTHORIZED
PMT0003082,CTR000177,2025-08-01,829.27,ONLINE_BANKING
PMT0003083,CTR000177,2025-09-01,829.27,CHEQUE
PMT0003084,CTR000177,2025-10-01,829.27,CHEQUE
PMT0003085,CTR000177,2025-11-06,829.27,CHEQUE
PMT0003086,CTR000177,2025-12-03,829.27,PRE_AUTHORIZED
PMT0003087,CTR000177,2026-01-04,829.27,PRE_AUTHORIZED
PMT0003088,CTR000177,2026-02-05,829.27,CHEQUE
PMT0003089,CTR000178,2025-02-11,1100.68,CHEQUE
PMT0003090,CTR000178,2025-03-02,1100.68,CHEQUE
PMT0003091,CTR000178,2025-04-01,1100.68,ONLINE_BANKING
PMT0003092,CTR000178,2025-05-02,1100.68,PRE_AUTHORIZED
PMT0003093,CTR000178,2025-06-05,1100.68,ONLINE_BANKING
PMT0003094,CTR000178,2025-07-06,1100.68,CHEQUE
PMT0003095,CTR000178,2025-08-06,1100.68,PRE_AUTHORIZED
PMT0003096,CTR000178,2025-09-02,1100.68,PRE_AUTHORIZED
PMT0003097,CTR000178,2025-10-01,1100.68,PRE_AUTHORIZED
PMT0003098,CTR000178,2025-11-02,1100.68,PRE_AUTHORIZED
PMT0003099,CTR000178,2025-12-04,1100.68,PRE_AUTHORIZED
PMT0003100,CTR000178,2026-01-01,1100.68,ONLINE_BANKING
PMT0003101,CTR000178,2026-02-05,1100.68,CHEQUE
PMT0003102,CTR000178,2026-03-01,1100.68,ONLINE_BANKING
PMT0003103,CTR000178,2026-04-02,1100.68,PRE_AUTHORIZED
PMT0003104,CTR000178,2026-05-05,1100.68,PRE_AUTHORIZED
PMT0003105,CTR000179,2025-04-22,908.58,ONLINE_BANKING
PMT0003106,CTR000179,2025-05-05,908.58,PRE_AUTHORIZED
PMT0003107,CTR000179,2025-06-02,908.58,PRE_AUTHORIZED
PMT0003108,CTR000179,2025-07-02,908.58,CHEQUE
PMT0003109,CTR000179,2025-08-06,908.58,CHEQUE
PMT0003110,CTR000179,2025-09-01,908.58,PRE_AUTHORIZED
PMT0003111,CTR000179,2025-10-03,908.58,CHEQUE
PMT0003112,CTR000179,2025-11-02,908.58,CHEQUE
PMT0003113,CTR000179,2025-12-02,908.58,CHEQUE
PMT0003114,CTR000179,2026-01-02,908.58,CHEQUE
PMT0003115,CTR000179,2026-02-01,908.58,PRE_AUTHORIZED
PMT0003116,CTR000179,2026-03-06,908.58,CHEQUE
PMT0003117,CTR000179,2026-04-04,908.58,CHEQUE
PMT0003118,CTR000179,2026-05-02,908.58,PRE_AUTHORIZED
PMT0003119,CTR000180,2024-10-01,697.28,ONLINE_BANKING
PMT0003120,CTR000180,2024-10-01,697.28,PRE_AUTHORIZED
PMT0003121,CTR000180,2024-11-05,697.28,ONLINE_BANKING
PMT0003122,CTR000180,2024-12-03,697.28,PRE_AUTHORIZED
PMT0003123,CTR000180,2025-01-06,697.28,CHEQUE
PMT0003124,CTR000180,2025-02-02,697.28,ONLINE_BANKING
PMT0003125,CTR000180,2025-03-06,697.28,CHEQUE
PMT0003126,CTR000180,2025-04-02,697.28,ONLINE_BANKING
PMT0003127,CTR000180,2025-05-05,697.28,CHEQUE
PMT0003128,CTR000180,2025-06-02,697.28,CHEQUE
PMT0003129,CTR000180,2025-07-02,697.28,ONLINE_BANKING
PMT0003130,CTR000180,2025-08-01,697.28,ONLINE_BANKING
PMT0003131,CTR000180,2025-09-04,697.28,ONLINE_BANKING
PMT0003132,CTR000180,2025-10-03,697.28,CHEQUE
PMT0003133,CTR000180,2025-11-03,697.28,ONLINE_BANKING
PMT0003134,CTR000180,2025-12-04,697.28,PRE_AUTHORIZED
PMT0003135,CTR000180,2026-01-02,697.28,CHEQUE
PMT0003136,CTR000180,2026-02-05,697.28,ONLINE_BANKING
PMT0003137,CTR000180,2026-03-01,697.28,ONLINE_BANKING
PMT0003138,CTR000180,2026-04-03,697.28,PRE_AUTHORIZED
PMT0003139,CTR000180,2026-05-05,697.28,CHEQUE
PMT0003140,CTR000181,2023-03-15,770.43,ONLINE_BANKING
PMT0003141,CTR000181,2023-04-03,770.43,CHEQUE
PMT0003142,CTR000181,2023-05-02,770.43,CHEQUE
PMT0003143,CTR000181,2023-06-06,770.43,CHEQUE
PMT0003144,CTR000181,2023-07-02,770.43,CHEQUE
PMT0003145,CTR000181,2023-08-05,770.43,CHEQUE
PMT0003146,CTR000181,2023-09-06,770.43,PRE_AUTHORIZED
PMT0003147,CTR000181,2023-10-02,770.43,CHEQUE
PMT0003148,CTR000181,2023-11-04,770.43,ONLINE_BANKING
PMT0003149,CTR000181,2023-12-02,770.43,ONLINE_BANKING
PMT0003150,CTR000181,2024-01-04,770.43,PRE_AUTHORIZED
PMT0003151,CTR000181,2024-02-04,770.43,CHEQUE
PMT0003152,CTR000181,2024-03-04,770.43,PRE_AUTHORIZED
PMT0003153,CTR000181,2024-04-05,770.43,PRE_AUTHORIZED
PMT0003154,CTR000181,2024-05-02,770.43,CHEQUE
PMT0003155,CTR000181,2024-06-05,770.43,ONLINE_BANKING
PMT0003156,CTR000181,2024-07-04,770.43,PRE_AUTHORIZED
PMT0003157,CTR000181,2024-08-01,770.43,ONLINE_BANKING
PMT0003158,CTR000181,2024-09-04,770.43,CHEQUE
PMT0003159,CTR000181,2024-10-03,770.43,CHEQUE
PMT0003160,CTR000181,2024-11-06,770.43,PRE_AUTHORIZED
PMT0003161,CTR000181,2024-12-05,770.43,CHEQUE
PMT0003162,CTR000181,2025-01-03,770.43,PRE_AUTHORIZED
PMT0003163,CTR000181,2025-02-05,770.43,PRE_AUTHORIZED
PMT0003164,CTR000182,2023-07-30,1793.87,PRE_AUTHORIZED
PMT0003165,CTR000182,2023-08-04,1793.87,PRE_AUTHORIZED
PMT0003166,CTR000182,2023-09-04,1793.87,PRE_AUTHORIZED
PMT0003167,CTR000182,2023-10-02,1793.87,PRE_AUTHORIZED
PMT0003168,CTR000182,2023-11-03,1793.87,CHEQUE
PMT0003169,CTR000182,2023-12-04,1793.87,CHEQUE
PMT0003170,CTR000182,2024-01-01,1793.87,CHEQUE
PMT0003171,CTR000182,2024-02-04,1793.87,CHEQUE
PMT0003172,CTR000182,2024-03-02,1793.87,PRE_AUTHORIZED
PMT0003173,CTR000182,2024-04-01,1793.87,ONLINE_BANKING
PMT0003174,CTR000182,2024-05-02,1793.87,CHEQUE
PMT0003175,CTR000182,2024-06-04,1793.87,ONLINE_BANKING
PMT0003176,CTR000182,2024-07-06,1793.87,ONLINE_BANKING
PMT0003177,CTR000182,2024-08-06,1793.87,CHEQUE
PMT0003178,CTR000182,2024-09-06,1793.87,PRE_AUTHORIZED
PMT0003179,CTR000182,2024-10-06,1793.87,ONLINE_BANKING
PMT0003180,CTR000182,2024-11-04,1793.87,PRE_AUTHORIZED
PMT0003181,CTR000182,2024-12-02,1793.87,CHEQUE
PMT0003182,CTR000182,2025-01-02,1793.87,CHEQUE
PMT0003183,CTR000182,2025-02-05,1793.87,CHEQUE
PMT0003184,CTR000182,2025-03-01,1793.87,PRE_AUTHORIZED
PMT0003185,CTR000182,2025-04-05,1793.87,ONLINE_BANKING
PMT0003186,CTR000182,2025-05-06,1793.87,PRE_AUTHORIZED
PMT0003187,CTR000182,2025-06-01,1793.87,PRE_AUTHORIZED
PMT0003188,CTR000183,2024-01-25,848.44,ONLINE_BANKING
PMT0003189,CTR000183,2024-02-01,848.44,ONLINE_BANKING
PMT0003190,CTR000183,2024-03-05,848.44,PRE_AUTHORIZED
PMT0003191,CTR000183,2024-04-02,848.44,CHEQUE
PMT0003192,CTR000183,2024-05-01,848.44,ONLINE_BANKING
PMT0003193,CTR000183,2024-06-03,848.44,CHEQUE
PMT0003194,CTR000183,2024-07-06,848.44,PRE_AUTHORIZED
PMT0003195,CTR000183,2024-08-03,848.44,CHEQUE
PMT0003196,CTR000183,2024-09-01,848.44,PRE_AUTHORIZED
PMT0003197,CTR000183,2024-10-03,848.44,ONLINE_BANKING
PMT0003198,CTR000183,2024-11-06,848.44,ONLINE_BANKING
PMT0003199,CTR000183,2024-12-06,848.44,PRE_AUTHORIZED
PMT0003200,CTR000183,2025-01-03,848.44,CHEQUE
PMT0003201,CTR000183,2025-02-03,848.44,PRE_AUTHORIZED
PMT0003202,CTR000183,2025-03-05,848.44,CHEQUE
PMT0003203,CTR000183,2025-04-06,848.44,PRE_AUTHORIZED
PMT0003204,CTR000183,2025-05-04,848.44,ONLINE_BANKING
PMT0003205,CTR000183,2025-06-01,848.44,PRE_AUTHORIZED
PMT0003206,CTR000183,2025-07-05,848.44,PRE_AUTHORIZED
PMT0003207,CTR000183,2025-08-01,848.44,ONLINE_BANKING
PMT0003208,CTR000183,2025-09-06,848.44,CHEQUE
PMT0003209,CTR000183,2025-10-01,848.44,PRE_AUTHORIZED
PMT0003210,CTR000183,2025-11-06,848.44,PRE_AUTHORIZED
PMT0003211,CTR000183,2025-12-01,848.44,PRE_AUTHORIZED
PMT0003212,CTR000184,2023-06-27,656.0,PRE_AUTHORIZED
PMT0003213,CTR000184,2023-07-01,656.0,CHEQUE
PMT0003214,CTR000184,2023-08-02,656.0,ONLINE_BANKING
PMT0003215,CTR000184,2023-09-02,656.0,ONLINE_BANKING
PMT0003216,CTR000184,2023-10-06,656.0,ONLINE_BANKING
PMT0003217,CTR000184,2023-11-03,656.0,PRE_AUTHORIZED
PMT0003218,CTR000184,2023-12-02,656.0,ONLINE_BANKING
PMT0003219,CTR000184,2024-01-04,656.0,PRE_AUTHORIZED
PMT0003220,CTR000184,2024-02-05,656.0,CHEQUE
PMT0003221,CTR000184,2024-03-05,656.0,PRE_AUTHORIZED
PMT0003222,CTR000184,2024-04-05,656.0,ONLINE_BANKING
PMT0003223,CTR000184,2024-05-04,656.0,PRE_AUTHORIZED
PMT0003224,CTR000184,2024-06-01,656.0,ONLINE_BANKING
PMT0003225,CTR000184,2024-07-02,656.0,CHEQUE
PMT0003226,CTR000184,2024-08-06,656.0,ONLINE_BANKING
PMT0003227,CTR000184,2024-09-01,656.0,PRE_AUTHORIZED
PMT0003228,CTR000184,2024-10-04,656.0,CHEQUE
PMT0003229,CTR000184,2024-11-02,656.0,CHEQUE
PMT0003230,CTR000184,2024-12-06,656.0,PRE_AUTHORIZED
PMT0003231,CTR000184,2025-01-01,656.0,PRE_AUTHORIZED
PMT0003232,CTR000184,2025-02-04,656.0,CHEQUE
PMT0003233,CTR000184,2025-03-02,656.0,ONLINE_BANKING
PMT0003234,CTR000184,2025-04-01,656.0,CHEQUE
PMT0003235,CTR000184,2025-05-04,656.0,ONLINE_BANKING
PMT0003236,CTR000185,2023-10-16,915.25,PRE_AUTHORIZED
PMT0003237,CTR000185,2023-11-01,915.25,PRE_AUTHORIZED
PMT0003238,CTR000185,2023-12-04,915.25,ONLINE_BANKING
PMT0003239,CTR000185,2024-01-01,915.25,CHEQUE
PMT0003240,CTR000185,2024-02-01,915.25,CHEQUE
PMT0003241,CTR000185,2024-03-02,915.25,PRE_AUTHORIZED
PMT0003242,CTR000185,2024-04-01,915.25,ONLINE_BANKING
PMT0003243,CTR000185,2024-05-01,915.25,PRE_AUTHORIZED
PMT0003244,CTR000185,2024-06-01,915.25,ONLINE_BANKING
PMT0003245,CTR000185,2024-07-01,915.25,ONLINE_BANKING
PMT0003246,CTR000185,2024-08-04,915.25,CHEQUE
PMT0003247,CTR000185,2024-09-01,915.25,ONLINE_BANKING
PMT0003248,CTR000185,2024-10-03,915.25,ONLINE_BANKING
PMT0003249,CTR000185,2024-11-03,915.25,PRE_AUTHORIZED
PMT0003250,CTR000185,2024-12-04,915.25,CHEQUE
PMT0003251,CTR000185,2025-01-01,915.25,PRE_AUTHORIZED
PMT0003252,CTR000185,2025-02-03,915.25,ONLINE_BANKING
PMT0003253,CTR000185,2025-03-01,915.25,CHEQUE
PMT0003254,CTR000185,2025-04-05,915.25,CHEQUE
PMT0003255,CTR000185,2025-05-03,915.25,CHEQUE
PMT0003256,CTR000185,2025-06-03,915.25,ONLINE_BANKING
PMT0003257,CTR000185,2025-07-03,915.25,CHEQUE
PMT0003258,CTR000185,2025-08-05,915.25,PRE_AUTHORIZED
PMT0003259,CTR000185,2025-09-01,915.25,ONLINE_BANKING
PMT0003260,CTR000186,2023-07-14,1634.73,PRE_AUTHORIZED
PMT0003261,CTR000186,2023-08-05,1634.73,ONLINE_BANKING
PMT0003262,CTR000186,2023-09-02,1634.73,ONLINE_BANKING
PMT0003263,CTR000186,2023-10-01,1634.73,ONLINE_BANKING
PMT0003264,CTR000186,2023-11-04,1634.73,PRE_AUTHORIZED
PMT0003265,CTR000186,2023-12-03,1634.73,ONLINE_BANKING
PMT0003266,CTR000186,2024-01-03,1634.73,ONLINE_BANKING
PMT0003267,CTR000186,2024-02-04,1634.73,PRE_AUTHORIZED
PMT0003268,CTR000186,2024-03-01,1634.73,ONLINE_BANKING
PMT0003269,CTR000186,2024-04-06,1634.73,ONLINE_BANKING
PMT0003270,CTR000186,2024-05-02,1634.73,PRE_AUTHORIZED
PMT0003271,CTR000186,2024-06-04,1634.73,CHEQUE
PMT0003272,CTR000186,2024-07-04,1634.73,PRE_AUTHORIZED
PMT0003273,CTR000186,2024-08-06,1634.73,CHEQUE
PMT0003274,CTR000186,2024-09-01,1634.73,PRE_AUTHORIZED
PMT0003275,CTR000186,2024-10-04,1634.73,ONLINE_BANKING
PMT0003276,CTR000186,2024-11-01,1634.73,CHEQUE
PMT0003277,CTR000186,2024-12-01,1634.73,ONLINE_BANKING
PMT0003278,CTR000186,2025-01-02,1634.73,PRE_AUTHORIZED
PMT0003279,CTR000186,2025-02-02,1634.73,PRE_AUTHORIZED
PMT0003280,CTR000186,2025-03-01,1634.73,PRE_AUTHORIZED
PMT0003281,CTR000186,2025-04-06,1634.73,PRE_AUTHORIZED
PMT0003282,CTR000186,2025-05-02,1634.73,CHEQUE
PMT0003283,CTR000186,2025-06-02,1634.73,CHEQUE
PMT0003284,CTR000187,2024-01-28,471.84,CHEQUE
PMT0003285,CTR000187,2024-02-05,471.84,CHEQUE
PMT0003286,CTR000187,2024-03-01,471.84,PRE_AUTHORIZED
PMT0003287,CTR000187,2024-04-01,471.84,CHEQUE
PMT0003288,CTR000187,2024-05-03,471.84,ONLINE_BANKING
PMT0003289,CTR000187,2024-06-01,471.84,PRE_AUTHORIZED
PMT0003290,CTR000187,2024-07-01,471.84,CHEQUE
PMT0003291,CTR000187,2024-08-02,471.84,ONLINE_BANKING
PMT0003292,CTR000187,2024-09-03,471.84,PRE_AUTHORIZED
PMT0003293,CTR000187,2024-10-04,471.84,PRE_AUTHORIZED
PMT0003294,CTR000187,2024-11-06,471.84,CHEQUE
PMT0003295,CTR000187,2024-12-01,471.84,ONLINE_BANKING
PMT0003296,CTR000187,2025-01-06,471.84,CHEQUE
PMT0003297,CTR000187,2025-02-03,471.84,ONLINE_BANKING
PMT0003298,CTR000187,2025-03-01,471.84,CHEQUE
PMT0003299,CTR000187,2025-04-05,471.84,PRE_AUTHORIZED
PMT0003300,CTR000187,2025-05-01,471.84,PRE_AUTHORIZED
PMT0003301,CTR000187,2025-06-01,471.84,CHEQUE
PMT0003302,CTR000187,2025-07-06,471.84,ONLINE_BANKING
PMT0003303,CTR000187,2025-08-01,471.84,CHEQUE
PMT0003304,CTR000187,2025-09-02,471.84,CHEQUE
PMT0003305,CTR000187,2025-10-01,471.84,CHEQUE
PMT0003306,CTR000187,2025-11-04,471.84,CHEQUE
PMT0003307,CTR000187,2025-12-04,471.84,ONLINE_BANKING
PMT0003308,CTR000188,2023-02-12,1424.12,CHEQUE
PMT0003309,CTR000188,2023-03-05,1424.12,PRE_AUTHORIZED
PMT0003310,CTR000188,2023-04-03,1424.12,ONLINE_BANKING
PMT0003311,CTR000188,2023-05-05,1424.12,CHEQUE
PMT0003312,CTR000188,2023-06-01,1424.12,CHEQUE
PMT0003313,CTR000188,2023-07-04,1424.12,CHEQUE
PMT0003314,CTR000188,2023-08-01,1424.12,CHEQUE
PMT0003315,CTR000188,2023-09-02,1424.12,CHEQUE
PMT0003316,CTR000188,2023-10-06,1424.12,ONLINE_BANKING
PMT0003317,CTR000188,2023-11-02,1424.12,CHEQUE
PMT0003318,CTR000188,2023-12-05,1424.12,PRE_AUTHORIZED
PMT0003319,CTR000188,2024-01-03,1424.12,CHEQUE
PMT0003320,CTR000188,2024-02-03,1424.12,ONLINE_BANKING
PMT0003321,CTR000188,2024-03-05,1424.12,CHEQUE
PMT0003322,CTR000188,2024-04-01,1424.12,CHEQUE
PMT0003323,CTR000188,2024-05-02,1424.12,CHEQUE
PMT0003324,CTR000188,2024-06-01,1424.12,ONLINE_BANKING
PMT0003325,CTR000188,2024-07-04,1424.12,CHEQUE
PMT0003326,CTR000188,2024-08-06,1424.12,ONLINE_BANKING
PMT0003327,CTR000188,2024-09-02,1424.12,CHEQUE
PMT0003328,CTR000188,2024-10-05,1424.12,ONLINE_BANKING
PMT0003329,CTR000188,2024-11-06,1424.12,PRE_AUTHORIZED
PMT0003330,CTR000188,2024-12-04,1424.12,ONLINE_BANKING
PMT0003331,CTR000188,2025-01-04,1424.12,ONLINE_BANKING
PMT0003332,CTR000189,2025-11-30,1088.93,ONLINE_BANKING
PMT0003333,CTR000189,2025-12-02,1088.93,ONLINE_BANKING
PMT0003334,CTR000189,2026-01-01,1088.93,ONLINE_BANKING
PMT0003335,CTR000189,2026-02-05,1088.93,PRE_AUTHORIZED
PMT0003336,CTR000189,2026-03-02,1088.93,CHEQUE
PMT0003337,CTR000189,2026-04-02,1088.93,ONLINE_BANKING
PMT0003338,CTR000189,2026-05-05,1088.93,CHEQUE
PMT0003339,CTR000190,2024-02-17,826.09,PRE_AUTHORIZED
PMT0003340,CTR000190,2024-03-01,826.09,CHEQUE
PMT0003341,CTR000190,2024-04-02,826.09,PRE_AUTHORIZED
PMT0003342,CTR000190,2024-05-03,826.09,PRE_AUTHORIZED
PMT0003343,CTR000190,2024-06-05,826.09,PRE_AUTHORIZED
PMT0003344,CTR000190,2024-07-03,826.09,PRE_AUTHORIZED
PMT0003345,CTR000190,2024-08-02,826.09,ONLINE_BANKING
PMT0003346,CTR000190,2024-09-03,826.09,ONLINE_BANKING
PMT0003347,CTR000190,2024-10-04,826.09,CHEQUE
PMT0003348,CTR000190,2024-11-05,826.09,ONLINE_BANKING
PMT0003349,CTR000190,2024-12-03,826.09,CHEQUE
PMT0003350,CTR000190,2025-01-04,826.09,PRE_AUTHORIZED
PMT0003351,CTR000190,2025-02-05,826.09,ONLINE_BANKING
PMT0003352,CTR000190,2025-03-02,826.09,ONLINE_BANKING
PMT0003353,CTR000190,2025-04-02,826.09,PRE_AUTHORIZED
PMT0003354,CTR000190,2025-05-02,826.09,CHEQUE
PMT0003355,CTR000190,2025-06-06,826.09,CHEQUE
PMT0003356,CTR000190,2025-07-02,826.09,PRE_AUTHORIZED
PMT0003357,CTR000190,2025-08-03,826.09,CHEQUE
PMT0003358,CTR000190,2025-09-02,826.09,CHEQUE
PMT0003359,CTR000190,2025-10-01,826.09,ONLINE_BANKING
PMT0003360,CTR000190,2025-11-05,826.09,ONLINE_BANKING
PMT0003361,CTR000190,2025-12-06,826.09,CHEQUE
PMT0003362,CTR000190,2026-01-04,826.09,PRE_AUTHORIZED
PMT0003363,CTR000191,2026-03-15,2048.31,PRE_AUTHORIZED
PMT0003364,CTR000191,2026-04-04,2048.31,ONLINE_BANKING
PMT0003365,CTR000191,2026-05-02,2048.31,PRE_AUTHORIZED
PMT0003366,CTR000193,2024-01-01,870.67,ONLINE_BANKING
PMT0003367,CTR000193,2024-01-02,870.67,PRE_AUTHORIZED
PMT0003368,CTR000193,2024-02-05,870.67,PRE_AUTHORIZED
PMT0003369,CTR000193,2024-03-03,870.67,CHEQUE
PMT0003370,CTR000193,2024-04-03,870.67,PRE_AUTHORIZED
PMT0003371,CTR000193,2024-05-01,870.67,ONLINE_BANKING
PMT0003372,CTR000193,2024-06-05,870.67,PRE_AUTHORIZED
PMT0003373,CTR000193,2024-07-02,870.67,CHEQUE
PMT0003374,CTR000193,2024-08-03,870.67,CHEQUE
PMT0003375,CTR000193,2024-09-05,870.67,ONLINE_BANKING
PMT0003376,CTR000193,2024-10-01,870.67,PRE_AUTHORIZED
PMT0003377,CTR000193,2024-11-02,870.67,CHEQUE
PMT0003378,CTR000193,2024-12-03,870.67,ONLINE_BANKING
PMT0003379,CTR000193,2025-01-02,870.67,PRE_AUTHORIZED
PMT0003380,CTR000193,2025-02-04,870.67,CHEQUE
PMT0003381,CTR000193,2025-03-03,870.67,CHEQUE
PMT0003382,CTR000193,2025-04-05,870.67,CHEQUE
PMT0003383,CTR000193,2025-05-05,870.67,ONLINE_BANKING
PMT0003384,CTR000193,2025-06-05,870.67,CHEQUE
PMT0003385,CTR000193,2025-07-02,870.67,PRE_AUTHORIZED
PMT0003386,CTR000193,2025-08-06,870.67,PRE_AUTHORIZED
PMT0003387,CTR000193,2025-09-02,870.67,PRE_AUTHORIZED
PMT0003388,CTR000193,2025-10-06,870.67,CHEQUE
PMT0003389,CTR000193,2025-11-05,870.67,PRE_AUTHORIZED
PMT0003390,CTR000194,2023-06-12,664.35,PRE_AUTHORIZED
PMT0003391,CTR000194,2023-07-06,664.35,PRE_AUTHORIZED
PMT0003392,CTR000194,2023-08-03,664.35,PRE_AUTHORIZED
PMT0003393,CTR000194,2023-09-06,664.35,PRE_AUTHORIZED
PMT0003394,CTR000194,2023-10-06,664.35,ONLINE_BANKING
PMT0003395,CTR000194,2023-11-04,664.35,ONLINE_BANKING
PMT0003396,CTR000194,2023-12-03,664.35,PRE_AUTHORIZED
PMT0003397,CTR000194,2024-01-06,664.35,ONLINE_BANKING
PMT0003398,CTR000194,2024-02-04,664.35,PRE_AUTHORIZED
PMT0003399,CTR000194,2024-03-05,664.35,PRE_AUTHORIZED
PMT0003400,CTR000194,2024-04-06,664.35,CHEQUE
PMT0003401,CTR000194,2024-05-05,664.35,PRE_AUTHORIZED
PMT0003402,CTR000194,2024-06-01,664.35,CHEQUE
PMT0003403,CTR000194,2024-07-02,664.35,PRE_AUTHORIZED
PMT0003404,CTR000194,2024-08-06,664.35,PRE_AUTHORIZED
PMT0003405,CTR000194,2024-09-06,664.35,CHEQUE
PMT0003406,CTR000194,2024-10-04,664.35,PRE_AUTHORIZED
PMT0003407,CTR000194,2024-11-04,664.35,CHEQUE
PMT0003408,CTR000194,2024-12-03,664.35,PRE_AUTHORIZED
PMT0003409,CTR000194,2025-01-02,664.35,CHEQUE
PMT0003410,CTR000194,2025-02-05,664.35,ONLINE_BANKING
PMT0003411,CTR000194,2025-03-01,664.35,PRE_AUTHORIZED
PMT0003412,CTR000194,2025-04-06,664.35,CHEQUE
PMT0003413,CTR000194,2025-05-06,664.35,CHEQUE
PMT0003414,CTR000196,2024-03-04,811.69,ONLINE_BANKING
PMT0003415,CTR000196,2024-03-01,811.69,PRE_AUTHORIZED
PMT0003416,CTR000196,2024-04-02,811.69,ONLINE_BANKING
PMT0003417,CTR000196,2024-05-02,811.69,CHEQUE
PMT0003418,CTR000196,2024-06-05,811.69,CHEQUE
PMT0003419,CTR000196,2024-07-02,811.69,CHEQUE
PMT0003420,CTR000196,2024-08-02,811.69,PRE_AUTHORIZED
PMT0003421,CTR000196,2024-09-03,811.69,CHEQUE
PMT0003422,CTR000196,2024-10-05,811.69,ONLINE_BANKING
PMT0003423,CTR000196,2024-11-02,811.69,PRE_AUTHORIZED
PMT0003424,CTR000196,2024-12-05,811.69,CHEQUE
PMT0003425,CTR000196,2025-01-04,811.69,CHEQUE
PMT0003426,CTR000196,2025-02-06,811.69,ONLINE_BANKING
PMT0003427,CTR000196,2025-03-05,811.69,PRE_AUTHORIZED
PMT0003428,CTR000196,2025-04-03,811.69,PRE_AUTHORIZED
PMT0003429,CTR000196,2025-05-02,811.69,PRE_AUTHORIZED
PMT0003430,CTR000196,2025-06-03,811.69,CHEQUE
PMT0003431,CTR000196,2025-07-04,811.69,ONLINE_BANKING
PMT0003432,CTR000196,2025-08-04,811.69,ONLINE_BANKING
PMT0003433,CTR000196,2025-09-04,811.69,ONLINE_BANKING
PMT0003434,CTR000196,2025-10-02,811.69,ONLINE_BANKING
PMT0003435,CTR000196,2025-11-04,811.69,PRE_AUTHORIZED
PMT0003436,CTR000196,2025-12-03,811.69,ONLINE_BANKING
PMT0003437,CTR000196,2026-01-02,811.69,ONLINE_BANKING
PMT0003438,CTR000197,2026-04-30,492.23,ONLINE_BANKING
PMT0003439,CTR000197,2026-05-03,492.23,CHEQUE
PMT0003440,CTR000198,2025-03-09,908.43,ONLINE_BANKING
PMT0003441,CTR000198,2025-04-05,908.43,ONLINE_BANKING
PMT0003442,CTR000198,2025-05-01,908.43,PRE_AUTHORIZED
PMT0003443,CTR000198,2025-06-06,908.43,PRE_AUTHORIZED
PMT0003444,CTR000198,2025-07-04,908.43,CHEQUE
PMT0003445,CTR000198,2025-08-05,908.43,ONLINE_BANKING
PMT0003446,CTR000198,2025-09-05,908.43,ONLINE_BANKING
PMT0003447,CTR000198,2025-10-02,908.43,CHEQUE
PMT0003448,CTR000198,2025-11-02,908.43,ONLINE_BANKING
PMT0003449,CTR000198,2025-12-06,908.43,ONLINE_BANKING
PMT0003450,CTR000198,2026-01-02,908.43,CHEQUE
PMT0003451,CTR000198,2026-02-01,908.43,CHEQUE
PMT0003452,CTR000198,2026-03-02,908.43,ONLINE_BANKING
PMT0003453,CTR000198,2026-04-03,908.43,PRE_AUTHORIZED
PMT0003454,CTR000198,2026-05-01,908.43,ONLINE_BANKING
PMT0003455,CTR000199,2023-05-29,943.79,ONLINE_BANKING
PMT0003456,CTR000199,2023-06-06,943.79,CHEQUE
PMT0003457,CTR000199,2023-07-06,943.79,PRE_AUTHORIZED
PMT0003458,CTR000199,2023-08-03,943.79,ONLINE_BANKING
PMT0003459,CTR000199,2023-09-04,943.79,PRE_AUTHORIZED
PMT0003460,CTR000199,2023-10-05,943.79,ONLINE_BANKING
PMT0003461,CTR000199,2023-11-01,943.79,ONLINE_BANKING
PMT0003462,CTR000199,2023-12-06,943.79,CHEQUE
PMT0003463,CTR000199,2024-01-01,943.79,ONLINE_BANKING
PMT0003464,CTR000199,2024-02-06,943.79,PRE_AUTHORIZED
PMT0003465,CTR000199,2024-03-02,943.79,ONLINE_BANKING
PMT0003466,CTR000199,2024-04-02,943.79,CHEQUE
PMT0003467,CTR000199,2024-05-06,943.79,CHEQUE
PMT0003468,CTR000199,2024-06-01,943.79,CHEQUE
PMT0003469,CTR000199,2024-07-04,943.79,ONLINE_BANKING
PMT0003470,CTR000199,2024-08-04,943.79,PRE_AUTHORIZED
PMT0003471,CTR000199,2024-09-04,943.79,CHEQUE
PMT0003472,CTR000199,2024-10-02,943.79,CHEQUE
PMT0003473,CTR000199,2024-11-01,943.79,PRE_AUTHORIZED
PMT0003474,CTR000199,2024-12-02,943.79,PRE_AUTHORIZED
PMT0003475,CTR000199,2025-01-01,943.79,CHEQUE
PMT0003476,CTR000199,2025-02-03,943.79,CHEQUE
PMT0003477,CTR000199,2025-03-02,943.79,ONLINE_BANKING
PMT0003478,CTR000199,2025-04-05,943.79,PRE_AUTHORIZED
PMT0003479,CTR000200,2024-06-15,716.23,CHEQUE
PMT0003480,CTR000200,2024-07-06,716.23,CHEQUE
PMT0003481,CTR000200,2024-08-04,716.23,CHEQUE
PMT0003482,CTR000200,2024-09-01,716.23,CHEQUE
PMT0003483,CTR000200,2024-10-01,716.23,ONLINE_BANKING
PMT0003484,CTR000200,2024-11-03,716.23,CHEQUE
PMT0003485,CTR000200,2024-12-04,716.23,CHEQUE
PMT0003486,CTR000200,2025-01-05,716.23,ONLINE_BANKING
PMT0003487,CTR000200,2025-02-03,716.23,CHEQUE
PMT0003488,CTR000200,2025-03-01,716.23,PRE_AUTHORIZED
PMT0003489,CTR000200,2025-04-02,716.23,ONLINE_BANKING
PMT0003490,CTR000200,2025-05-01,716.23,CHEQUE
PMT0003491,CTR000200,2025-06-03,716.23,PRE_AUTHORIZED
PMT0003492,CTR000200,2025-07-01,716.23,PRE_AUTHORIZED
PMT0003493,CTR000200,2025-08-03,716.23,ONLINE_BANKING
PMT0003494,CTR000200,2025-09-04,716.23,ONLINE_BANKING
PMT0003495,CTR000200,2025-10-05,716.23,CHEQUE
PMT0003496,CTR000200,2025-11-06,716.23,CHEQUE
PMT0003497,CTR000200,2025-12-02,716.23,CHEQUE
PMT0003498,CTR000200,2026-01-05,716.23,CHEQUE
PMT0003499,CTR000200,2026-02-06,716.23,PRE_AUTHORIZED
PMT0003500,CTR000200,2026-03-06,716.23,PRE_AUTHORIZED
PMT0003501,CTR000200,2026-04-03,716.23,PRE_AUTHORIZED
PMT0003502,CTR000200,2026-05-04,716.23,CHEQUE
PMT0003503,CTR000201,2023-12-28,815.81,CHEQUE
PMT0003504,CTR000201,2024-01-05,815.81,CHEQUE
PMT0003505,CTR000201,2024-02-03,815.81,ONLINE_BANKING
PMT0003506,CTR000201,2024-03-05,815.81,PRE_AUTHORIZED
PMT0003507,CTR000201,2024-04-05,815.81,CHEQUE
PMT0003508,CTR000201,2024-05-05,815.81,ONLINE_BANKING
PMT0003509,CTR000201,2024-06-04,815.81,PRE_AUTHORIZED
PMT0003510,CTR000201,2024-07-04,815.81,CHEQUE
PMT0003511,CTR000201,2024-08-01,815.81,CHEQUE
PMT0003512,CTR000201,2024-09-06,815.81,PRE_AUTHORIZED
PMT0003513,CTR000201,2024-10-05,815.81,CHEQUE
PMT0003514,CTR000201,2024-11-06,815.81,CHEQUE
PMT0003515,CTR000201,2024-12-06,815.81,PRE_AUTHORIZED
PMT0003516,CTR000201,2025-01-01,815.81,ONLINE_BANKING
PMT0003517,CTR000201,2025-02-04,815.81,ONLINE_BANKING
PMT0003518,CTR000201,2025-03-05,815.81,ONLINE_BANKING
PMT0003519,CTR000201,2025-04-05,815.81,CHEQUE
PMT0003520,CTR000201,2025-05-04,815.81,ONLINE_BANKING
PMT0003521,CTR000201,2025-06-06,815.81,CHEQUE
PMT0003522,CTR000201,2025-07-06,815.81,PRE_AUTHORIZED
PMT0003523,CTR000201,2025-08-01,815.81,ONLINE_BANKING
PMT0003524,CTR000201,2025-09-06,815.81,ONLINE_BANKING
PMT0003525,CTR000201,2025-10-03,815.81,CHEQUE
PMT0003526,CTR000201,2025-11-02,815.81,ONLINE_BANKING
PMT0003527,CTR000202,2025-08-14,371.04,PRE_AUTHORIZED
PMT0003528,CTR000202,2025-09-02,371.04,ONLINE_BANKING
PMT0003529,CTR000202,2025-10-02,371.04,CHEQUE
PMT0003530,CTR000202,2025-11-05,371.04,PRE_AUTHORIZED
PMT0003531,CTR000202,2025-12-04,371.04,ONLINE_BANKING
PMT0003532,CTR000202,2026-01-01,371.04,ONLINE_BANKING
PMT0003533,CTR000202,2026-02-06,371.04,ONLINE_BANKING
PMT0003534,CTR000202,2026-03-01,371.04,PRE_AUTHORIZED
PMT0003535,CTR000202,2026-04-05,371.04,ONLINE_BANKING
PMT0003536,CTR000202,2026-05-04,371.04,CHEQUE
PMT0003537,CTR000203,2024-06-08,580.82,CHEQUE
PMT0003538,CTR000203,2024-07-02,580.82,ONLINE_BANKING
PMT0003539,CTR000203,2024-08-04,580.82,ONLINE_BANKING
PMT0003540,CTR000203,2024-09-06,580.82,PRE_AUTHORIZED
PMT0003541,CTR000203,2024-10-01,580.82,CHEQUE
PMT0003542,CTR000203,2024-11-06,580.82,CHEQUE
PMT0003543,CTR000203,2024-12-02,580.82,CHEQUE
PMT0003544,CTR000203,2025-01-03,580.82,ONLINE_BANKING
PMT0003545,CTR000203,2025-02-02,580.82,PRE_AUTHORIZED
PMT0003546,CTR000203,2025-03-04,580.82,PRE_AUTHORIZED
PMT0003547,CTR000203,2025-04-01,580.82,CHEQUE
PMT0003548,CTR000203,2025-05-04,580.82,PRE_AUTHORIZED
PMT0003549,CTR000203,2025-06-01,580.82,CHEQUE
PMT0003550,CTR000203,2025-07-02,580.82,CHEQUE
PMT0003551,CTR000203,2025-08-02,580.82,ONLINE_BANKING
PMT0003552,CTR000203,2025-09-04,580.82,ONLINE_BANKING
PMT0003553,CTR000203,2025-10-01,580.82,PRE_AUTHORIZED
PMT0003554,CTR000203,2025-11-05,580.82,ONLINE_BANKING
PMT0003555,CTR000203,2025-12-02,580.82,CHEQUE
PMT0003556,CTR000203,2026-01-06,580.82,CHEQUE
PMT0003557,CTR000203,2026-02-02,580.82,PRE_AUTHORIZED
PMT0003558,CTR000203,2026-03-01,580.82,PRE_AUTHORIZED
PMT0003559,CTR000203,2026-04-01,580.82,PRE_AUTHORIZED
PMT0003560,CTR000203,2026-05-06,580.82,ONLINE_BANKING
PMT0003561,CTR000204,2025-10-08,335.78,PRE_AUTHORIZED
PMT0003562,CTR000204,2025-11-06,335.78,ONLINE_BANKING
PMT0003563,CTR000204,2025-12-06,335.78,CHEQUE
PMT0003564,CTR000204,2026-01-04,335.78,PRE_AUTHORIZED
PMT0003565,CTR000204,2026-02-06,335.78,ONLINE_BANKING
PMT0003566,CTR000204,2026-03-06,335.78,CHEQUE
PMT0003567,CTR000204,2026-04-04,335.78,PRE_AUTHORIZED
PMT0003568,CTR000204,2026-05-06,335.78,CHEQUE
PMT0003569,CTR000205,2025-08-27,397.37,ONLINE_BANKING
PMT0003570,CTR000205,2025-09-05,397.37,CHEQUE
PMT0003571,CTR000205,2025-10-04,397.37,CHEQUE
PMT0003572,CTR000205,2025-11-02,397.37,ONLINE_BANKING
PMT0003573,CTR000205,2025-12-01,397.37,PRE_AUTHORIZED
PMT0003574,CTR000205,2026-01-03,397.37,PRE_AUTHORIZED
PMT0003575,CTR000205,2026-02-03,397.37,PRE_AUTHORIZED
PMT0003576,CTR000205,2026-03-04,397.37,CHEQUE
PMT0003577,CTR000205,2026-04-02,397.37,ONLINE_BANKING
PMT0003578,CTR000205,2026-05-06,397.37,PRE_AUTHORIZED
PMT0003579,CTR000206,2024-03-29,824.15,CHEQUE
PMT0003580,CTR000206,2024-04-04,824.15,PRE_AUTHORIZED
PMT0003581,CTR000206,2024-05-03,824.15,ONLINE_BANKING
PMT0003582,CTR000206,2024-06-04,824.15,PRE_AUTHORIZED
PMT0003583,CTR000206,2024-07-03,824.15,ONLINE_BANKING
PMT0003584,CTR000206,2024-08-05,824.15,PRE_AUTHORIZED
PMT0003585,CTR000206,2024-09-03,824.15,PRE_AUTHORIZED
PMT0003586,CTR000206,2024-10-01,824.15,PRE_AUTHORIZED
PMT0003587,CTR000206,2024-11-02,824.15,ONLINE_BANKING
PMT0003588,CTR000206,2024-12-01,824.15,PRE_AUTHORIZED
PMT0003589,CTR000206,2025-01-05,824.15,CHEQUE
PMT0003590,CTR000206,2025-02-06,824.15,ONLINE_BANKING
PMT0003591,CTR000206,2025-03-03,824.15,CHEQUE
PMT0003592,CTR000206,2025-04-05,824.15,PRE_AUTHORIZED
PMT0003593,CTR000206,2025-05-03,824.15,CHEQUE
PMT0003594,CTR000206,2025-06-02,824.15,ONLINE_BANKING
PMT0003595,CTR000206,2025-07-01,824.15,CHEQUE
PMT0003596,CTR000206,2025-08-03,824.15,CHEQUE
PMT0003597,CTR000206,2025-09-05,824.15,PRE_AUTHORIZED
PMT0003598,CTR000206,2025-10-04,824.15,PRE_AUTHORIZED
PMT0003599,CTR000206,2025-11-06,824.15,CHEQUE
PMT0003600,CTR000206,2025-12-06,824.15,ONLINE_BANKING
PMT0003601,CTR000206,2026-01-06,824.15,PRE_AUTHORIZED
PMT0003602,CTR000206,2026-02-01,824.15,PRE_AUTHORIZED
PMT0003603,CTR000207,2026-03-26,700.27,ONLINE_BANKING
PMT0003604,CTR000207,2026-04-05,700.27,PRE_AUTHORIZED
PMT0003605,CTR000207,2026-05-05,700.27,ONLINE_BANKING
PMT0003606,CTR000208,2024-07-19,812.38,PRE_AUTHORIZED
PMT0003607,CTR000208,2024-08-06,812.38,CHEQUE
PMT0003608,CTR000208,2024-09-02,812.38,PRE_AUTHORIZED
PMT0003609,CTR000208,2024-10-06,812.38,PRE_AUTHORIZED
PMT0003610,CTR000208,2024-11-06,812.38,CHEQUE
PMT0003611,CTR000208,2024-12-01,812.38,ONLINE_BANKING
PMT0003612,CTR000208,2025-01-01,812.38,CHEQUE
PMT0003613,CTR000208,2025-02-03,812.38,PRE_AUTHORIZED
PMT0003614,CTR000208,2025-03-04,812.38,PRE_AUTHORIZED
PMT0003615,CTR000208,2025-04-06,812.38,PRE_AUTHORIZED
PMT0003616,CTR000208,2025-05-06,812.38,CHEQUE
PMT0003617,CTR000208,2025-06-02,812.38,ONLINE_BANKING
PMT0003618,CTR000208,2025-07-06,812.38,PRE_AUTHORIZED
PMT0003619,CTR000208,2025-08-06,812.38,PRE_AUTHORIZED
PMT0003620,CTR000208,2025-09-01,812.38,PRE_AUTHORIZED
PMT0003621,CTR000208,2025-10-05,812.38,PRE_AUTHORIZED
PMT0003622,CTR000208,2025-11-05,812.38,CHEQUE
PMT0003623,CTR000208,2025-12-05,812.38,ONLINE_BANKING
PMT0003624,CTR000208,2026-01-06,812.38,PRE_AUTHORIZED
PMT0003625,CTR000208,2026-02-03,812.38,CHEQUE
PMT0003626,CTR000208,2026-03-02,812.38,CHEQUE
PMT0003627,CTR000208,2026-04-02,812.38,ONLINE_BANKING
PMT0003628,CTR000208,2026-05-03,812.38,PRE_AUTHORIZED
PMT0003629,CTR000209,2025-06-02,581.03,PRE_AUTHORIZED
PMT0003630,CTR000209,2025-06-02,581.03,PRE_AUTHORIZED
PMT0003631,CTR000209,2025-07-06,581.03,PRE_AUTHORIZED
PMT0003632,CTR000209,2025-08-04,581.03,ONLINE_BANKING
PMT0003633,CTR000209,2025-09-04,581.03,ONLINE_BANKING
PMT0003634,CTR000209,2025-10-06,581.03,PRE_AUTHORIZED
PMT0003635,CTR000209,2025-11-01,581.03,PRE_AUTHORIZED
PMT0003636,CTR000209,2025-12-06,581.03,CHEQUE
PMT0003637,CTR000209,2026-01-01,581.03,ONLINE_BANKING
PMT0003638,CTR000209,2026-02-05,581.03,ONLINE_BANKING
PMT0003639,CTR000209,2026-03-06,581.03,ONLINE_BANKING
PMT0003640,CTR000209,2026-04-01,581.03,ONLINE_BANKING
PMT0003641,CTR000209,2026-05-02,581.03,PRE_AUTHORIZED
PMT0003642,CTR000210,2024-09-27,2033.43,CHEQUE
PMT0003643,CTR000210,2024-10-02,2033.43,PRE_AUTHORIZED
PMT0003644,CTR000210,2024-11-04,2033.43,ONLINE_BANKING
PMT0003645,CTR000210,2024-12-05,2033.43,ONLINE_BANKING
PMT0003646,CTR000210,2025-01-03,2033.43,PRE_AUTHORIZED
PMT0003647,CTR000210,2025-02-05,2033.43,PRE_AUTHORIZED
PMT0003648,CTR000210,2025-03-02,2033.43,CHEQUE
PMT0003649,CTR000210,2025-04-02,2033.43,ONLINE_BANKING
PMT0003650,CTR000210,2025-05-06,2033.43,ONLINE_BANKING
PMT0003651,CTR000210,2025-06-06,2033.43,PRE_AUTHORIZED
PMT0003652,CTR000210,2025-07-04,2033.43,ONLINE_BANKING
PMT0003653,CTR000210,2025-08-01,2033.43,CHEQUE
PMT0003654,CTR000210,2025-09-04,2033.43,PRE_AUTHORIZED
PMT0003655,CTR000210,2025-10-05,2033.43,PRE_AUTHORIZED
PMT0003656,CTR000210,2025-11-02,2033.43,ONLINE_BANKING
PMT0003657,CTR000210,2025-12-06,2033.43,CHEQUE
PMT0003658,CTR000210,2026-01-01,2033.43,CHEQUE
PMT0003659,CTR000210,2026-02-06,2033.43,PRE_AUTHORIZED
PMT0003660,CTR000210,2026-03-04,2033.43,PRE_AUTHORIZED
PMT0003661,CTR000210,2026-04-02,2033.43,ONLINE_BANKING
PMT0003662,CTR000210,2026-05-04,2033.43,CHEQUE
PMT0003663,CTR000211,2023-04-04,985.48,PRE_AUTHORIZED
PMT0003664,CTR000211,2023-05-06,985.48,CHEQUE
PMT0003665,CTR000211,2023-06-06,985.48,CHEQUE
PMT0003666,CTR000211,2023-07-01,985.48,ONLINE_BANKING
PMT0003667,CTR000211,2023-08-05,985.48,PRE_AUTHORIZED
PMT0003668,CTR000211,2023-09-05,985.48,CHEQUE
PMT0003669,CTR000211,2023-10-03,985.48,ONLINE_BANKING
PMT0003670,CTR000211,2023-11-04,985.48,ONLINE_BANKING
PMT0003671,CTR000211,2023-12-03,985.48,CHEQUE
PMT0003672,CTR000211,2024-01-04,985.48,ONLINE_BANKING
PMT0003673,CTR000211,2024-02-05,985.48,ONLINE_BANKING
PMT0003674,CTR000211,2024-03-05,985.48,PRE_AUTHORIZED
PMT0003675,CTR000211,2024-04-01,985.48,CHEQUE
PMT0003676,CTR000211,2024-05-03,985.48,PRE_AUTHORIZED
PMT0003677,CTR000211,2024-06-01,985.48,ONLINE_BANKING
PMT0003678,CTR000211,2024-07-05,985.48,CHEQUE
PMT0003679,CTR000211,2024-08-01,985.48,PRE_AUTHORIZED
PMT0003680,CTR000211,2024-09-03,985.48,ONLINE_BANKING
PMT0003681,CTR000211,2024-10-01,985.48,CHEQUE
PMT0003682,CTR000211,2024-11-01,985.48,CHEQUE
PMT0003683,CTR000211,2024-12-03,985.48,CHEQUE
PMT0003684,CTR000211,2025-01-01,985.48,CHEQUE
PMT0003685,CTR000211,2025-02-01,985.48,PRE_AUTHORIZED
PMT0003686,CTR000211,2025-03-02,985.48,ONLINE_BANKING
PMT0003687,CTR000212,2025-08-15,536.89,ONLINE_BANKING
PMT0003688,CTR000212,2025-09-01,536.89,CHEQUE
PMT0003689,CTR000212,2025-10-01,536.89,PRE_AUTHORIZED
PMT0003690,CTR000212,2025-11-01,536.89,PRE_AUTHORIZED
PMT0003691,CTR000212,2025-12-02,536.89,ONLINE_BANKING
PMT0003692,CTR000212,2026-01-01,536.89,CHEQUE
PMT0003693,CTR000212,2026-02-06,536.89,PRE_AUTHORIZED
PMT0003694,CTR000212,2026-03-02,536.89,CHEQUE
PMT0003695,CTR000212,2026-04-01,536.89,ONLINE_BANKING
PMT0003696,CTR000212,2026-05-05,536.89,ONLINE_BANKING
PMT0003697,CTR000213,2023-11-11,700.51,PRE_AUTHORIZED
PMT0003698,CTR000213,2023-12-01,700.51,ONLINE_BANKING
PMT0003699,CTR000213,2024-01-01,700.51,PRE_AUTHORIZED
PMT0003700,CTR000213,2024-02-04,700.51,CHEQUE
PMT0003701,CTR000213,2024-03-02,700.51,ONLINE_BANKING
PMT0003702,CTR000213,2024-04-04,700.51,CHEQUE
PMT0003703,CTR000213,2024-05-02,700.51,ONLINE_BANKING
PMT0003704,CTR000213,2024-06-05,700.51,ONLINE_BANKING
PMT0003705,CTR000213,2024-07-04,700.51,CHEQUE
PMT0003706,CTR000213,2024-08-01,700.51,CHEQUE
PMT0003707,CTR000213,2024-09-04,700.51,CHEQUE
PMT0003708,CTR000213,2024-10-06,700.51,ONLINE_BANKING
PMT0003709,CTR000213,2024-11-06,700.51,CHEQUE
PMT0003710,CTR000213,2024-12-04,700.51,CHEQUE
PMT0003711,CTR000213,2025-01-04,700.51,ONLINE_BANKING
PMT0003712,CTR000213,2025-02-05,700.51,ONLINE_BANKING
PMT0003713,CTR000213,2025-03-03,700.51,CHEQUE
PMT0003714,CTR000213,2025-04-03,700.51,PRE_AUTHORIZED
PMT0003715,CTR000213,2025-05-06,700.51,PRE_AUTHORIZED
PMT0003716,CTR000213,2025-06-06,700.51,ONLINE_BANKING
PMT0003717,CTR000213,2025-07-05,700.51,CHEQUE
PMT0003718,CTR000213,2025-08-03,700.51,CHEQUE
PMT0003719,CTR000213,2025-09-06,700.51,ONLINE_BANKING
PMT0003720,CTR000213,2025-10-03,700.51,CHEQUE
PMT0003721,CTR000214,2023-06-04,1470.0,PRE_AUTHORIZED
PMT0003722,CTR000214,2023-06-04,1470.0,PRE_AUTHORIZED
PMT0003723,CTR000214,2023-07-04,1470.0,ONLINE_BANKING
PMT0003724,CTR000214,2023-08-02,1470.0,PRE_AUTHORIZED
PMT0003725,CTR000214,2023-09-04,1470.0,ONLINE_BANKING
PMT0003726,CTR000214,2023-10-04,1470.0,PRE_AUTHORIZED
PMT0003727,CTR000214,2023-11-05,1470.0,ONLINE_BANKING
PMT0003728,CTR000214,2023-12-06,1470.0,ONLINE_BANKING
PMT0003729,CTR000214,2024-01-05,1470.0,CHEQUE
PMT0003730,CTR000214,2024-02-06,1470.0,ONLINE_BANKING
PMT0003731,CTR000214,2024-03-06,1470.0,ONLINE_BANKING
PMT0003732,CTR000214,2024-04-06,1470.0,ONLINE_BANKING
PMT0003733,CTR000214,2024-05-01,1470.0,ONLINE_BANKING
PMT0003734,CTR000214,2024-06-03,1470.0,ONLINE_BANKING
PMT0003735,CTR000214,2024-07-03,1470.0,CHEQUE
PMT0003736,CTR000214,2024-08-05,1470.0,ONLINE_BANKING
PMT0003737,CTR000214,2024-09-02,1470.0,CHEQUE
PMT0003738,CTR000214,2024-10-01,1470.0,ONLINE_BANKING
PMT0003739,CTR000214,2024-11-02,1470.0,CHEQUE
PMT0003740,CTR000214,2024-12-05,1470.0,PRE_AUTHORIZED
PMT0003741,CTR000214,2025-01-04,1470.0,PRE_AUTHORIZED
PMT0003742,CTR000214,2025-02-04,1470.0,PRE_AUTHORIZED
PMT0003743,CTR000214,2025-03-05,1470.0,ONLINE_BANKING
PMT0003744,CTR000214,2025-04-03,1470.0,CHEQUE
PMT0003745,CTR000215,2024-06-09,1310.46,CHEQUE
PMT0003746,CTR000215,2024-07-01,1310.46,ONLINE_BANKING
PMT0003747,CTR000215,2024-08-06,1310.46,CHEQUE
PMT0003748,CTR000215,2024-09-03,1310.46,ONLINE_BANKING
PMT0003749,CTR000215,2024-10-05,1310.46,PRE_AUTHORIZED
PMT0003750,CTR000215,2024-11-03,1310.46,PRE_AUTHORIZED
PMT0003751,CTR000215,2024-12-02,1310.46,ONLINE_BANKING
PMT0003752,CTR000215,2025-01-06,1310.46,CHEQUE
PMT0003753,CTR000215,2025-02-02,1310.46,PRE_AUTHORIZED
PMT0003754,CTR000215,2025-03-05,1310.46,ONLINE_BANKING
PMT0003755,CTR000215,2025-04-06,1310.46,CHEQUE
PMT0003756,CTR000215,2025-05-01,1310.46,PRE_AUTHORIZED
PMT0003757,CTR000215,2025-06-03,1310.46,CHEQUE
PMT0003758,CTR000215,2025-07-04,1310.46,ONLINE_BANKING
PMT0003759,CTR000215,2025-08-04,1310.46,ONLINE_BANKING
PMT0003760,CTR000215,2025-09-04,1310.46,CHEQUE
PMT0003761,CTR000215,2025-10-02,1310.46,CHEQUE
PMT0003762,CTR000215,2025-11-06,1310.46,PRE_AUTHORIZED
PMT0003763,CTR000215,2025-12-04,1310.46,PRE_AUTHORIZED
PMT0003764,CTR000215,2026-01-05,1310.46,CHEQUE
PMT0003765,CTR000215,2026-02-03,1310.46,ONLINE_BANKING
PMT0003766,CTR000215,2026-03-01,1310.46,ONLINE_BANKING
PMT0003767,CTR000215,2026-04-04,1310.46,PRE_AUTHORIZED
PMT0003768,CTR000215,2026-05-06,1310.46,PRE_AUTHORIZED
PMT0003769,CTR000216,2025-02-17,456.64,ONLINE_BANKING
PMT0003770,CTR000216,2025-03-03,456.64,CHEQUE
PMT0003771,CTR000216,2025-04-04,456.64,CHEQUE
PMT0003772,CTR000216,2025-05-02,456.64,ONLINE_BANKING
PMT0003773,CTR000216,2025-06-01,456.64,ONLINE_BANKING
PMT0003774,CTR000216,2025-07-02,456.64,ONLINE_BANKING
PMT0003775,CTR000216,2025-08-01,456.64,PRE_AUTHORIZED
PMT0003776,CTR000216,2025-09-06,456.64,ONLINE_BANKING
PMT0003777,CTR000216,2025-10-03,456.64,ONLINE_BANKING
PMT0003778,CTR000216,2025-11-06,456.64,PRE_AUTHORIZED
PMT0003779,CTR000216,2025-12-03,456.64,PRE_AUTHORIZED
PMT0003780,CTR000216,2026-01-04,456.64,PRE_AUTHORIZED
PMT0003781,CTR000216,2026-02-05,456.64,PRE_AUTHORIZED
PMT0003782,CTR000216,2026-03-06,456.64,ONLINE_BANKING
PMT0003783,CTR000216,2026-04-01,456.64,CHEQUE
PMT0003784,CTR000216,2026-05-01,456.64,ONLINE_BANKING
PMT0003785,CTR000217,2023-04-07,338.96,PRE_AUTHORIZED
PMT0003786,CTR000217,2023-05-05,338.96,ONLINE_BANKING
PMT0003787,CTR000217,2023-06-04,338.96,CHEQUE
PMT0003788,CTR000217,2023-07-01,338.96,ONLINE_BANKING
PMT0003789,CTR000217,2023-08-06,338.96,ONLINE_BANKING
PMT0003790,CTR000217,2023-09-05,338.96,CHEQUE
PMT0003791,CTR000217,2023-10-02,338.96,CHEQUE
PMT0003792,CTR000217,2023-11-04,338.96,ONLINE_BANKING
PMT0003793,CTR000217,2023-12-01,338.96,PRE_AUTHORIZED
PMT0003794,CTR000217,2024-01-02,338.96,ONLINE_BANKING
PMT0003795,CTR000217,2024-02-05,338.96,CHEQUE
PMT0003796,CTR000217,2024-03-01,338.96,ONLINE_BANKING
PMT0003797,CTR000217,2024-04-01,338.96,CHEQUE
PMT0003798,CTR000217,2024-05-02,338.96,PRE_AUTHORIZED
PMT0003799,CTR000217,2024-06-05,338.96,PRE_AUTHORIZED
PMT0003800,CTR000217,2024-07-03,338.96,PRE_AUTHORIZED
PMT0003801,CTR000217,2024-08-02,338.96,CHEQUE
PMT0003802,CTR000217,2024-09-06,338.96,PRE_AUTHORIZED
PMT0003803,CTR000217,2024-10-03,338.96,PRE_AUTHORIZED
PMT0003804,CTR000217,2024-11-03,338.96,ONLINE_BANKING
PMT0003805,CTR000217,2024-12-02,338.96,CHEQUE
PMT0003806,CTR000217,2025-01-01,338.96,CHEQUE
PMT0003807,CTR000217,2025-02-05,338.96,PRE_AUTHORIZED
PMT0003808,CTR000217,2025-03-06,338.96,ONLINE_BANKING
PMT0003809,CTR000218,2025-03-25,1042.79,ONLINE_BANKING
PMT0003810,CTR000218,2025-04-03,1042.79,PRE_AUTHORIZED
PMT0003811,CTR000218,2025-05-01,1042.79,PRE_AUTHORIZED
PMT0003812,CTR000218,2025-06-02,1042.79,CHEQUE
PMT0003813,CTR000218,2025-07-04,1042.79,ONLINE_BANKING
PMT0003814,CTR000218,2025-08-06,1042.79,PRE_AUTHORIZED
PMT0003815,CTR000218,2025-09-04,1042.79,PRE_AUTHORIZED
PMT0003816,CTR000218,2025-10-01,1042.79,CHEQUE
PMT0003817,CTR000218,2025-11-05,1042.79,PRE_AUTHORIZED
PMT0003818,CTR000218,2025-12-03,1042.79,PRE_AUTHORIZED
PMT0003819,CTR000218,2026-01-02,1042.79,PRE_AUTHORIZED
PMT0003820,CTR000218,2026-02-04,1042.79,PRE_AUTHORIZED
PMT0003821,CTR000218,2026-03-01,1042.79,CHEQUE
PMT0003822,CTR000218,2026-04-04,1042.79,PRE_AUTHORIZED
PMT0003823,CTR000218,2026-05-02,1042.79,PRE_AUTHORIZED
PMT0003824,CTR000219,2023-08-12,1787.77,ONLINE_BANKING
PMT0003825,CTR000219,2023-09-06,1787.77,ONLINE_BANKING
PMT0003826,CTR000219,2023-10-04,1787.77,PRE_AUTHORIZED
PMT0003827,CTR000219,2023-11-03,1787.77,PRE_AUTHORIZED
PMT0003828,CTR000219,2023-12-06,1787.77,ONLINE_BANKING
PMT0003829,CTR000219,2024-01-04,1787.77,CHEQUE
PMT0003830,CTR000219,2024-02-05,1787.77,CHEQUE
PMT0003831,CTR000219,2024-03-06,1787.77,PRE_AUTHORIZED
PMT0003832,CTR000219,2024-04-02,1787.77,PRE_AUTHORIZED
PMT0003833,CTR000219,2024-05-03,1787.77,PRE_AUTHORIZED
PMT0003834,CTR000219,2024-06-01,1787.77,PRE_AUTHORIZED
PMT0003835,CTR000219,2024-07-04,1787.77,CHEQUE
PMT0003836,CTR000219,2024-08-02,1787.77,CHEQUE
PMT0003837,CTR000219,2024-09-05,1787.77,PRE_AUTHORIZED
PMT0003838,CTR000219,2024-10-06,1787.77,ONLINE_BANKING
PMT0003839,CTR000219,2024-11-01,1787.77,PRE_AUTHORIZED
PMT0003840,CTR000219,2024-12-05,1787.77,ONLINE_BANKING
PMT0003841,CTR000219,2025-01-04,1787.77,PRE_AUTHORIZED
PMT0003842,CTR000219,2025-02-01,1787.77,ONLINE_BANKING
PMT0003843,CTR000219,2025-03-02,1787.77,ONLINE_BANKING
PMT0003844,CTR000219,2025-04-06,1787.77,ONLINE_BANKING
PMT0003845,CTR000219,2025-05-03,1787.77,CHEQUE
PMT0003846,CTR000219,2025-06-06,1787.77,PRE_AUTHORIZED
PMT0003847,CTR000219,2025-07-04,1787.77,CHEQUE
PMT0003848,CTR000220,2023-07-16,1125.99,CHEQUE
PMT0003849,CTR000220,2023-08-02,1125.99,PRE_AUTHORIZED
PMT0003850,CTR000220,2023-09-01,1125.99,PRE_AUTHORIZED
PMT0003851,CTR000220,2023-10-04,1125.99,PRE_AUTHORIZED
PMT0003852,CTR000220,2023-11-03,1125.99,PRE_AUTHORIZED
PMT0003853,CTR000220,2023-12-01,1125.99,PRE_AUTHORIZED
PMT0003854,CTR000220,2024-01-05,1125.99,PRE_AUTHORIZED
PMT0003855,CTR000220,2024-02-02,1125.99,PRE_AUTHORIZED
PMT0003856,CTR000220,2024-03-06,1125.99,PRE_AUTHORIZED
PMT0003857,CTR000220,2024-04-01,1125.99,CHEQUE
PMT0003858,CTR000220,2024-05-01,1125.99,CHEQUE
PMT0003859,CTR000220,2024-06-04,1125.99,PRE_AUTHORIZED
PMT0003860,CTR000220,2024-07-01,1125.99,PRE_AUTHORIZED
PMT0003861,CTR000220,2024-08-06,1125.99,CHEQUE
PMT0003862,CTR000220,2024-09-06,1125.99,CHEQUE
PMT0003863,CTR000220,2024-10-02,1125.99,CHEQUE
PMT0003864,CTR000220,2024-11-01,1125.99,ONLINE_BANKING
PMT0003865,CTR000220,2024-12-05,1125.99,CHEQUE
PMT0003866,CTR000220,2025-01-04,1125.99,ONLINE_BANKING
PMT0003867,CTR000220,2025-02-01,1125.99,PRE_AUTHORIZED
PMT0003868,CTR000220,2025-03-01,1125.99,ONLINE_BANKING
PMT0003869,CTR000220,2025-04-01,1125.99,PRE_AUTHORIZED
PMT0003870,CTR000220,2025-05-01,1125.99,ONLINE_BANKING
PMT0003871,CTR000220,2025-06-02,1125.99,ONLINE_BANKING
PMT0003872,CTR000221,2025-06-11,815.39,ONLINE_BANKING
PMT0003873,CTR000221,2025-07-02,815.39,ONLINE_BANKING
PMT0003874,CTR000221,2025-08-01,815.39,PRE_AUTHORIZED
PMT0003875,CTR000221,2025-09-05,815.39,PRE_AUTHORIZED
PMT0003876,CTR000221,2025-10-06,815.39,ONLINE_BANKING
PMT0003877,CTR000221,2025-11-03,815.39,ONLINE_BANKING
PMT0003878,CTR000221,2025-12-02,815.39,CHEQUE
PMT0003879,CTR000221,2026-01-03,815.39,ONLINE_BANKING
PMT0003880,CTR000221,2026-02-05,815.39,PRE_AUTHORIZED
PMT0003881,CTR000221,2026-03-04,815.39,PRE_AUTHORIZED
PMT0003882,CTR000221,2026-04-04,815.39,CHEQUE
PMT0003883,CTR000221,2026-05-01,815.39,CHEQUE
PMT0003884,CTR000222,2025-07-23,733.37,PRE_AUTHORIZED
PMT0003885,CTR000222,2025-08-04,733.37,ONLINE_BANKING
PMT0003886,CTR000222,2025-09-01,733.37,ONLINE_BANKING
PMT0003887,CTR000222,2025-10-02,733.37,ONLINE_BANKING
PMT0003888,CTR000222,2025-11-05,733.37,CHEQUE
PMT0003889,CTR000222,2025-12-03,733.37,PRE_AUTHORIZED
PMT0003890,CTR000222,2026-01-02,733.37,PRE_AUTHORIZED
PMT0003891,CTR000222,2026-02-06,733.37,ONLINE_BANKING
PMT0003892,CTR000222,2026-03-01,733.37,ONLINE_BANKING
PMT0003893,CTR000222,2026-04-04,733.37,ONLINE_BANKING
PMT0003894,CTR000222,2026-05-04,733.37,PRE_AUTHORIZED
PMT0003895,CTR000223,2026-02-09,780.89,PRE_AUTHORIZED
PMT0003896,CTR000223,2026-03-02,780.89,CHEQUE
PMT0003897,CTR000223,2026-04-03,780.89,PRE_AUTHORIZED
PMT0003898,CTR000223,2026-05-02,780.89,PRE_AUTHORIZED
PMT0003899,CTR000224,2025-02-04,451.82,ONLINE_BANKING
PMT0003900,CTR000224,2025-03-03,451.82,ONLINE_BANKING
PMT0003901,CTR000224,2025-04-05,451.82,CHEQUE
PMT0003902,CTR000224,2025-05-05,451.82,ONLINE_BANKING
PMT0003903,CTR000224,2025-06-02,451.82,ONLINE_BANKING
PMT0003904,CTR000224,2025-07-02,451.82,PRE_AUTHORIZED
PMT0003905,CTR000224,2025-08-02,451.82,ONLINE_BANKING
PMT0003906,CTR000224,2025-09-06,451.82,PRE_AUTHORIZED
PMT0003907,CTR000224,2025-10-02,451.82,CHEQUE
PMT0003908,CTR000224,2025-11-03,451.82,CHEQUE
PMT0003909,CTR000224,2025-12-06,451.82,PRE_AUTHORIZED
PMT0003910,CTR000224,2026-01-06,451.82,CHEQUE
PMT0003911,CTR000224,2026-02-06,451.82,PRE_AUTHORIZED
PMT0003912,CTR000224,2026-03-01,451.82,ONLINE_BANKING
PMT0003913,CTR000224,2026-04-02,451.82,ONLINE_BANKING
PMT0003914,CTR000224,2026-05-01,451.82,ONLINE_BANKING
PMT0003915,CTR000225,2024-07-02,1081.83,CHEQUE
PMT0003916,CTR000225,2024-08-04,1081.83,PRE_AUTHORIZED
PMT0003917,CTR000225,2024-09-01,1081.83,PRE_AUTHORIZED
PMT0003918,CTR000225,2024-10-04,1081.83,CHEQUE
PMT0003919,CTR000225,2024-11-04,1081.83,CHEQUE
PMT0003920,CTR000225,2024-12-03,1081.83,CHEQUE
PMT0003921,CTR000225,2025-01-05,1081.83,CHEQUE
PMT0003922,CTR000225,2025-02-06,1081.83,CHEQUE
PMT0003923,CTR000225,2025-03-05,1081.83,ONLINE_BANKING
PMT0003924,CTR000225,2025-04-05,1081.83,CHEQUE
PMT0003925,CTR000225,2025-05-05,1081.83,PRE_AUTHORIZED
PMT0003926,CTR000225,2025-06-02,1081.83,PRE_AUTHORIZED
PMT0003927,CTR000225,2025-07-01,1081.83,ONLINE_BANKING
PMT0003928,CTR000225,2025-08-04,1081.83,ONLINE_BANKING
PMT0003929,CTR000225,2025-09-03,1081.83,CHEQUE
PMT0003930,CTR000225,2025-10-05,1081.83,CHEQUE
PMT0003931,CTR000225,2025-11-01,1081.83,PRE_AUTHORIZED
PMT0003932,CTR000225,2025-12-04,1081.83,PRE_AUTHORIZED
PMT0003933,CTR000225,2026-01-06,1081.83,CHEQUE
PMT0003934,CTR000225,2026-02-02,1081.83,PRE_AUTHORIZED
PMT0003935,CTR000225,2026-03-02,1081.83,PRE_AUTHORIZED
PMT0003936,CTR000225,2026-04-04,1081.83,ONLINE_BANKING
PMT0003937,CTR000225,2026-05-04,1081.83,PRE_AUTHORIZED
