contract_number,status_date,contract_status,delinquency_bucket,outstanding_balance
CTR000001,2025-08-30,ACTIVE,CURRENT,28989.0
CTR000001,2025-09-01,ACTIVE,CURRENT,28505.85
CTR000001,2025-10-01,ACTIVE,CURRENT,28022.7
CTR000001,2025-11-01,ACTIVE,CURRENT,27539.55
CTR000001,2025-12-01,ACTIVE,CURRENT,27056.4
CTR000001,2026-01-01,ACTIVE,CURRENT,26573.25
CTR000001,2026-02-01,ACTIVE,CURRENT,26090.1
CTR000001,2026-03-01,ACTIVE,CURRENT,25606.95
CTR000001,2026-04-01,ACTIVE,CURRENT,25123.8
CTR000001,2026-05-01,ACTIVE,CURRENT,24640.65
CTR000002,2023-06-24,ACTIVE,CURRENT,32950.0
CTR000002,2023-07-01,ACTIVE,CURRENT,32034.72
CTR000002,2023-08-01,ACTIVE,CURRENT,31119.44
CTR000002,2023-09-01,ACTIVE,CURRENT,30204.17
CTR000002,2023-10-01,ACTIVE,CURRENT,29288.89
CTR000002,2023-11-01,ACTIVE,CURRENT,28373.61
CTR000002,2023-12-01,ACTIVE,CURRENT,27458.33
CTR000002,2024-01-01,ACTIVE,CURRENT,26543.06
CTR000002,2024-02-01,ACTIVE,CURRENT,25627.78
CTR000002,2024-03-01,ACTIVE,CURRENT,24712.5
CTR000002,2024-04-01,ACTIVE,CURRENT,23797.22
CTR000002,2024-05-01,ACTIVE,CURRENT,22881.94
CTR000002,2024-06-01,ACTIVE,CURRENT,21966.67
CTR000002,2024-07-01,ACTIVE,CURRENT,21051.39
CTR000002,2024-08-01,ACTIVE,CURRENT,20136.11
CTR000002,2024-09-01,ACTIVE,CURRENT,19220.83
CTR000002,2024-10-01,ACTIVE,CURRENT,18305.56
CTR000002,2024-11-01,DELINQUENT,31-60,17390.28
CTR000002,2024-12-01,ACTIVE,CURRENT,16475.0
CTR000002,2025-01-01,ACTIVE,CURRENT,15559.72
CTR000002,2025-02-01,ACTIVE,CURRENT,14644.44
CTR000002,2025-03-01,ACTIVE,CURRENT,13729.17
CTR000002,2025-04-01,DELINQUENT,1-30,12813.89
CTR000002,2025-05-01,ACTIVE,CURRENT,11898.61
CTR000003,2025-09-19,ACTIVE,CURRENT,60143.0
CTR000003,2025-10-01,ACTIVE,CURRENT,58890.02
CTR000003,2025-11-01,ACTIVE,CURRENT,57637.04
CTR000003,2025-12-01,DELINQUENT,61-90,56384.06
CTR000003,2026-01-01,ACTIVE,CURRENT,55131.08
CTR000003,2026-02-01,ACTIVE,CURRENT,53878.1
CTR000003,2026-03-01,ACTIVE,CURRENT,52625.13
CTR000003,2026-04-01,ACTIVE,CURRENT,51372.15
CTR000003,2026-05-01,ACTIVE,CURRENT,50119.17
CTR000004,2023-02-16,ACTIVE,CURRENT,41953.0
CTR000004,2023-03-01,ACTIVE,CURRENT,40787.64
CTR000004,2023-04-01,ACTIVE,CURRENT,39622.28
CTR000004,2023-05-01,ACTIVE,CURRENT,38456.92
CTR000004,2023-06-01,ACTIVE,CURRENT,37291.56
CTR000004,2023-07-01,ACTIVE,CURRENT,36126.19
CTR000004,2023-08-01,ACTIVE,CURRENT,34960.83
CTR000004,2023-09-01,ACTIVE,CURRENT,33795.47
CTR000004,2023-10-01,ACTIVE,CURRENT,32630.11
CTR000004,2023-11-01,ACTIVE,CURRENT,31464.75
CTR000004,2023-12-01,ACTIVE,CURRENT,30299.39
CTR000004,2024-01-01,ACTIVE,CURRENT,29134.03
CTR000004,2024-02-01,ACTIVE,CURRENT,27968.67
CTR000004,2024-03-01,DELINQUENT,61-90,26803.31
CTR000004,2024-04-01,ACTIVE,CURRENT,25637.94
CTR000004,2024-05-01,ACTIVE,CURRENT,24472.58
CTR000004,2024-06-01,DELINQUENT,61-90,23307.22
CTR000004,2024-07-01,ACTIVE,CURRENT,22141.86
CTR000004,2024-08-01,ACTIVE,CURRENT,20976.5
CTR000004,2024-09-01,DELINQUENT,1-30,19811.14
CTR000004,2024-10-01,ACTIVE,CURRENT,18645.78
CTR000004,2024-11-01,ACTIVE,CURRENT,17480.42
CTR000004,2024-12-01,ACTIVE,CURRENT,16315.06
CTR000004,2025-01-01,ACTIVE,CURRENT,15149.69
CTR000005,2023-02-05,ACTIVE,CURRENT,66806.0
CTR000005,2023-03-01,DELINQUENT,31-60,65414.21
CTR000005,2023-04-01,ACTIVE,CURRENT,64022.42
CTR000005,2023-05-01,ACTIVE,CURRENT,62630.63
CTR000005,2023-06-01,ACTIVE,CURRENT,61238.83
CTR000005,2023-07-01,ACTIVE,CURRENT,59847.04
CTR000005,2023-08-01,ACTIVE,CURRENT,58455.25
CTR000005,2023-09-01,ACTIVE,CURRENT,57063.46
CTR000005,2023-10-01,DELINQUENT,31-60,55671.67
CTR000005,2023-11-01,ACTIVE,CURRENT,54279.88
CTR000005,2023-12-01,DELINQUENT,1-30,52888.08
CTR000005,2024-01-01,ACTIVE,CURRENT,51496.29
CTR000005,2024-02-01,DELINQUENT,31-60,50104.5
CTR000005,2024-03-01,ACTIVE,CURRENT,48712.71
CTR000005,2024-04-01,ACTIVE,CURRENT,47320.92
CTR000005,2024-05-01,ACTIVE,CURRENT,45929.13
CTR000005,2024-06-01,ACTIVE,CURRENT,44537.33
CTR000005,2024-07-01,ACTIVE,CURRENT,43145.54
CTR000005,2024-08-01,ACTIVE,CURRENT,41753.75
CTR000005,2024-09-01,DELINQUENT,1-30,40361.96
CTR000005,2024-10-01,ACTIVE,CURRENT,38970.17
CTR000005,2024-11-01,DELINQUENT,31-60,37578.38
CTR000005,2024-12-01,ACTIVE,CURRENT,36186.58
CTR000005,2025-01-01,ACTIVE,CURRENT,34794.79
CTR000006,2026-05-17,ACTIVE,CURRENT,55507.0
CTR000007,2024-08-02,ACTIVE,CURRENT,24422.0
CTR000007,2024-09-01,ACTIVE,CURRENT,24082.81
CTR000007,2024-10-01,ACTIVE,CURRENT,23743.61
CTR000007,2024-11-01,ACTIVE,CURRENT,23404.42
CTR000007,2024-12-01,ACTIVE,CURRENT,23065.22
CTR000007,2025-01-01,ACTIVE,CURRENT,22726.03
CTR000007,2025-02-01,ACTIVE,CURRENT,22386.83
CTR000007,2025-03-01,ACTIVE,CURRENT,22047.64
CTR000007,2025-04-01,ACTIVE,CURRENT,21708.44
CTR000007,2025-05-01,DELINQUENT,1-30,21369.25
CTR000007,2025-06-01,ACTIVE,CURRENT,21030.06
CTR000007,2025-07-01,ACTIVE,CURRENT,20690.86
CTR000007,2025-08-01,ACTIVE,CURRENT,20351.67
CTR000007,2025-09-01,ACTIVE,CURRENT,20012.47
CTR000007,2025-10-01,ACTIVE,CURRENT,19673.28
CTR000007,2025-11-01,ACTIVE,CURRENT,19334.08
CTR000007,2025-12-01,DELINQUENT,31-60,18994.89
CTR000007,2026-01-01,ACTIVE,CURRENT,18655.69
CTR000007,2026-02-01,ACTIVE,CURRENT,18316.5
CTR000007,2026-03-01,ACTIVE,CURRENT,17977.31
CTR000007,2026-04-01,ACTIVE,CURRENT,17638.11
CTR000007,2026-05-01,ACTIVE,CURRENT,17298.92
CTR000008,2025-03-22,ACTIVE,CURRENT,67130.0
CTR000008,2025-04-01,ACTIVE,CURRENT,65731.46
CTR000008,2025-05-01,DELINQUENT,61-90,64332.92
CTR000008,2025-06-01,ACTIVE,CURRENT,62934.38
CTR000008,2025-07-01,ACTIVE,CURRENT,61535.83
CTR000008,2025-08-01,ACTIVE,CURRENT,60137.29
CTR000008,2025-09-01,ACTIVE,CURRENT,58738.75
CTR000008,2025-10-01,ACTIVE,CURRENT,57340.21
CTR000008,2025-11-01,ACTIVE,CURRENT,55941.67
CTR000008,2025-12-01,ACTIVE,CURRENT,54543.13
CTR000008,2026-01-01,ACTIVE,CURRENT,53144.58
CTR000008,2026-02-01,ACTIVE,CURRENT,51746.04
CTR000008,2026-03-01,ACTIVE,CURRENT,50347.5
CTR000008,2026-04-01,ACTIVE,CURRENT,48948.96
CTR000008,2026-05-01,ACTIVE,CURRENT,47550.42
CTR000009,2024-11-08,ACTIVE,CURRENT,20468.0
CTR000009,2024-12-01,ACTIVE,CURRENT,19899.44
CTR000009,2025-01-01,ACTIVE,CURRENT,19330.89
CTR000009,2025-02-01,ACTIVE,CURRENT,18762.33
CTR000009,2025-03-01,ACTIVE,CURRENT,18193.78
CTR000009,2025-04-01,ACTIVE,CURRENT,17625.22
CTR000009,2025-05-01,ACTIVE,CURRENT,17056.67
CTR000009,2025-06-01,ACTIVE,CURRENT,16488.11
CTR000009,2025-07-01,ACTIVE,CURRENT,15919.56
CTR000009,2025-08-01,ACTIVE,CURRENT,15351.0
CTR000009,2025-09-01,ACTIVE,CURRENT,14782.44
CTR000009,2025-10-01,ACTIVE,CURRENT,14213.89
CTR000009,2025-11-01,ACTIVE,CURRENT,13645.33
CTR000009,2025-12-01,ACTIVE,CURRENT,13076.78
CTR000009,2026-01-01,DELINQUENT,31-60,12508.22
CTR000009,2026-02-01,ACTIVE,CURRENT,11939.67
CTR000009,2026-03-01,ACTIVE,CURRENT,11371.11
CTR000009,2026-04-01,ACTIVE,CURRENT,10802.56
CTR000009,2026-05-01,ACTIVE,CURRENT,10234.0
CTR000010,2023-12-26,ACTIVE,CURRENT,70445.0
CTR000010,2024-01-01,ACTIVE,CURRENT,68977.4
CTR000010,2024-02-01,ACTIVE,CURRENT,67509.79
CTR000010,2024-03-01,DELINQUENT,61-90,66042.19
CTR000010,2024-04-01,ACTIVE,CURRENT,64574.58
CTR000010,2024-05-01,ACTIVE,CURRENT,63106.98
CTR000010,2024-06-01,ACTIVE,CURRENT,61639.37
CTR000010,2024-07-01,ACTIVE,CURRENT,60171.77
CTR000010,2024-08-01,ACTIVE,CURRENT,58704.17
CTR000010,2024-09-01,ACTIVE,CURRENT,57236.56
CTR000010,2024-10-01,DELINQUENT,61-90,55768.96
CTR000010,2024-11-01,ACTIVE,CURRENT,54301.35
CTR000010,2024-12-01,ACTIVE,CURRENT,52833.75
CTR000010,2025-01-01,ACTIVE,CURRENT,51366.15
CTR000010,2025-02-01,ACTIVE,CURRENT,49898.54
CTR000010,2025-03-01,ACTIVE,CURRENT,48430.94
CTR000010,2025-04-01,ACTIVE,CURRENT,46963.33
CTR000010,2025-05-01,ACTIVE,CURRENT,45495.73
CTR000010,2025-06-01,ACTIVE,CURRENT,44028.13
CTR000010,2025-07-01,ACTIVE,CURRENT,42560.52
CTR000010,2025-08-01,ACTIVE,CURRENT,41092.92
CTR000010,2025-09-01,ACTIVE,CURRENT,39625.31
CTR000010,2025-10-01,ACTIVE,CURRENT,38157.71
CTR000010,2025-11-01,ACTIVE,CURRENT,36690.1
CTR000011,2025-06-11,ACTIVE,CURRENT,38128.0
CTR000011,2025-07-01,DELINQUENT,1-30,37492.53
CTR000011,2025-08-01,ACTIVE,CURRENT,36857.07
CTR000011,2025-09-01,ACTIVE,CURRENT,36221.6
CTR000011,2025-10-01,ACTIVE,CURRENT,35586.13
CTR000011,2025-11-01,ACTIVE,CURRENT,34950.67
CTR000011,2025-12-01,ACTIVE,CURRENT,34315.2
CTR000011,2026-01-01,ACTIVE,CURRENT,33679.73
CTR000011,2026-02-01,ACTIVE,CURRENT,33044.27
CTR000011,2026-03-01,ACTIVE,CURRENT,32408.8
CTR000011,2026-04-01,ACTIVE,CURRENT,31773.33
CTR000011,2026-05-01,ACTIVE,CURRENT,31137.87
CTR000012,2023-05-26,ACTIVE,CURRENT,54439.0
CTR000012,2023-06-01,ACTIVE,CURRENT,53531.68
CTR000012,2023-07-01,ACTIVE,CURRENT,52624.37
CTR000012,2023-08-01,ACTIVE,CURRENT,51717.05
CTR000012,2023-09-01,ACTIVE,CURRENT,50809.73
CTR000012,2023-10-01,ACTIVE,CURRENT,49902.42
CTR000012,2023-11-01,ACTIVE,CURRENT,48995.1
CTR000012,2023-12-01,DELINQUENT,1-30,48087.78
CTR000012,2024-01-01,ACTIVE,CURRENT,47180.47
CTR000012,2024-02-01,ACTIVE,CURRENT,46273.15
CTR000012,2024-03-01,ACTIVE,CURRENT,45365.83
CTR000012,2024-04-01,ACTIVE,CURRENT,44458.52
CTR000012,2024-05-01,DELINQUENT,1-30,43551.2
CTR000012,2024-06-01,ACTIVE,CURRENT,42643.88
CTR000012,2024-07-01,ACTIVE,CURRENT,41736.57
CTR000012,2024-08-01,ACTIVE,CURRENT,40829.25
CTR000012,2024-09-01,ACTIVE,CURRENT,39921.93
CTR000012,2024-10-01,ACTIVE,CURRENT,39014.62
CTR000012,2024-11-01,ACTIVE,CURRENT,38107.3
CTR000012,2024-12-01,ACTIVE,CURRENT,37199.98
CTR000012,2025-01-01,ACTIVE,CURRENT,36292.67
CTR000012,2025-02-01,ACTIVE,CURRENT,35385.35
CTR000012,2025-03-01,ACTIVE,CURRENT,34478.03
CTR000012,2025-04-01,ACTIVE,CURRENT,33570.72
CTR000013,2025-05-15,ACTIVE,CURRENT,44673.0
CTR000013,2025-06-01,ACTIVE,CURRENT,44052.54
CTR000013,2025-07-01,ACTIVE,CURRENT,43432.08
CTR000013,2025-08-01,ACTIVE,CURRENT,42811.62
CTR000013,2025-09-01,ACTIVE,CURRENT,42191.17
CTR000013,2025-10-01,ACTIVE,CURRENT,41570.71
CTR000013,2025-11-01,ACTIVE,CURRENT,40950.25
CTR000013,2025-12-01,ACTIVE,CURRENT,40329.79
CTR000013,2026-01-01,ACTIVE,CURRENT,39709.33
CTR000013,2026-02-01,ACTIVE,CURRENT,39088.87
CTR000013,2026-03-01,ACTIVE,CURRENT,38468.42
CTR000013,2026-04-01,ACTIVE,CURRENT,37847.96
CTR000013,2026-05-01,ACTIVE,CURRENT,37227.5
CTR000014,2023-05-28,ACTIVE,CURRENT,69385.0
CTR000014,2023-06-01,ACTIVE,CURRENT,68421.32
CTR000014,2023-07-01,ACTIVE,CURRENT,67457.64
CTR000014,2023-08-01,ACTIVE,CURRENT,66493.96
CTR000014,2023-09-01,ACTIVE,CURRENT,65530.28
CTR000014,2023-10-01,ACTIVE,CURRENT,64566.6
CTR000014,2023-11-01,ACTIVE,CURRENT,63602.92
CTR000014,2023-12-01,ACTIVE,CURRENT,62639.24
CTR000014,2024-01-01,ACTIVE,CURRENT,61675.56
CTR000014,2024-02-01,ACTIVE,CURRENT,60711.87
CTR000014,2024-03-01,ACTIVE,CURRENT,59748.19
CTR000014,2024-04-01,ACTIVE,CURRENT,58784.51
CTR000014,2024-05-01,ACTIVE,CURRENT,57820.83
CTR000014,2024-06-01,ACTIVE,CURRENT,56857.15
CTR000014,2024-07-01,ACTIVE,CURRENT,55893.47
CTR000014,2024-08-01,ACTIVE,CURRENT,54929.79
CTR000014,2024-09-01,DELINQUENT,31-60,53966.11
CTR000014,2024-10-01,ACTIVE,CURRENT,53002.43
CTR000014,2024-11-01,ACTIVE,CURRENT,52038.75
CTR000014,2024-12-01,ACTIVE,CURRENT,51075.07
CTR000014,2025-01-01,ACTIVE,CURRENT,50111.39
CTR000014,2025-02-01,ACTIVE,CURRENT,49147.71
CTR000014,2025-03-01,ACTIVE,CURRENT,48184.03
CTR000014,2025-04-01,ACTIVE,CURRENT,47220.35
CTR000015,2023-08-27,ACTIVE,CURRENT,34941.0
CTR000015,2023-09-01,ACTIVE,CURRENT,34358.65
CTR000015,2023-10-01,DELINQUENT,1-30,33776.3
CTR000015,2023-11-01,ACTIVE,CURRENT,33193.95
CTR000015,2023-12-01,ACTIVE,CURRENT,32611.6
CTR000015,2024-01-01,ACTIVE,CURRENT,32029.25
CTR000015,2024-02-01,ACTIVE,CURRENT,31446.9
CTR000015,2024-03-01,ACTIVE,CURRENT,30864.55
CTR000015,2024-04-01,DELINQUENT,31-60,30282.2
CTR000015,2024-05-01,ACTIVE,CURRENT,29699.85
CTR000015,2024-06-01,ACTIVE,CURRENT,29117.5
CTR000015,2024-07-01,ACTIVE,CURRENT,28535.15
CTR000015,2024-08-01,ACTIVE,CURRENT,27952.8
CTR000015,2024-09-01,ACTIVE,CURRENT,27370.45
CTR000015,2024-10-01,ACTIVE,CURRENT,26788.1
CTR000015,2024-11-01,ACTIVE,CURRENT,26205.75
CTR000015,2024-12-01,ACTIVE,CURRENT,25623.4
CTR000015,2025-01-01,ACTIVE,CURRENT,25041.05
CTR000015,2025-02-01,ACTIVE,CURRENT,24458.7
CTR000015,2025-03-01,ACTIVE,CURRENT,23876.35
CTR000015,2025-04-01,ACTIVE,CURRENT,23294.0
CTR000015,2025-05-01,ACTIVE,CURRENT,22711.65
CTR000015,2025-06-01,ACTIVE,CURRENT,22129.3
CTR000015,2025-07-01,ACTIVE,CURRENT,21546.95
CTR000016,2024-05-13,ACTIVE,CURRENT,58336.0
CTR000016,2024-06-01,ACTIVE,CURRENT,57120.67
CTR000016,2024-07-01,ACTIVE,CURRENT,55905.33
CTR000016,2024-08-01,ACTIVE,CURRENT,54690.0
CTR000016,2024-09-01,ACTIVE,CURRENT,53474.67
CTR000016,2024-10-01,ACTIVE,CURRENT,52259.33
CTR000016,2024-11-01,ACTIVE,CURRENT,51044.0
CTR000016,2024-12-01,ACTIVE,CURRENT,49828.67
CTR000016,2025-01-01,ACTIVE,CURRENT,48613.33
CTR000016,2025-02-01,ACTIVE,CURRENT,47398.0
CTR000016,2025-03-01,ACTIVE,CURRENT,46182.67
CTR000016,2025-04-01,ACTIVE,CURRENT,44967.33
CTR000016,2025-05-01,ACTIVE,CURRENT,43752.0
CTR000016,2025-06-01,ACTIVE,CURRENT,42536.67
CTR000016,2025-07-01,ACTIVE,CURRENT,41321.33
CTR000016,2025-08-01,ACTIVE,CURRENT,40106.0
CTR000016,2025-09-01,ACTIVE,CURRENT,38890.67
CTR000016,2025-10-01,DELINQUENT,1-30,37675.33
CTR000016,2025-11-01,ACTIVE,CURRENT,36460.0
CTR000016,2025-12-01,ACTIVE,CURRENT,35244.67
CTR000016,2026-01-01,ACTIVE,CURRENT,34029.33
CTR000016,2026-02-01,ACTIVE,CURRENT,32814.0
CTR000016,2026-03-01,ACTIVE,CURRENT,31598.67
CTR000016,2026-04-01,ACTIVE,CURRENT,30383.33
CTR000017,2023-02-05,ACTIVE,CURRENT,45680.0
CTR000017,2023-03-01,ACTIVE,CURRENT,44728.33
CTR000017,2023-04-01,ACTIVE,CURRENT,43776.67
CTR000017,2023-05-01,ACTIVE,CURRENT,42825.0
CTR000017,2023-06-01,ACTIVE,CURRENT,41873.33
CTR000017,2023-07-01,ACTIVE,CURRENT,40921.67
CTR000017,2023-08-01,ACTIVE,CURRENT,39970.0
CTR000017,2023-09-01,ACTIVE,CURRENT,39018.33
CTR000017,2023-10-01,ACTIVE,CURRENT,38066.67
CTR000017,2023-11-01,ACTIVE,CURRENT,37115.0
CTR000017,2023-12-01,ACTIVE,CURRENT,36163.33
CTR000017,2024-01-01,ACTIVE,CURRENT,35211.67
CTR000017,2024-02-01,ACTIVE,CURRENT,34260.0
CTR000017,2024-03-01,ACTIVE,CURRENT,33308.33
CTR000017,2024-04-01,DELINQUENT,61-90,32356.67
CTR000017,2024-05-01,ACTIVE,CURRENT,31405.0
CTR000017,2024-06-01,ACTIVE,CURRENT,30453.33
CTR000017,2024-07-01,ACTIVE,CURRENT,29501.67
CTR000017,2024-08-01,ACTIVE,CURRENT,28550.0
CTR000017,2024-09-01,ACTIVE,CURRENT,27598.33
CTR000017,2024-10-01,DELINQUENT,31-60,26646.67
CTR000017,2024-11-01,ACTIVE,CURRENT,25695.0
CTR000017,2024-12-01,ACTIVE,CURRENT,24743.33
CTR000017,2025-01-01,ACTIVE,CURRENT,23791.67
CTR000018,2025-08-08,ACTIVE,CURRENT,16873.0
CTR000018,2025-09-01,ACTIVE,CURRENT,16638.65
CTR000018,2025-10-01,ACTIVE,CURRENT,16404.31
CTR000018,2025-11-01,ACTIVE,CURRENT,16169.96
CTR000018,2025-12-01,ACTIVE,CURRENT,15935.61
CTR000018,2026-01-01,ACTIVE,CURRENT,15701.26
CTR000018,2026-02-01,ACTIVE,CURRENT,15466.92
CTR000018,2026-03-01,ACTIVE,CURRENT,15232.57
CTR000018,2026-04-01,ACTIVE,CURRENT,14998.22
CTR000018,2026-05-01,ACTIVE,CURRENT,14763.87
CTR000019,2023-04-26,ACTIVE,CURRENT,39233.0
CTR000019,2023-05-01,ACTIVE,CURRENT,38143.19
CTR000019,2023-06-01,ACTIVE,CURRENT,37053.39
CTR000019,2023-07-01,DELINQUENT,1-30,35963.58
CTR000019,2023-08-01,DELINQUENT,1-30,34873.78
CTR000019,2023-09-01,ACTIVE,CURRENT,33783.97
CTR000019,2023-10-01,ACTIVE,CURRENT,32694.17
CTR000019,2023-11-01,ACTIVE,CURRENT,31604.36
CTR000019,2023-12-01,ACTIVE,CURRENT,30514.56
CTR000019,2024-01-01,ACTIVE,CURRENT,29424.75
CTR000019,2024-02-01,DELINQUENT,61-90,28334.94
CTR000019,2024-03-01,ACTIVE,CURRENT,27245.14
CTR000019,2024-04-01,ACTIVE,CURRENT,26155.33
CTR000019,2024-05-01,ACTIVE,CURRENT,25065.53
CTR000019,2024-06-01,ACTIVE,CURRENT,23975.72
CTR000019,2024-07-01,ACTIVE,CURRENT,22885.92
CTR000019,2024-08-01,ACTIVE,CURRENT,21796.11
CTR000019,2024-09-01,ACTIVE,CURRENT,20706.31
CTR000019,2024-10-01,ACTIVE,CURRENT,19616.5
CTR000019,2024-11-01,ACTIVE,CURRENT,18526.69
CTR000019,2024-12-01,ACTIVE,CURRENT,17436.89
CTR000019,2025-01-01,DELINQUENT,1-30,16347.08
CTR000019,2025-02-01,ACTIVE,CURRENT,15257.28
CTR000019,2025-03-01,ACTIVE,CURRENT,14167.47
CTR000020,2023-08-27,ACTIVE,CURRENT,18482.0
CTR000020,2023-09-01,ACTIVE,CURRENT,18096.96
CTR000020,2023-10-01,ACTIVE,CURRENT,17711.92
CTR000020,2023-11-01,ACTIVE,CURRENT,17326.87
CTR000020,2023-12-01,ACTIVE,CURRENT,16941.83
CTR000020,2024-01-01,ACTIVE,CURRENT,16556.79
CTR000020,2024-02-01,ACTIVE,CURRENT,16171.75
CTR000020,2024-03-01,ACTIVE,CURRENT,15786.71
CTR000020,2024-04-01,DELINQUENT,61-90,15401.67
CTR000020,2024-05-01,ACTIVE,CURRENT,15016.62
CTR000020,2024-06-01,ACTIVE,CURRENT,14631.58
CTR000020,2024-07-01,ACTIVE,CURRENT,14246.54
CTR000020,2024-08-01,ACTIVE,CURRENT,13861.5
CTR000020,2024-09-01,ACTIVE,CURRENT,13476.46
CTR000020,2024-10-01,ACTIVE,CURRENT,13091.42
CTR000020,2024-11-01,ACTIVE,CURRENT,12706.38
CTR000020,2024-12-01,ACTIVE,CURRENT,12321.33
CTR000020,2025-01-01,ACTIVE,CURRENT,11936.29
CTR000020,2025-02-01,ACTIVE,CURRENT,11551.25
CTR000020,2025-03-01,ACTIVE,CURRENT,11166.21
CTR000020,2025-04-01,ACTIVE,CURRENT,10781.17
CTR000020,2025-05-01,ACTIVE,CURRENT,10396.13
CTR000020,2025-06-01,ACTIVE,CURRENT,10011.08
CTR000020,2025-07-01,ACTIVE,CURRENT,9626.04
CTR000021,2025-07-26,ACTIVE,CURRENT,15834.0
CTR000021,2025-08-01,ACTIVE,CURRENT,15504.12
CTR000021,2025-09-01,ACTIVE,CURRENT,15174.25
CTR000021,2025-10-01,ACTIVE,CURRENT,14844.38
CTR000021,2025-11-01,ACTIVE,CURRENT,14514.5
CTR000021,2025-12-01,ACTIVE,CURRENT,14184.62
CTR000021,2026-01-01,ACTIVE,CURRENT,13854.75
CTR000021,2026-02-01,ACTIVE,CURRENT,13524.88
CTR000021,2026-03-01,ACTIVE,CURRENT,13195.0
CTR000021,2026-04-01,ACTIVE,CURRENT,12865.12
CTR000021,2026-05-01,ACTIVE,CURRENT,12535.25
CTR000022,2025-08-04,ACTIVE,CURRENT,38109.0
CTR000022,2025-09-01,ACTIVE,CURRENT,37473.85
CTR000022,2025-10-01,ACTIVE,CURRENT,36838.7
CTR000022,2025-11-01,ACTIVE,CURRENT,36203.55
CTR000022,2025-12-01,ACTIVE,CURRENT,35568.4
CTR000022,2026-01-01,ACTIVE,CURRENT,34933.25
CTR000022,2026-02-01,ACTIVE,CURRENT,34298.1
CTR000022,2026-03-01,ACTIVE,CURRENT,33662.95
CTR000022,2026-04-01,ACTIVE,CURRENT,33027.8
CTR000022,2026-05-01,DELINQUENT,61-90,32392.65
CTR000023,2025-01-11,DELINQUENT,61-90,20850.0
CTR000023,2025-02-01,ACTIVE,CURRENT,20560.42
CTR000023,2025-03-01,ACTIVE,CURRENT,20270.83
CTR000023,2025-04-01,ACTIVE,CURRENT,19981.25
CTR000023,2025-05-01,ACTIVE,CURRENT,19691.67
CTR000023,2025-06-01,ACTIVE,CURRENT,19402.08
CTR000023,2025-07-01,ACTIVE,CURRENT,19112.5
CTR000023,2025-08-01,ACTIVE,CURRENT,18822.92
CTR000023,2025-09-01,ACTIVE,CURRENT,18533.33
CTR000023,2025-10-01,ACTIVE,CURRENT,18243.75
CTR000023,2025-11-01,ACTIVE,CURRENT,17954.17
CTR000023,2025-12-01,ACTIVE,CURRENT,17664.58
CTR000023,2026-01-01,ACTIVE,CURRENT,17375.0
CTR000023,2026-02-01,ACTIVE,CURRENT,17085.42
CTR000023,2026-03-01,ACTIVE,CURRENT,16795.83
CTR000023,2026-04-01,DELINQUENT,1-30,16506.25
CTR000023,2026-05-01,ACTIVE,CURRENT,16216.67
CTR000024,2024-09-09,ACTIVE,CURRENT,17683.0
CTR000024,2024-10-01,ACTIVE,CURRENT,17388.28
CTR000024,2024-11-01,ACTIVE,CURRENT,17093.57
CTR000024,2024-12-01,ACTIVE,CURRENT,16798.85
CTR000024,2025-01-01,ACTIVE,CURRENT,16504.13
CTR000024,2025-02-01,ACTIVE,CURRENT,16209.42
CTR000024,2025-03-01,ACTIVE,CURRENT,15914.7
CTR000024,2025-04-01,ACTIVE,CURRENT,15619.98
CTR000024,2025-05-01,ACTIVE,CURRENT,15325.27
CTR000024,2025-06-01,DELINQUENT,61-90,15030.55
CTR000024,2025-07-01,ACTIVE,CURRENT,14735.83
CTR000024,2025-08-01,ACTIVE,CURRENT,14441.12
CTR000024,2025-09-01,ACTIVE,CURRENT,14146.4
CTR000024,2025-10-01,ACTIVE,CURRENT,13851.68
CTR000024,2025-11-01,ACTIVE,CURRENT,13556.97
CTR000024,2025-12-01,ACTIVE,CURRENT,13262.25
CTR000024,2026-01-01,ACTIVE,CURRENT,12967.53
CTR000024,2026-02-01,ACTIVE,CURRENT,12672.82
CTR000024,2026-03-01,ACTIVE,CURRENT,12378.1
CTR000024,2026-04-01,ACTIVE,CURRENT,12083.38
CTR000024,2026-05-01,ACTIVE,CURRENT,11788.67
CTR000025,2026-02-25,ACTIVE,CURRENT,20636.0
CTR000025,2026-03-01,ACTIVE,CURRENT,20292.07
CTR000025,2026-04-01,ACTIVE,CURRENT,19948.13
CTR000025,2026-05-01,ACTIVE,CURRENT,19604.2
CTR000026,2024-09-28,ACTIVE,CURRENT,26357.0
CTR000026,2024-10-01,ACTIVE,CURRENT,25624.86
CTR000026,2024-11-01,ACTIVE,CURRENT,24892.72
CTR000026,2024-12-01,ACTIVE,CURRENT,24160.58
CTR000026,2025-01-01,ACTIVE,CURRENT,23428.44
CTR000026,2025-02-01,ACTIVE,CURRENT,22696.31
CTR000026,2025-03-01,ACTIVE,CURRENT,21964.17
CTR000026,2025-04-01,ACTIVE,CURRENT,21232.03
CTR000026,2025-05-01,ACTIVE,CURRENT,20499.89
CTR000026,2025-06-01,ACTIVE,CURRENT,19767.75
CTR000026,2025-07-01,ACTIVE,CURRENT,19035.61
CTR000026,2025-08-01,ACTIVE,CURRENT,18303.47
CTR000026,2025-09-01,ACTIVE,CURRENT,17571.33
CTR000026,2025-10-01,ACTIVE,CURRENT,16839.19
CTR000026,2025-11-01,ACTIVE,CURRENT,16107.06
CTR000026,2025-12-01,ACTIVE,CURRENT,15374.92
CTR000026,2026-01-01,ACTIVE,CURRENT,14642.78
CTR000026,2026-02-01,ACTIVE,CURRENT,13910.64
CTR000026,2026-03-01,ACTIVE,CURRENT,13178.5
CTR000026,2026-04-01,ACTIVE,CURRENT,12446.36
CTR000026,2026-05-01,ACTIVE,CURRENT,11714.22
CTR000027,2025-05-27,ACTIVE,CURRENT,24213.0
CTR000027,2025-06-01,DELINQUENT,31-60,23809.45
CTR000027,2025-07-01,ACTIVE,CURRENT,23405.9
CTR000027,2025-08-01,ACTIVE,CURRENT,23002.35
CTR000027,2025-09-01,ACTIVE,CURRENT,22598.8
CTR000027,2025-10-01,ACTIVE,CURRENT,22195.25
CTR000027,2025-11-01,ACTIVE,CURRENT,21791.7
CTR000027,2025-12-01,ACTIVE,CURRENT,21388.15
CTR000027,2026-01-01,ACTIVE,CURRENT,20984.6
CTR000027,2026-02-01,ACTIVE,CURRENT,20581.05
CTR000027,2026-03-01,ACTIVE,CURRENT,20177.5
CTR000027,2026-04-01,ACTIVE,CURRENT,19773.95
CTR000027,2026-05-01,ACTIVE,CURRENT,19370.4
CTR000028,2023-04-26,DELINQUENT,31-60,57590.0
CTR000028,2023-05-01,ACTIVE,CURRENT,56390.21
CTR000028,2023-06-01,DELINQUENT,1-30,55190.42
CTR000028,2023-07-01,ACTIVE,CURRENT,53990.63
CTR000028,2023-08-01,ACTIVE,CURRENT,52790.83
CTR000028,2023-09-01,DELINQUENT,31-60,51591.04
CTR000028,2023-10-01,ACTIVE,CURRENT,50391.25
CTR000028,2023-11-01,ACTIVE,CURRENT,49191.46
CTR000028,2023-12-01,ACTIVE,CURRENT,47991.67
CTR000028,2024-01-01,ACTIVE,CURRENT,46791.88
CTR000028,2024-02-01,ACTIVE,CURRENT,45592.08
CTR000028,2024-03-01,ACTIVE,CURRENT,44392.29
CTR000028,2024-04-01,ACTIVE,CURRENT,43192.5
CTR000028,2024-05-01,ACTIVE,CURRENT,41992.71
CTR000028,2024-06-01,ACTIVE,CURRENT,40792.92
CTR000028,2024-07-01,ACTIVE,CURRENT,39593.13
CTR000028,2024-08-01,ACTIVE,CURRENT,38393.33
CTR000028,2024-09-01,ACTIVE,CURRENT,37193.54
CTR000028,2024-10-01,ACTIVE,CURRENT,35993.75
CTR000028,2024-11-01,ACTIVE,CURRENT,34793.96
CTR000028,2024-12-01,ACTIVE,CURRENT,33594.17
CTR000028,2025-01-01,ACTIVE,CURRENT,32394.38
CTR000028,2025-02-01,ACTIVE,CURRENT,31194.58
CTR000028,2025-03-01,DELINQUENT,31-60,29994.79
CTR000029,2024-09-23,ACTIVE,CURRENT,62129.0
CTR000029,2024-10-01,ACTIVE,CURRENT,60403.19
CTR000029,2024-11-01,ACTIVE,CURRENT,58677.39
CTR000029,2024-12-01,ACTIVE,CURRENT,56951.58
CTR000029,2025-01-01,ACTIVE,CURRENT,55225.78
CTR000029,2025-02-01,ACTIVE,CURRENT,53499.97
CTR000029,2025-03-01,ACTIVE,CURRENT,51774.17
CTR000029,2025-04-01,ACTIVE,CURRENT,50048.36
CTR000029,2025-05-01,ACTIVE,CURRENT,48322.56
CTR000029,2025-06-01,ACTIVE,CURRENT,46596.75
CTR000029,2025-07-01,ACTIVE,CURRENT,44870.94
CTR000029,2025-08-01,ACTIVE,CURRENT,43145.14
CTR000029,2025-09-01,ACTIVE,CURRENT,41419.33
CTR000029,2025-10-01,ACTIVE,CURRENT,39693.53
CTR000029,2025-11-01,ACTIVE,CURRENT,37967.72
CTR000029,2025-12-01,DELINQUENT,1-30,36241.92
CTR000029,2026-01-01,ACTIVE,CURRENT,34516.11
CTR000029,2026-02-01,ACTIVE,CURRENT,32790.31
CTR000029,2026-03-01,ACTIVE,CURRENT,31064.5
CTR000029,2026-04-01,ACTIVE,CURRENT,29338.69
CTR000029,2026-05-01,ACTIVE,CURRENT,27612.89
CTR000030,2025-03-19,ACTIVE,CURRENT,22983.0
CTR000030,2025-04-01,ACTIVE,CURRENT,22599.95
CTR000030,2025-05-01,ACTIVE,CURRENT,22216.9
CTR000030,2025-06-01,ACTIVE,CURRENT,21833.85
CTR000030,2025-07-01,DELINQUENT,31-60,21450.8
CTR000030,2025-08-01,ACTIVE,CURRENT,21067.75
CTR000030,2025-09-01,ACTIVE,CURRENT,20684.7
CTR000030,2025-10-01,ACTIVE,CURRENT,20301.65
CTR000030,2025-11-01,ACTIVE,CURRENT,19918.6
CTR000030,2025-12-01,ACTIVE,CURRENT,19535.55
CTR000030,2026-01-01,ACTIVE,CURRENT,19152.5
CTR000030,2026-02-01,ACTIVE,CURRENT,18769.45
CTR000030,2026-03-01,ACTIVE,CURRENT,18386.4
CTR000030,2026-04-01,ACTIVE,CURRENT,18003.35
CTR000030,2026-05-01,ACTIVE,CURRENT,17620.3
CTR000031,2024-02-21,ACTIVE,CURRENT,34007.0
CTR000031,2024-03-01,DELINQUENT,61-90,33534.68
CTR000031,2024-04-01,DELINQUENT,1-30,33062.36
CTR000031,2024-05-01,ACTIVE,CURRENT,32590.04
CTR000031,2024-06-01,ACTIVE,CURRENT,32117.72
CTR000031,2024-07-01,ACTIVE,CURRENT,31645.4
CTR000031,2024-08-01,ACTIVE,CURRENT,31173.08
CTR000031,2024-09-01,ACTIVE,CURRENT,30700.76
CTR000031,2024-10-01,ACTIVE,CURRENT,30228.44
CTR000031,2024-11-01,ACTIVE,CURRENT,29756.12
CTR000031,2024-12-01,ACTIVE,CURRENT,29283.81
CTR000031,2025-01-01,ACTIVE,CURRENT,28811.49
CTR000031,2025-02-01,ACTIVE,CURRENT,28339.17
CTR000031,2025-03-01,ACTIVE,CURRENT,27866.85
CTR000031,2025-04-01,ACTIVE,CURRENT,27394.53
CTR000031,2025-05-01,ACTIVE,CURRENT,26922.21
CTR000031,2025-06-01,ACTIVE,CURRENT,26449.89
CTR000031,2025-07-01,ACTIVE,CURRENT,25977.57
CTR000031,2025-08-01,ACTIVE,CURRENT,25505.25
CTR000031,2025-09-01,ACTIVE,CURRENT,25032.93
CTR000031,2025-10-01,ACTIVE,CURRENT,24560.61
CTR000031,2025-11-01,ACTIVE,CURRENT,24088.29
CTR000031,2025-12-01,ACTIVE,CURRENT,23615.97
CTR000031,2026-01-01,ACTIVE,CURRENT,23143.65
CTR000032,2026-03-07,ACTIVE,CURRENT,53046.0
CTR000032,2026-04-01,ACTIVE,CURRENT,52161.9
CTR000032,2026-05-01,DELINQUENT,1-30,51277.8
CTR000033,2025-03-24,ACTIVE,CURRENT,26435.0
CTR000033,2025-04-01,ACTIVE,CURRENT,25884.27
CTR000033,2025-05-01,DELINQUENT,1-30,25333.54
CTR000033,2025-06-01,ACTIVE,CURRENT,24782.81
CTR000033,2025-07-01,ACTIVE,CURRENT,24232.08
CTR000033,2025-08-01,ACTIVE,CURRENT,23681.35
CTR000033,2025-09-01,ACTIVE,CURRENT,23130.62
CTR000033,2025-10-01,ACTIVE,CURRENT,22579.9
CTR000033,2025-11-01,ACTIVE,CURRENT,22029.17
CTR000033,2025-12-01,ACTIVE,CURRENT,21478.44
CTR000033,2026-01-01,ACTIVE,CURRENT,20927.71
CTR000033,2026-02-01,ACTIVE,CURRENT,20376.98
CTR000033,2026-03-01,ACTIVE,CURRENT,19826.25
CTR000033,2026-04-01,ACTIVE,CURRENT,19275.52
CTR000033,2026-05-01,DELINQUENT,61-90,18724.79
CTR000034,2025-03-04,ACTIVE,CURRENT,42528.0
CTR000034,2025-04-01,ACTIVE,CURRENT,41937.33
CTR000034,2025-05-01,ACTIVE,CURRENT,41346.67
CTR000034,2025-06-01,ACTIVE,CURRENT,40756.0
CTR000034,2025-07-01,ACTIVE,CURRENT,40165.33
CTR000034,2025-08-01,ACTIVE,CURRENT,39574.67
CTR000034,2025-09-01,ACTIVE,CURRENT,38984.0
CTR000034,2025-10-01,ACTIVE,CURRENT,38393.33
CTR000034,2025-11-01,ACTIVE,CURRENT,37802.67
CTR000034,2025-12-01,ACTIVE,CURRENT,37212.0
CTR000034,2026-01-01,ACTIVE,CURRENT,36621.33
CTR000034,2026-02-01,ACTIVE,CURRENT,36030.67
CTR000034,2026-03-01,ACTIVE,CURRENT,35440.0
CTR000034,2026-04-01,ACTIVE,CURRENT,34849.33
CTR000034,2026-05-01,DELINQUENT,61-90,34258.67
CTR000035,2024-02-28,ACTIVE,CURRENT,47184.0
CTR000035,2024-03-01,ACTIVE,CURRENT,46397.6
CTR000035,2024-04-01,ACTIVE,CURRENT,45611.2
CTR000035,2024-05-01,ACTIVE,CURRENT,44824.8
CTR000035,2024-06-01,ACTIVE,CURRENT,44038.4
CTR000035,2024-07-01,ACTIVE,CURRENT,43252.0
CTR000035,2024-08-01,ACTIVE,CURRENT,42465.6
CTR000035,2024-09-01,ACTIVE,CURRENT,41679.2
CTR000035,2024-10-01,ACTIVE,CURRENT,40892.8
CTR000035,2024-11-01,ACTIVE,CURRENT,40106.4
CTR000035,2024-12-01,ACTIVE,CURRENT,39320.0
CTR000035,2025-01-01,ACTIVE,CURRENT,38533.6
CTR000035,2025-02-01,ACTIVE,CURRENT,37747.2
CTR000035,2025-03-01,ACTIVE,CURRENT,36960.8
CTR000035,2025-04-01,ACTIVE,CURRENT,36174.4
CTR000035,2025-05-01,ACTIVE,CURRENT,35388.0
CTR000035,2025-06-01,ACTIVE,CURRENT,34601.6
CTR000035,2025-07-01,ACTIVE,CURRENT,33815.2
CTR000035,2025-08-01,ACTIVE,CURRENT,33028.8
CTR000035,2025-09-01,ACTIVE,CURRENT,32242.4
CTR000035,2025-10-01,ACTIVE,CURRENT,31456.0
CTR000035,2025-11-01,ACTIVE,CURRENT,30669.6
CTR000035,2025-12-01,ACTIVE,CURRENT,29883.2
CTR000035,2026-01-01,ACTIVE,CURRENT,29096.8
CTR000036,2026-03-13,ACTIVE,CURRENT,19716.0
CTR000036,2026-04-01,ACTIVE,CURRENT,19387.4
CTR000036,2026-05-01,ACTIVE,CURRENT,19058.8
CTR000037,2026-04-07,ACTIVE,CURRENT,48931.0
CTR000037,2026-05-01,ACTIVE,CURRENT,47571.81
CTR000038,2023-10-31,ACTIVE,CURRENT,68527.0
CTR000038,2023-11-01,DELINQUENT,1-30,67384.88
CTR000038,2023-12-01,ACTIVE,CURRENT,66242.77
CTR000038,2024-01-01,DELINQUENT,1-30,65100.65
CTR000038,2024-02-01,ACTIVE,CURRENT,63958.53
CTR000038,2024-03-01,ACTIVE,CURRENT,62816.42
CTR000038,2024-04-01,ACTIVE,CURRENT,61674.3
CTR000038,2024-05-01,ACTIVE,CURRENT,60532.18
CTR000038,2024-06-01,ACTIVE,CURRENT,59390.07
CTR000038,2024-07-01,ACTIVE,CURRENT,58247.95
CTR000038,2024-08-01,DELINQUENT,61-90,57105.83
CTR000038,2024-09-01,ACTIVE,CURRENT,55963.72
CTR000038,2024-10-01,ACTIVE,CURRENT,54821.6
CTR000038,2024-11-01,ACTIVE,CURRENT,53679.48
CTR000038,2024-12-01,ACTIVE,CURRENT,52537.37
CTR000038,2025-01-01,DELINQUENT,1-30,51395.25
CTR000038,2025-02-01,ACTIVE,CURRENT,50253.13
CTR000038,2025-03-01,ACTIVE,CURRENT,49111.02
CTR000038,2025-04-01,ACTIVE,CURRENT,47968.9
CTR000038,2025-05-01,DELINQUENT,31-60,46826.78
CTR000038,2025-06-01,ACTIVE,CURRENT,45684.67
CTR000038,2025-07-01,ACTIVE,CURRENT,44542.55
CTR000038,2025-08-01,ACTIVE,CURRENT,43400.43
CTR000038,2025-09-01,DELINQUENT,1-30,42258.32
CTR000039,2023-08-11,ACTIVE,CURRENT,48266.0
CTR000039,2023-09-01,ACTIVE,CURRENT,47461.57
CTR000039,2023-10-01,ACTIVE,CURRENT,46657.13
CTR000039,2023-11-01,ACTIVE,CURRENT,45852.7
CTR000039,2023-12-01,ACTIVE,CURRENT,45048.27
CTR000039,2024-01-01,ACTIVE,CURRENT,44243.83
CTR000039,2024-02-01,DELINQUENT,1-30,43439.4
CTR000039,2024-03-01,ACTIVE,CURRENT,42634.97
CTR000039,2024-04-01,ACTIVE,CURRENT,41830.53
CTR000039,2024-05-01,DELINQUENT,1-30,41026.1
CTR000039,2024-06-01,ACTIVE,CURRENT,40221.67
CTR000039,2024-07-01,ACTIVE,CURRENT,39417.23
CTR000039,2024-08-01,DELINQUENT,61-90,38612.8
CTR000039,2024-09-01,ACTIVE,CURRENT,37808.37
CTR000039,2024-10-01,ACTIVE,CURRENT,37003.93
CTR000039,2024-11-01,ACTIVE,CURRENT,36199.5
CTR000039,2024-12-01,ACTIVE,CURRENT,35395.07
CTR000039,2025-01-01,ACTIVE,CURRENT,34590.63
CTR000039,2025-02-01,ACTIVE,CURRENT,33786.2
CTR000039,2025-03-01,ACTIVE,CURRENT,32981.77
CTR000039,2025-04-01,DELINQUENT,61-90,32177.33
CTR000039,2025-05-01,ACTIVE,CURRENT,31372.9
CTR000039,2025-06-01,ACTIVE,CURRENT,30568.47
CTR000039,2025-07-01,ACTIVE,CURRENT,29764.03
CTR000040,2023-10-01,ACTIVE,CURRENT,42972.0
CTR000040,2023-11-01,ACTIVE,CURRENT,42076.75
CTR000040,2023-12-01,ACTIVE,CURRENT,41181.5
CTR000040,2024-01-01,ACTIVE,CURRENT,40286.25
CTR000040,2024-02-01,ACTIVE,CURRENT,39391.0
CTR000040,2024-03-01,ACTIVE,CURRENT,38495.75
CTR000040,2024-04-01,ACTIVE,CURRENT,37600.5
CTR000040,2024-05-01,ACTIVE,CURRENT,36705.25
CTR000040,2024-06-01,ACTIVE,CURRENT,35810.0
CTR000040,2024-07-01,ACTIVE,CURRENT,34914.75
CTR000040,2024-08-01,ACTIVE,CURRENT,34019.5
CTR000040,2024-09-01,ACTIVE,CURRENT,33124.25
CTR000040,2024-10-01,ACTIVE,CURRENT,32229.0
CTR000040,2024-11-01,ACTIVE,CURRENT,31333.75
CTR000040,2024-12-01,DELINQUENT,31-60,30438.5
CTR000040,2025-01-01,ACTIVE,CURRENT,29543.25
CTR000040,2025-02-01,ACTIVE,CURRENT,28648.0
CTR000040,2025-03-01,ACTIVE,CURRENT,27752.75
CTR000040,2025-04-01,ACTIVE,CURRENT,26857.5
CTR000040,2025-05-01,ACTIVE,CURRENT,25962.25
CTR000040,2025-06-01,ACTIVE,CURRENT,25067.0
CTR000040,2025-07-01,ACTIVE,CURRENT,24171.75
CTR000040,2025-08-01,ACTIVE,CURRENT,23276.5
CTR000040,2025-09-01,ACTIVE,CURRENT,22381.25
CTR000041,2026-01-09,DELINQUENT,61-90,67544.0
CTR000041,2026-02-01,ACTIVE,CURRENT,66136.83
CTR000041,2026-03-01,ACTIVE,CURRENT,64729.67
CTR000041,2026-04-01,ACTIVE,CURRENT,63322.5
CTR000041,2026-05-01,ACTIVE,CURRENT,61915.33
CTR000042,2025-09-21,ACTIVE,CURRENT,58030.0
CTR000042,2025-10-01,ACTIVE,CURRENT,57224.03
CTR000042,2025-11-01,ACTIVE,CURRENT,56418.06
CTR000042,2025-12-01,ACTIVE,CURRENT,55612.08
CTR000042,2026-01-01,ACTIVE,CURRENT,54806.11
CTR000042,2026-02-01,ACTIVE,CURRENT,54000.14
CTR000042,2026-03-01,ACTIVE,CURRENT,53194.17
CTR000042,2026-04-01,ACTIVE,CURRENT,52388.19
CTR000042,2026-05-01,ACTIVE,CURRENT,51582.22
CTR000043,2025-04-29,ACTIVE,CURRENT,55754.0
CTR000043,2025-05-01,ACTIVE,CURRENT,54205.28
CTR000043,2025-06-01,ACTIVE,CURRENT,52656.56
CTR000043,2025-07-01,ACTIVE,CURRENT,51107.83
CTR000043,2025-08-01,ACTIVE,CURRENT,49559.11
CTR000043,2025-09-01,ACTIVE,CURRENT,48010.39
CTR000043,2025-10-01,DELINQUENT,31-60,46461.67
CTR000043,2025-11-01,ACTIVE,CURRENT,44912.94
CTR000043,2025-12-01,ACTIVE,CURRENT,43364.22
CTR000043,2026-01-01,DELINQUENT,61-90,41815.5
CTR000043,2026-02-01,ACTIVE,CURRENT,40266.78
CTR000043,2026-03-01,ACTIVE,CURRENT,38718.06
CTR000043,2026-04-01,ACTIVE,CURRENT,37169.33
CTR000043,2026-05-01,ACTIVE,CURRENT,35620.61
CTR000044,2024-01-21,DELINQUENT,61-90,49897.0
CTR000044,2024-02-01,ACTIVE,CURRENT,49203.99
CTR000044,2024-03-01,ACTIVE,CURRENT,48510.97
CTR000044,2024-04-01,ACTIVE,CURRENT,47817.96
CTR000044,2024-05-01,DELINQUENT,31-60,47124.94
CTR000044,2024-06-01,ACTIVE,CURRENT,46431.93
CTR000044,2024-07-01,ACTIVE,CURRENT,45738.92
CTR000044,2024-08-01,ACTIVE,CURRENT,45045.9
CTR000044,2024-09-01,ACTIVE,CURRENT,44352.89
CTR000044,2024-10-01,ACTIVE,CURRENT,43659.87
CTR000044,2024-11-01,ACTIVE,CURRENT,42966.86
CTR000044,2024-12-01,ACTIVE,CURRENT,42273.85
CTR000044,2025-01-01,ACTIVE,CURRENT,41580.83
CTR000044,2025-02-01,ACTIVE,CURRENT,40887.82
CTR000044,2025-03-01,ACTIVE,CURRENT,40194.81
CTR000044,2025-04-01,ACTIVE,CURRENT,39501.79
CTR000044,2025-05-01,ACTIVE,CURRENT,38808.78
CTR000044,2025-06-01,ACTIVE,CURRENT,38115.76
CTR000044,2025-07-01,ACTIVE,CURRENT,37422.75
CTR000044,2025-08-01,ACTIVE,CURRENT,36729.74
CTR000044,2025-09-01,ACTIVE,CURRENT,36036.72
CTR000044,2025-10-01,ACTIVE,CURRENT,35343.71
CTR000044,2025-11-01,ACTIVE,CURRENT,34650.69
CTR000044,2025-12-01,ACTIVE,CURRENT,33957.68
CTR000045,2023-04-06,ACTIVE,CURRENT,38704.0
CTR000045,2023-05-01,ACTIVE,CURRENT,38166.44
CTR000045,2023-06-01,ACTIVE,CURRENT,37628.89
CTR000045,2023-07-01,ACTIVE,CURRENT,37091.33
CTR000045,2023-08-01,ACTIVE,CURRENT,36553.78
CTR000045,2023-09-01,ACTIVE,CURRENT,36016.22
CTR000045,2023-10-01,ACTIVE,CURRENT,35478.67
CTR000045,2023-11-01,ACTIVE,CURRENT,34941.11
CTR000045,2023-12-01,ACTIVE,CURRENT,34403.56
CTR000045,2024-01-01,ACTIVE,CURRENT,33866.0
CTR000045,2024-02-01,ACTIVE,CURRENT,33328.44
CTR000045,2024-03-01,DELINQUENT,61-90,32790.89
CTR000045,2024-04-01,ACTIVE,CURRENT,32253.33
CTR000045,2024-05-01,ACTIVE,CURRENT,31715.78
CTR000045,2024-06-01,ACTIVE,CURRENT,31178.22
CTR000045,2024-07-01,ACTIVE,CURRENT,30640.67
CTR000045,2024-08-01,ACTIVE,CURRENT,30103.11
CTR000045,2024-09-01,ACTIVE,CURRENT,29565.56
CTR000045,2024-10-01,ACTIVE,CURRENT,29028.0
CTR000045,2024-11-01,ACTIVE,CURRENT,28490.44
CTR000045,2024-12-01,ACTIVE,CURRENT,27952.89
CTR000045,2025-01-01,ACTIVE,CURRENT,27415.33
CTR000045,2025-02-01,ACTIVE,CURRENT,26877.78
CTR000045,2025-03-01,ACTIVE,CURRENT,26340.22
CTR000046,2025-09-30,ACTIVE,CURRENT,51477.0
CTR000046,2025-10-01,ACTIVE,CURRENT,50762.04
CTR000046,2025-11-01,ACTIVE,CURRENT,50047.08
CTR000046,2025-12-01,ACTIVE,CURRENT,49332.12
CTR000046,2026-01-01,ACTIVE,CURRENT,48617.17
CTR000046,2026-02-01,ACTIVE,CURRENT,47902.21
CTR000046,2026-03-01,ACTIVE,CURRENT,47187.25
CTR000046,2026-04-01,ACTIVE,CURRENT,46472.29
CTR000046,2026-05-01,DELINQUENT,1-30,45757.33
CTR000048,2025-01-17,ACTIVE,CURRENT,41747.0
CTR000048,2025-02-01,ACTIVE,CURRENT,40587.36
CTR000048,2025-03-01,ACTIVE,CURRENT,39427.72
CTR000048,2025-04-01,ACTIVE,CURRENT,38268.08
CTR000048,2025-05-01,ACTIVE,CURRENT,37108.44
CTR000048,2025-06-01,ACTIVE,CURRENT,35948.81
CTR000048,2025-07-01,DELINQUENT,61-90,34789.17
CTR000048,2025-08-01,ACTIVE,CURRENT,33629.53
CTR000048,2025-09-01,ACTIVE,CURRENT,32469.89
CTR000048,2025-10-01,ACTIVE,CURRENT,31310.25
CTR000048,2025-11-01,ACTIVE,CURRENT,30150.61
CTR000048,2025-12-01,ACTIVE,CURRENT,28990.97
CTR000048,2026-01-01,ACTIVE,CURRENT,27831.33
CTR000048,2026-02-01,ACTIVE,CURRENT,26671.69
CTR000048,2026-03-01,ACTIVE,CURRENT,25512.06
CTR000048,2026-04-01,ACTIVE,CURRENT,24352.42
CTR000048,2026-05-01,ACTIVE,CURRENT,23192.78
CTR000049,2026-04-22,ACTIVE,CURRENT,29081.0
CTR000049,2026-05-01,ACTIVE,CURRENT,28273.19
CTR000050,2025-05-19,ACTIVE,CURRENT,24725.0
CTR000050,2025-06-01,ACTIVE,CURRENT,24381.6
CTR000050,2025-07-01,ACTIVE,CURRENT,24038.19
CTR000050,2025-08-01,ACTIVE,CURRENT,23694.79
CTR000050,2025-09-01,ACTIVE,CURRENT,23351.39
CTR000050,2025-10-01,ACTIVE,CURRENT,23007.99
CTR000050,2025-11-01,DELINQUENT,61-90,22664.58
CTR000050,2025-12-01,ACTIVE,CURRENT,22321.18
CTR000050,2026-01-01,ACTIVE,CURRENT,21977.78
CTR000050,2026-02-01,ACTIVE,CURRENT,21634.38
CTR000050,2026-03-01,ACTIVE,CURRENT,21290.97
CTR000050,2026-04-01,ACTIVE,CURRENT,20947.57
CTR000050,2026-05-01,DELINQUENT,1-30,20604.17
CTR000051,2025-11-18,ACTIVE,CURRENT,33304.0
CTR000051,2025-12-01,ACTIVE,CURRENT,32610.17
CTR000051,2026-01-01,ACTIVE,CURRENT,31916.33
CTR000051,2026-02-01,ACTIVE,CURRENT,31222.5
CTR000051,2026-03-01,DELINQUENT,31-60,30528.67
CTR000051,2026-04-01,ACTIVE,CURRENT,29834.83
CTR000051,2026-05-01,ACTIVE,CURRENT,29141.0
CTR000052,2024-03-12,ACTIVE,CURRENT,33235.0
CTR000052,2024-04-01,ACTIVE,CURRENT,32542.6
CTR000052,2024-05-01,ACTIVE,CURRENT,31850.21
CTR000052,2024-06-01,ACTIVE,CURRENT,31157.81
CTR000052,2024-07-01,ACTIVE,CURRENT,30465.42
CTR000052,2024-08-01,ACTIVE,CURRENT,29773.02
CTR000052,2024-09-01,ACTIVE,CURRENT,29080.63
CTR000052,2024-10-01,ACTIVE,CURRENT,28388.23
CTR000052,2024-11-01,ACTIVE,CURRENT,27695.83
CTR000052,2024-12-01,ACTIVE,CURRENT,27003.44
CTR000052,2025-01-01,DELINQUENT,61-90,26311.04
CTR000052,2025-02-01,ACTIVE,CURRENT,25618.65
CTR000052,2025-03-01,ACTIVE,CURRENT,24926.25
CTR000052,2025-04-01,ACTIVE,CURRENT,24233.85
CTR000052,2025-05-01,ACTIVE,CURRENT,23541.46
CTR000052,2025-06-01,ACTIVE,CURRENT,22849.06
CTR000052,2025-07-01,DELINQUENT,31-60,22156.67
CTR000052,2025-08-01,ACTIVE,CURRENT,21464.27
CTR000052,2025-09-01,ACTIVE,CURRENT,20771.88
CTR000052,2025-10-01,ACTIVE,CURRENT,20079.48
CTR000052,2025-11-01,ACTIVE,CURRENT,19387.08
CTR000052,2025-12-01,ACTIVE,CURRENT,18694.69
CTR000052,2026-01-01,ACTIVE,CURRENT,18002.29
CTR000052,2026-02-01,ACTIVE,CURRENT,17309.9
CTR000053,2025-07-17,ACTIVE,CURRENT,69462.0
CTR000053,2025-08-01,ACTIVE,CURRENT,67532.5
CTR000053,2025-09-01,ACTIVE,CURRENT,65603.0
CTR000053,2025-10-01,ACTIVE,CURRENT,63673.5
CTR000053,2025-11-01,ACTIVE,CURRENT,61744.0
CTR000053,2025-12-01,ACTIVE,CURRENT,59814.5
CTR000053,2026-01-01,ACTIVE,CURRENT,57885.0
CTR000053,2026-02-01,DELINQUENT,1-30,55955.5
CTR000053,2026-03-01,ACTIVE,CURRENT,54026.0
CTR000053,2026-04-01,ACTIVE,CURRENT,52096.5
CTR000053,2026-05-01,DELINQUENT,61-90,50167.0
CTR000054,2024-11-11,ACTIVE,CURRENT,36976.0
CTR000054,2024-12-01,DELINQUENT,61-90,36205.67
CTR000054,2025-01-01,ACTIVE,CURRENT,35435.33
CTR000054,2025-02-01,ACTIVE,CURRENT,34665.0
CTR000054,2025-03-01,ACTIVE,CURRENT,33894.67
CTR000054,2025-04-01,ACTIVE,CURRENT,33124.33
CTR000054,2025-05-01,ACTIVE,CURRENT,32354.0
CTR000054,2025-06-01,ACTIVE,CURRENT,31583.67
CTR000054,2025-07-01,ACTIVE,CURRENT,30813.33
CTR000054,2025-08-01,ACTIVE,CURRENT,30043.0
CTR000054,2025-09-01,DELINQUENT,61-90,29272.67
CTR000054,2025-10-01,ACTIVE,CURRENT,28502.33
CTR000054,2025-11-01,DELINQUENT,61-90,27732.0
CTR000054,2025-12-01,ACTIVE,CURRENT,26961.67
CTR000054,2026-01-01,ACTIVE,CURRENT,26191.33
CTR000054,2026-02-01,ACTIVE,CURRENT,25421.0
CTR000054,2026-03-01,ACTIVE,CURRENT,24650.67
CTR000054,2026-04-01,ACTIVE,CURRENT,23880.33
CTR000054,2026-05-01,ACTIVE,CURRENT,23110.0
CTR000055,2024-03-30,ACTIVE,CURRENT,32385.0
CTR000055,2024-04-01,ACTIVE,CURRENT,31710.31
CTR000055,2024-05-01,ACTIVE,CURRENT,31035.62
CTR000055,2024-06-01,ACTIVE,CURRENT,30360.94
CTR000055,2024-07-01,DELINQUENT,1-30,29686.25
CTR000055,2024-08-01,ACTIVE,CURRENT,29011.56
CTR000055,2024-09-01,ACTIVE,CURRENT,28336.88
CTR000055,2024-10-01,ACTIVE,CURRENT,27662.19
CTR000055,2024-11-01,ACTIVE,CURRENT,26987.5
CTR000055,2024-12-01,ACTIVE,CURRENT,26312.81
CTR000055,2025-01-01,ACTIVE,CURRENT,25638.12
CTR000055,2025-02-01,ACTIVE,CURRENT,24963.44
CTR000055,2025-03-01,ACTIVE,CURRENT,24288.75
CTR000055,2025-04-01,ACTIVE,CURRENT,23614.06
CTR000055,2025-05-01,ACTIVE,CURRENT,22939.38
CTR000055,2025-06-01,ACTIVE,CURRENT,22264.69
CTR000055,2025-07-01,ACTIVE,CURRENT,21590.0
CTR000055,2025-08-01,ACTIVE,CURRENT,20915.31
CTR000055,2025-09-01,DELINQUENT,1-30,20240.62
CTR000055,2025-10-01,DELINQUENT,61-90,19565.94
CTR000055,2025-11-01,ACTIVE,CURRENT,18891.25
CTR000055,2025-12-01,DELINQUENT,1-30,18216.56
CTR000055,2026-01-01,ACTIVE,CURRENT,17541.88
CTR000055,2026-02-01,ACTIVE,CURRENT,16867.19
CTR000056,2023-04-10,ACTIVE,CURRENT,32240.0
CTR000056,2023-05-01,DELINQUENT,61-90,31344.44
CTR000056,2023-06-01,ACTIVE,CURRENT,30448.89
CTR000056,2023-07-01,ACTIVE,CURRENT,29553.33
CTR000056,2023-08-01,ACTIVE,CURRENT,28657.78
CTR000056,2023-09-01,ACTIVE,CURRENT,27762.22
CTR000056,2023-10-01,ACTIVE,CURRENT,26866.67
CTR000056,2023-11-01,ACTIVE,CURRENT,25971.11
CTR000056,2023-12-01,ACTIVE,CURRENT,25075.56
CTR000056,2024-01-01,DELINQUENT,61-90,24180.0
CTR000056,2024-02-01,ACTIVE,CURRENT,23284.44
CTR000056,2024-03-01,DELINQUENT,31-60,22388.89
CTR000056,2024-04-01,ACTIVE,CURRENT,21493.33
CTR000056,2024-05-01,ACTIVE,CURRENT,20597.78
CTR000056,2024-06-01,ACTIVE,CURRENT,19702.22
CTR000056,2024-07-01,ACTIVE,CURRENT,18806.67
CTR000056,2024-08-01,DELINQUENT,61-90,17911.11
CTR000056,2024-09-01,ACTIVE,CURRENT,17015.56
CTR000056,2024-10-01,ACTIVE,CURRENT,16120.0
CTR000056,2024-11-01,DELINQUENT,31-60,15224.44
CTR000056,2024-12-01,ACTIVE,CURRENT,14328.89
CTR000056,2025-01-01,ACTIVE,CURRENT,13433.33
CTR000056,2025-02-01,DELINQUENT,61-90,12537.78
CTR000056,2025-03-01,ACTIVE,CURRENT,11642.22
CTR000057,2024-04-13,ACTIVE,CURRENT,72730.0
CTR000057,2024-05-01,ACTIVE,CURRENT,71719.86
CTR000057,2024-06-01,ACTIVE,CURRENT,70709.72
CTR000057,2024-07-01,ACTIVE,CURRENT,69699.58
CTR000057,2024-08-01,ACTIVE,CURRENT,68689.44
CTR000057,2024-09-01,ACTIVE,CURRENT,67679.31
CTR000057,2024-10-01,ACTIVE,CURRENT,66669.17
CTR000057,2024-11-01,ACTIVE,CURRENT,65659.03
CTR000057,2024-12-01,ACTIVE,CURRENT,64648.89
CTR000057,2025-01-01,ACTIVE,CURRENT,63638.75
CTR000057,2025-02-01,ACTIVE,CURRENT,62628.61
CTR000057,2025-03-01,ACTIVE,CURRENT,61618.47
CTR000057,2025-04-01,ACTIVE,CURRENT,60608.33
CTR000057,2025-05-01,ACTIVE,CURRENT,59598.19
CTR000057,2025-06-01,ACTIVE,CURRENT,58588.06
CTR000057,2025-07-01,ACTIVE,CURRENT,57577.92
CTR000057,2025-08-01,ACTIVE,CURRENT,56567.78
CTR000057,2025-09-01,DELINQUENT,1-30,55557.64
CTR000057,2025-10-01,ACTIVE,CURRENT,54547.5
CTR000057,2025-11-01,ACTIVE,CURRENT,53537.36
CTR000057,2025-12-01,ACTIVE,CURRENT,52527.22
CTR000057,2026-01-01,ACTIVE,CURRENT,51517.08
CTR000057,2026-02-01,ACTIVE,CURRENT,50506.94
CTR000057,2026-03-01,ACTIVE,CURRENT,49496.81
CTR000058,2025-06-01,ACTIVE,CURRENT,74792.0
CTR000058,2025-07-01,ACTIVE,CURRENT,73753.22
CTR000058,2025-08-01,ACTIVE,CURRENT,72714.44
CTR000058,2025-09-01,ACTIVE,CURRENT,71675.67
CTR000058,2025-10-01,ACTIVE,CURRENT,70636.89
CTR000058,2025-11-01,ACTIVE,CURRENT,69598.11
CTR000058,2025-12-01,ACTIVE,CURRENT,68559.33
CTR000058,2026-01-01,DELINQUENT,61-90,67520.56
CTR000058,2026-02-01,ACTIVE,CURRENT,66481.78
CTR000058,2026-03-01,ACTIVE,CURRENT,65443.0
CTR000058,2026-04-01,ACTIVE,CURRENT,64404.22
CTR000058,2026-05-01,ACTIVE,CURRENT,63365.44
CTR000059,2025-05-15,ACTIVE,CURRENT,63059.0
CTR000059,2025-06-01,ACTIVE,CURRENT,62183.18
CTR000059,2025-07-01,ACTIVE,CURRENT,61307.36
CTR000059,2025-08-01,DELINQUENT,61-90,60431.54
CTR000059,2025-09-01,ACTIVE,CURRENT,59555.72
CTR000059,2025-10-01,ACTIVE,CURRENT,58679.9
CTR000059,2025-11-01,ACTIVE,CURRENT,57804.08
CTR000059,2025-12-01,ACTIVE,CURRENT,56928.26
CTR000059,2026-01-01,ACTIVE,CURRENT,56052.44
CTR000059,2026-02-01,ACTIVE,CURRENT,55176.62
CTR000059,2026-03-01,ACTIVE,CURRENT,54300.81
CTR000059,2026-04-01,DELINQUENT,1-30,53424.99
CTR000059,2026-05-01,ACTIVE,CURRENT,52549.17
CTR000060,2024-11-04,ACTIVE,CURRENT,63724.0
CTR000060,2024-12-01,ACTIVE,CURRENT,62396.42
CTR000060,2025-01-01,DELINQUENT,1-30,61068.83
CTR000060,2025-02-01,ACTIVE,CURRENT,59741.25
CTR000060,2025-03-01,ACTIVE,CURRENT,58413.67
CTR000060,2025-04-01,ACTIVE,CURRENT,57086.08
CTR000060,2025-05-01,ACTIVE,CURRENT,55758.5
CTR000060,2025-06-01,ACTIVE,CURRENT,54430.92
CTR000060,2025-07-01,ACTIVE,CURRENT,53103.33
CTR000060,2025-08-01,ACTIVE,CURRENT,51775.75
CTR000060,2025-09-01,ACTIVE,CURRENT,50448.17
CTR000060,2025-10-01,ACTIVE,CURRENT,49120.58
CTR000060,2025-11-01,DELINQUENT,31-60,47793.0
CTR000060,2025-12-01,ACTIVE,CURRENT,46465.42
CTR000060,2026-01-01,DELINQUENT,31-60,45137.83
CTR000060,2026-02-01,ACTIVE,CURRENT,43810.25
CTR000060,2026-03-01,ACTIVE,CURRENT,42482.67
CTR000060,2026-04-01,ACTIVE,CURRENT,41155.08
CTR000060,2026-05-01,ACTIVE,CURRENT,39827.5
CTR000061,2026-01-13,ACTIVE,CURRENT,40061.0
CTR000061,2026-02-01,ACTIVE,CURRENT,39504.6
CTR000061,2026-03-01,ACTIVE,CURRENT,38948.19
CTR000061,2026-04-01,ACTIVE,CURRENT,38391.79
CTR000061,2026-05-01,ACTIVE,CURRENT,37835.39
CTR000062,2023-06-30,ACTIVE,CURRENT,26092.0
CTR000062,2023-07-01,DELINQUENT,31-60,25729.61
CTR000062,2023-08-01,ACTIVE,CURRENT,25367.22
CTR000062,2023-09-01,ACTIVE,CURRENT,25004.83
CTR000062,2023-10-01,ACTIVE,CURRENT,24642.44
CTR000062,2023-11-01,ACTIVE,CURRENT,24280.06
CTR000062,2023-12-01,ACTIVE,CURRENT,23917.67
CTR000062,2024-01-01,ACTIVE,CURRENT,23555.28
CTR000062,2024-02-01,ACTIVE,CURRENT,23192.89
CTR000062,2024-03-01,ACTIVE,CURRENT,22830.5
CTR000062,2024-04-01,ACTIVE,CURRENT,22468.11
CTR000062,2024-05-01,ACTIVE,CURRENT,22105.72
CTR000062,2024-06-01,ACTIVE,CURRENT,21743.33
CTR000062,2024-07-01,ACTIVE,CURRENT,21380.94
CTR000062,2024-08-01,ACTIVE,CURRENT,21018.56
CTR000062,2024-09-01,ACTIVE,CURRENT,20656.17
CTR000062,2024-10-01,ACTIVE,CURRENT,20293.78
CTR000062,2024-11-01,DELINQUENT,31-60,19931.39
CTR000062,2024-12-01,ACTIVE,CURRENT,19569.0
CTR000062,2025-01-01,DELINQUENT,31-60,19206.61
CTR000062,2025-02-01,ACTIVE,CURRENT,18844.22
CTR000062,2025-03-01,ACTIVE,CURRENT,18481.83
CTR000062,2025-04-01,ACTIVE,CURRENT,18119.44
CTR000062,2025-05-01,ACTIVE,CURRENT,17757.06
CTR000063,2024-10-26,ACTIVE,CURRENT,54238.0
CTR000063,2024-11-01,DELINQUENT,61-90,53334.03
CTR000063,2024-12-01,ACTIVE,CURRENT,52430.07
CTR000063,2025-01-01,ACTIVE,CURRENT,51526.1
CTR000063,2025-02-01,ACTIVE,CURRENT,50622.13
CTR000063,2025-03-01,ACTIVE,CURRENT,49718.17
CTR000063,2025-04-01,ACTIVE,CURRENT,48814.2
CTR000063,2025-05-01,DELINQUENT,61-90,47910.23
CTR000063,2025-06-01,ACTIVE,CURRENT,47006.27
CTR000063,2025-07-01,ACTIVE,CURRENT,46102.3
CTR000063,2025-08-01,ACTIVE,CURRENT,45198.33
CTR000063,2025-09-01,ACTIVE,CURRENT,44294.37
CTR000063,2025-10-01,ACTIVE,CURRENT,43390.4
CTR000063,2025-11-01,ACTIVE,CURRENT,42486.43
CTR000063,2025-12-01,ACTIVE,CURRENT,41582.47
CTR000063,2026-01-01,ACTIVE,CURRENT,40678.5
CTR000063,2026-02-01,ACTIVE,CURRENT,39774.53
CTR000063,2026-03-01,ACTIVE,CURRENT,38870.57
CTR000063,2026-04-01,ACTIVE,CURRENT,37966.6
CTR000063,2026-05-01,ACTIVE,CURRENT,37062.63
CTR000064,2025-02-25,DELINQUENT,31-60,15892.0
CTR000064,2025-03-01,ACTIVE,CURRENT,15627.13
CTR000064,2025-04-01,ACTIVE,CURRENT,15362.27
CTR000064,2025-05-01,ACTIVE,CURRENT,15097.4
CTR000064,2025-06-01,ACTIVE,CURRENT,14832.53
CTR000064,2025-07-01,ACTIVE,CURRENT,14567.67
CTR000064,2025-08-01,ACTIVE,CURRENT,14302.8
CTR000064,2025-09-01,DELINQUENT,31-60,14037.93
CTR000064,2025-10-01,ACTIVE,CURRENT,13773.07
CTR000064,2025-11-01,DELINQUENT,61-90,13508.2
CTR000064,2025-12-01,DELINQUENT,31-60,13243.33
CTR000064,2026-01-01,ACTIVE,CURRENT,12978.47
CTR000064,2026-02-01,ACTIVE,CURRENT,12713.6
CTR000064,2026-03-01,DELINQUENT,61-90,12448.73
CTR000064,2026-04-01,ACTIVE,CURRENT,12183.87
CTR000064,2026-05-01,ACTIVE,CURRENT,11919.0
CTR000065,2023-09-18,ACTIVE,CURRENT,34282.0
CTR000065,2023-10-01,ACTIVE,CURRENT,33567.79
CTR000065,2023-11-01,DELINQUENT,31-60,32853.58
CTR000065,2023-12-01,DELINQUENT,31-60,32139.37
CTR000065,2024-01-01,DELINQUENT,1-30,31425.17
CTR000065,2024-02-01,ACTIVE,CURRENT,30710.96
CTR000065,2024-03-01,DELINQUENT,31-60,29996.75
CTR000065,2024-04-01,ACTIVE,CURRENT,29282.54
CTR000065,2024-05-01,ACTIVE,CURRENT,28568.33
CTR000065,2024-06-01,ACTIVE,CURRENT,27854.13
CTR000065,2024-07-01,ACTIVE,CURRENT,27139.92
CTR000065,2024-08-01,ACTIVE,CURRENT,26425.71
CTR000065,2024-09-01,ACTIVE,CURRENT,25711.5
CTR000065,2024-10-01,DELINQUENT,31-60,24997.29
CTR000065,2024-11-01,ACTIVE,CURRENT,24283.08
CTR000065,2024-12-01,ACTIVE,CURRENT,23568.88
CTR000065,2025-01-01,ACTIVE,CURRENT,22854.67
CTR000065,2025-02-01,ACTIVE,CURRENT,22140.46
CTR000065,2025-03-01,ACTIVE,CURRENT,21426.25
CTR000065,2025-04-01,ACTIVE,CURRENT,20712.04
CTR000065,2025-05-01,ACTIVE,CURRENT,19997.83
CTR000065,2025-06-01,ACTIVE,CURRENT,19283.63
CTR000065,2025-07-01,ACTIVE,CURRENT,18569.42
CTR000065,2025-08-01,ACTIVE,CURRENT,17855.21
CTR000066,2023-12-08,ACTIVE,CURRENT,69356.0
CTR000066,2024-01-01,ACTIVE,CURRENT,67429.44
CTR000066,2024-02-01,ACTIVE,CURRENT,65502.89
CTR000066,2024-03-01,ACTIVE,CURRENT,63576.33
CTR000066,2024-04-01,ACTIVE,CURRENT,61649.78
CTR000066,2024-05-01,ACTIVE,CURRENT,59723.22
CTR000066,2024-06-01,ACTIVE,CURRENT,57796.67
CTR000066,2024-07-01,ACTIVE,CURRENT,55870.11
CTR000066,2024-08-01,ACTIVE,CURRENT,53943.56
CTR000066,2024-09-01,ACTIVE,CURRENT,52017.0
CTR000066,2024-10-01,ACTIVE,CURRENT,50090.44
CTR000066,2024-11-01,ACTIVE,CURRENT,48163.89
CTR000066,2024-12-01,ACTIVE,CURRENT,46237.33
CTR000066,2025-01-01,ACTIVE,CURRENT,44310.78
CTR000066,2025-02-01,ACTIVE,CURRENT,42384.22
CTR000066,2025-03-01,ACTIVE,CURRENT,40457.67
CTR000066,2025-04-01,ACTIVE,CURRENT,38531.11
CTR000066,2025-05-01,ACTIVE,CURRENT,36604.56
CTR000066,2025-06-01,ACTIVE,CURRENT,34678.0
CTR000066,2025-07-01,ACTIVE,CURRENT,32751.44
CTR000066,2025-08-01,DELINQUENT,31-60,30824.89
CTR000066,2025-09-01,ACTIVE,CURRENT,28898.33
CTR000066,2025-10-01,ACTIVE,CURRENT,26971.78
CTR000066,2025-11-01,ACTIVE,CURRENT,25045.22
CTR000067,2025-08-25,ACTIVE,CURRENT,19375.0
CTR000067,2025-09-01,ACTIVE,CURRENT,18836.81
CTR000067,2025-10-01,ACTIVE,CURRENT,18298.61
CTR000067,2025-11-01,ACTIVE,CURRENT,17760.42
CTR000067,2025-12-01,ACTIVE,CURRENT,17222.22
CTR000067,2026-01-01,DELINQUENT,31-60,16684.03
CTR000067,2026-02-01,ACTIVE,CURRENT,16145.83
CTR000067,2026-03-01,ACTIVE,CURRENT,15607.64
CTR000067,2026-04-01,ACTIVE,CURRENT,15069.44
CTR000067,2026-05-01,ACTIVE,CURRENT,14531.25
CTR000068,2023-08-17,ACTIVE,CURRENT,33349.0
CTR000068,2023-09-01,ACTIVE,CURRENT,32885.82
CTR000068,2023-10-01,ACTIVE,CURRENT,32422.64
CTR000068,2023-11-01,ACTIVE,CURRENT,31959.46
CTR000068,2023-12-01,ACTIVE,CURRENT,31496.28
CTR000068,2024-01-01,ACTIVE,CURRENT,31033.1
CTR000068,2024-02-01,ACTIVE,CURRENT,30569.92
CTR000068,2024-03-01,ACTIVE,CURRENT,30106.74
CTR000068,2024-04-01,ACTIVE,CURRENT,29643.56
CTR000068,2024-05-01,ACTIVE,CURRENT,29180.38
CTR000068,2024-06-01,ACTIVE,CURRENT,28717.19
CTR000068,2024-07-01,DELINQUENT,1-30,28254.01
CTR000068,2024-08-01,ACTIVE,CURRENT,27790.83
CTR000068,2024-09-01,ACTIVE,CURRENT,27327.65
CTR000068,2024-10-01,ACTIVE,CURRENT,26864.47
CTR000068,2024-11-01,ACTIVE,CURRENT,26401.29
CTR000068,2024-12-01,ACTIVE,CURRENT,25938.11
CTR000068,2025-01-01,ACTIVE,CURRENT,25474.93
CTR000068,2025-02-01,ACTIVE,CURRENT,25011.75
CTR000068,2025-03-01,DELINQUENT,31-60,24548.57
CTR000068,2025-04-01,ACTIVE,CURRENT,24085.39
CTR000068,2025-05-01,ACTIVE,CURRENT,23622.21
CTR000068,2025-06-01,ACTIVE,CURRENT,23159.03
CTR000068,2025-07-01,ACTIVE,CURRENT,22695.85
CTR000069,2023-10-31,ACTIVE,CURRENT,72318.0
CTR000069,2023-11-01,ACTIVE,CURRENT,70811.38
CTR000069,2023-12-01,ACTIVE,CURRENT,69304.75
CTR000069,2024-01-01,ACTIVE,CURRENT,67798.12
CTR000069,2024-02-01,ACTIVE,CURRENT,66291.5
CTR000069,2024-03-01,ACTIVE,CURRENT,64784.88
CTR000069,2024-04-01,DELINQUENT,1-30,63278.25
CTR000069,2024-05-01,ACTIVE,CURRENT,61771.62
CTR000069,2024-06-01,ACTIVE,CURRENT,60265.0
CTR000069,2024-07-01,ACTIVE,CURRENT,58758.38
CTR000069,2024-08-01,ACTIVE,CURRENT,57251.75
CTR000069,2024-09-01,ACTIVE,CURRENT,55745.12
CTR000069,2024-10-01,ACTIVE,CURRENT,54238.5
CTR000069,2024-11-01,ACTIVE,CURRENT,52731.88
CTR000069,2024-12-01,DELINQUENT,31-60,51225.25
CTR000069,2025-01-01,DELINQUENT,1-30,49718.62
CTR000069,2025-02-01,ACTIVE,CURRENT,48212.0
CTR000069,2025-03-01,ACTIVE,CURRENT,46705.38
CTR000069,2025-04-01,ACTIVE,CURRENT,45198.75
CTR000069,2025-05-01,ACTIVE,CURRENT,43692.12
CTR000069,2025-06-01,ACTIVE,CURRENT,42185.5
CTR000069,2025-07-01,ACTIVE,CURRENT,40678.88
CTR000069,2025-08-01,ACTIVE,CURRENT,39172.25
CTR000069,2025-09-01,DELINQUENT,31-60,37665.62
CTR000070,2025-09-13,ACTIVE,CURRENT,69961.0
CTR000070,2025-10-01,ACTIVE,CURRENT,68989.32
CTR000070,2025-11-01,ACTIVE,CURRENT,68017.64
CTR000070,2025-12-01,ACTIVE,CURRENT,67045.96
CTR000070,2026-01-01,ACTIVE,CURRENT,66074.28
CTR000070,2026-02-01,ACTIVE,CURRENT,65102.6
CTR000070,2026-03-01,ACTIVE,CURRENT,64130.92
CTR000070,2026-04-01,ACTIVE,CURRENT,63159.24
CTR000070,2026-05-01,ACTIVE,CURRENT,62187.56
CTR000071,2025-09-08,ACTIVE,CURRENT,57437.0
CTR000071,2025-10-01,ACTIVE,CURRENT,55841.53
CTR000071,2025-11-01,ACTIVE,CURRENT,54246.06
CTR000071,2025-12-01,ACTIVE,CURRENT,52650.58
CTR000071,2026-01-01,ACTIVE,CURRENT,51055.11
CTR000071,2026-02-01,ACTIVE,CURRENT,49459.64
CTR000071,2026-03-01,ACTIVE,CURRENT,47864.17
CTR000071,2026-04-01,ACTIVE,CURRENT,46268.69
CTR000071,2026-05-01,ACTIVE,CURRENT,44673.22
CTR000072,2026-02-08,ACTIVE,CURRENT,70874.0
CTR000072,2026-03-01,ACTIVE,CURRENT,68905.28
CTR000072,2026-04-01,ACTIVE,CURRENT,66936.56
CTR000072,2026-05-01,ACTIVE,CURRENT,64967.83
CTR000073,2023-07-06,ACTIVE,CURRENT,17916.0
CTR000073,2023-08-01,ACTIVE,CURRENT,17418.33
CTR000073,2023-09-01,ACTIVE,CURRENT,16920.67
CTR000073,2023-10-01,ACTIVE,CURRENT,16423.0
CTR000073,2023-11-01,ACTIVE,CURRENT,15925.33
CTR000073,2023-12-01,ACTIVE,CURRENT,15427.67
CTR000073,2024-01-01,ACTIVE,CURRENT,14930.0
CTR000073,2024-02-01,ACTIVE,CURRENT,14432.33
CTR000073,2024-03-01,ACTIVE,CURRENT,13934.67
CTR000073,2024-04-01,ACTIVE,CURRENT,13437.0
CTR000073,2024-05-01,ACTIVE,CURRENT,12939.33
CTR000073,2024-06-01,ACTIVE,CURRENT,12441.67
CTR000073,2024-07-01,ACTIVE,CURRENT,11944.0
CTR000073,2024-08-01,ACTIVE,CURRENT,11446.33
CTR000073,2024-09-01,ACTIVE,CURRENT,10948.67
CTR000073,2024-10-01,ACTIVE,CURRENT,10451.0
CTR000073,2024-11-01,ACTIVE,CURRENT,9953.33
CTR000073,2024-12-01,ACTIVE,CURRENT,9455.67
CTR000073,2025-01-01,ACTIVE,CURRENT,8958.0
CTR000073,2025-02-01,ACTIVE,CURRENT,8460.33
CTR000073,2025-03-01,ACTIVE,CURRENT,7962.67
CTR000073,2025-04-01,ACTIVE,CURRENT,7465.0
CTR000073,2025-05-01,DELINQUENT,31-60,6967.33
CTR000073,2025-06-01,DELINQUENT,61-90,6469.67
CTR000074,2023-07-17,ACTIVE,CURRENT,20663.0
CTR000074,2023-08-01,ACTIVE,CURRENT,20318.62
CTR000074,2023-09-01,ACTIVE,CURRENT,19974.23
CTR000074,2023-10-01,ACTIVE,CURRENT,19629.85
CTR000074,2023-11-01,ACTIVE,CURRENT,19285.47
CTR000074,2023-12-01,ACTIVE,CURRENT,18941.08
CTR000074,2024-01-01,ACTIVE,CURRENT,18596.7
CTR000074,2024-02-01,ACTIVE,CURRENT,18252.32
CTR000074,2024-03-01,ACTIVE,CURRENT,17907.93
CTR000074,2024-04-01,ACTIVE,CURRENT,17563.55
CTR000074,2024-05-01,ACTIVE,CURRENT,17219.17
CTR000074,2024-06-01,ACTIVE,CURRENT,16874.78
CTR000074,2024-07-01,ACTIVE,CURRENT,16530.4
CTR000074,2024-08-01,ACTIVE,CURRENT,16186.02
CTR000074,2024-09-01,ACTIVE,CURRENT,15841.63
CTR000074,2024-10-01,ACTIVE,CURRENT,15497.25
CTR000074,2024-11-01,DELINQUENT,61-90,15152.87
CTR000074,2024-12-01,ACTIVE,CURRENT,14808.48
CTR000074,2025-01-01,ACTIVE,CURRENT,14464.1
CTR000074,2025-02-01,DELINQUENT,61-90,14119.72
CTR000074,2025-03-01,ACTIVE,CURRENT,13775.33
CTR000074,2025-04-01,ACTIVE,CURRENT,13430.95
CTR000074,2025-05-01,ACTIVE,CURRENT,13086.57
CTR000074,2025-06-01,ACTIVE,CURRENT,12742.18
CTR000075,2024-08-21,ACTIVE,CURRENT,24202.0
CTR000075,2024-09-01,ACTIVE,CURRENT,23865.86
CTR000075,2024-10-01,ACTIVE,CURRENT,23529.72
CTR000075,2024-11-01,DELINQUENT,61-90,23193.58
CTR000075,2024-12-01,ACTIVE,CURRENT,22857.44
CTR000075,2025-01-01,ACTIVE,CURRENT,22521.31
CTR000075,2025-02-01,ACTIVE,CURRENT,22185.17
CTR000075,2025-03-01,ACTIVE,CURRENT,21849.03
CTR000075,2025-04-01,ACTIVE,CURRENT,21512.89
CTR000075,2025-05-01,ACTIVE,CURRENT,21176.75
CTR000075,2025-06-01,ACTIVE,CURRENT,20840.61
CTR000075,2025-07-01,ACTIVE,CURRENT,20504.47
CTR000075,2025-08-01,ACTIVE,CURRENT,20168.33
CTR000075,2025-09-01,ACTIVE,CURRENT,19832.19
CTR000075,2025-10-01,ACTIVE,CURRENT,19496.06
CTR000075,2025-11-01,DELINQUENT,1-30,19159.92
CTR000075,2025-12-01,ACTIVE,CURRENT,18823.78
CTR000075,2026-01-01,ACTIVE,CURRENT,18487.64
CTR000075,2026-02-01,ACTIVE,CURRENT,18151.5
CTR000075,2026-03-01,ACTIVE,CURRENT,17815.36
CTR000075,2026-04-01,ACTIVE,CURRENT,17479.22
CTR000075,2026-05-01,ACTIVE,CURRENT,17143.08
CTR000076,2025-01-02,ACTIVE,CURRENT,49278.0
CTR000076,2025-02-01,ACTIVE,CURRENT,47909.17
CTR000076,2025-03-01,ACTIVE,CURRENT,46540.33
CTR000076,2025-04-01,ACTIVE,CURRENT,45171.5
CTR000076,2025-05-01,ACTIVE,CURRENT,43802.67
CTR000076,2025-06-01,ACTIVE,CURRENT,42433.83
CTR000076,2025-07-01,ACTIVE,CURRENT,41065.0
CTR000076,2025-08-01,ACTIVE,CURRENT,39696.17
CTR000076,2025-09-01,ACTIVE,CURRENT,38327.33
CTR000076,2025-10-01,ACTIVE,CURRENT,36958.5
CTR000076,2025-11-01,ACTIVE,CURRENT,35589.67
CTR000076,2025-12-01,ACTIVE,CURRENT,34220.83
CTR000076,2026-01-01,ACTIVE,CURRENT,32852.0
CTR000076,2026-02-01,ACTIVE,CURRENT,31483.17
CTR000076,2026-03-01,ACTIVE,CURRENT,30114.33
CTR000076,2026-04-01,ACTIVE,CURRENT,28745.5
CTR000076,2026-05-01,ACTIVE,CURRENT,27376.67
CTR000077,2024-03-25,ACTIVE,CURRENT,45650.0
CTR000077,2024-04-01,DELINQUENT,1-30,44381.94
CTR000077,2024-05-01,ACTIVE,CURRENT,43113.89
CTR000077,2024-06-01,ACTIVE,CURRENT,41845.83
CTR000077,2024-07-01,DELINQUENT,1-30,40577.78
CTR000077,2024-08-01,ACTIVE,CURRENT,39309.72
CTR000077,2024-09-01,ACTIVE,CURRENT,38041.67
CTR000077,2024-10-01,ACTIVE,CURRENT,36773.61
CTR000077,2024-11-01,ACTIVE,CURRENT,35505.56
CTR000077,2024-12-01,ACTIVE,CURRENT,34237.5
CTR000077,2025-01-01,ACTIVE,CURRENT,32969.44
CTR000077,2025-02-01,ACTIVE,CURRENT,31701.39
CTR000077,2025-03-01,ACTIVE,CURRENT,30433.33
CTR000077,2025-04-01,ACTIVE,CURRENT,29165.28
CTR000077,2025-05-01,ACTIVE,CURRENT,27897.22
CTR000077,2025-06-01,ACTIVE,CURRENT,26629.17
CTR000077,2025-07-01,ACTIVE,CURRENT,25361.11
CTR000077,2025-08-01,DELINQUENT,1-30,24093.06
CTR000077,2025-09-01,ACTIVE,CURRENT,22825.0
CTR000077,2025-10-01,ACTIVE,CURRENT,21556.94
CTR000077,2025-11-01,ACTIVE,CURRENT,20288.89
CTR000077,2025-12-01,ACTIVE,CURRENT,19020.83
CTR000077,2026-01-01,ACTIVE,CURRENT,17752.78
CTR000077,2026-02-01,DELINQUENT,1-30,16484.72
CTR000078,2025-09-14,ACTIVE,CURRENT,57459.0
CTR000078,2025-10-01,ACTIVE,CURRENT,56261.94
CTR000078,2025-11-01,DELINQUENT,61-90,55064.88
CTR000078,2025-12-01,DELINQUENT,31-60,53867.81
CTR000078,2026-01-01,ACTIVE,CURRENT,52670.75
CTR000078,2026-02-01,ACTIVE,CURRENT,51473.69
CTR000078,2026-03-01,ACTIVE,CURRENT,50276.62
CTR000078,2026-04-01,ACTIVE,CURRENT,49079.56
CTR000078,2026-05-01,DELINQUENT,61-90,47882.5
CTR000080,2024-09-24,ACTIVE,CURRENT,27097.0
CTR000080,2024-10-01,DELINQUENT,61-90,26645.38
CTR000080,2024-11-01,DELINQUENT,31-60,26193.77
CTR000080,2024-12-01,DELINQUENT,1-30,25742.15
CTR000080,2025-01-01,DELINQUENT,1-30,25290.53
CTR000080,2025-02-01,ACTIVE,CURRENT,24838.92
CTR000080,2025-03-01,ACTIVE,CURRENT,24387.3
CTR000080,2025-04-01,ACTIVE,CURRENT,23935.68
CTR000080,2025-05-01,ACTIVE,CURRENT,23484.07
CTR000080,2025-06-01,ACTIVE,CURRENT,23032.45
CTR000080,2025-07-01,ACTIVE,CURRENT,22580.83
CTR000080,2025-08-01,ACTIVE,CURRENT,22129.22
CTR000080,2025-09-01,ACTIVE,CURRENT,21677.6
CTR000080,2025-10-01,ACTIVE,CURRENT,21225.98
CTR000080,2025-11-01,ACTIVE,CURRENT,20774.37
CTR000080,2025-12-01,ACTIVE,CURRENT,20322.75
CTR000080,2026-01-01,ACTIVE,CURRENT,19871.13
CTR000080,2026-02-01,ACTIVE,CURRENT,19419.52
CTR000080,2026-03-01,ACTIVE,CURRENT,18967.9
CTR000080,2026-04-01,ACTIVE,CURRENT,18516.28
CTR000080,2026-05-01,ACTIVE,CURRENT,18064.67
CTR000081,2025-09-14,DELINQUENT,61-90,69483.0
CTR000081,2025-10-01,DELINQUENT,31-60,68517.96
CTR000081,2025-11-01,ACTIVE,CURRENT,67552.92
CTR000081,2025-12-01,ACTIVE,CURRENT,66587.87
CTR000081,2026-01-01,ACTIVE,CURRENT,65622.83
CTR000081,2026-02-01,ACTIVE,CURRENT,64657.79
CTR000081,2026-03-01,ACTIVE,CURRENT,63692.75
CTR000081,2026-04-01,ACTIVE,CURRENT,62727.71
CTR000081,2026-05-01,ACTIVE,CURRENT,61762.67
CTR000082,2023-07-19,ACTIVE,CURRENT,57863.0
CTR000082,2023-08-01,ACTIVE,CURRENT,56898.62
CTR000082,2023-09-01,ACTIVE,CURRENT,55934.23
CTR000082,2023-10-01,ACTIVE,CURRENT,54969.85
CTR000082,2023-11-01,ACTIVE,CURRENT,54005.47
CTR000082,2023-12-01,ACTIVE,CURRENT,53041.08
CTR000082,2024-01-01,ACTIVE,CURRENT,52076.7
CTR000082,2024-02-01,ACTIVE,CURRENT,51112.32
CTR000082,2024-03-01,ACTIVE,CURRENT,50147.93
CTR000082,2024-04-01,DELINQUENT,1-30,49183.55
CTR000082,2024-05-01,ACTIVE,CURRENT,48219.17
CTR000082,2024-06-01,ACTIVE,CURRENT,47254.78
CTR000082,2024-07-01,ACTIVE,CURRENT,46290.4
CTR000082,2024-08-01,ACTIVE,CURRENT,45326.02
CTR000082,2024-09-01,ACTIVE,CURRENT,44361.63
CTR000082,2024-10-01,ACTIVE,CURRENT,43397.25
CTR000082,2024-11-01,ACTIVE,CURRENT,42432.87
CTR000082,2024-12-01,ACTIVE,CURRENT,41468.48
CTR000082,2025-01-01,DELINQUENT,31-60,40504.1
CTR000082,2025-02-01,ACTIVE,CURRENT,39539.72
CTR000082,2025-03-01,ACTIVE,CURRENT,38575.33
CTR000082,2025-04-01,ACTIVE,CURRENT,37610.95
CTR000082,2025-05-01,ACTIVE,CURRENT,36646.57
CTR000082,2025-06-01,ACTIVE,CURRENT,35682.18
CTR000083,2023-08-03,ACTIVE,CURRENT,41507.0
CTR000083,2023-09-01,ACTIVE,CURRENT,40815.22
CTR000083,2023-10-01,DELINQUENT,31-60,40123.43
CTR000083,2023-11-01,ACTIVE,CURRENT,39431.65
CTR000083,2023-12-01,ACTIVE,CURRENT,38739.87
CTR000083,2024-01-01,ACTIVE,CURRENT,38048.08
CTR000083,2024-02-01,ACTIVE,CURRENT,37356.3
CTR000083,2024-03-01,ACTIVE,CURRENT,36664.52
CTR000083,2024-04-01,ACTIVE,CURRENT,35972.73
CTR000083,2024-05-01,ACTIVE,CURRENT,35280.95
CTR000083,2024-06-01,ACTIVE,CURRENT,34589.17
CTR000083,2024-07-01,ACTIVE,CURRENT,33897.38
CTR000083,2024-08-01,ACTIVE,CURRENT,33205.6
CTR000083,2024-09-01,ACTIVE,CURRENT,32513.82
CTR000083,2024-10-01,ACTIVE,CURRENT,31822.03
CTR000083,2024-11-01,ACTIVE,CURRENT,31130.25
CTR000083,2024-12-01,ACTIVE,CURRENT,30438.47
CTR000083,2025-01-01,ACTIVE,CURRENT,29746.68
CTR000083,2025-02-01,ACTIVE,CURRENT,29054.9
CTR000083,2025-03-01,ACTIVE,CURRENT,28363.12
CTR000083,2025-04-01,ACTIVE,CURRENT,27671.33
CTR000083,2025-05-01,ACTIVE,CURRENT,26979.55
CTR000083,2025-06-01,ACTIVE,CURRENT,26287.77
CTR000083,2025-07-01,ACTIVE,CURRENT,25595.98
CTR000084,2023-09-15,ACTIVE,CURRENT,67587.0
CTR000084,2023-10-01,ACTIVE,CURRENT,66178.94
CTR000084,2023-11-01,ACTIVE,CURRENT,64770.88
CTR000084,2023-12-01,ACTIVE,CURRENT,63362.81
CTR000084,2024-01-01,ACTIVE,CURRENT,61954.75
CTR000084,2024-02-01,ACTIVE,CURRENT,60546.69
CTR000084,2024-03-01,ACTIVE,CURRENT,59138.62
CTR000084,2024-04-01,ACTIVE,CURRENT,57730.56
CTR000084,2024-05-01,ACTIVE,CURRENT,56322.5
CTR000084,2024-06-01,ACTIVE,CURRENT,54914.44
CTR000084,2024-07-01,ACTIVE,CURRENT,53506.38
CTR000084,2024-08-01,ACTIVE,CURRENT,52098.31
CTR000084,2024-09-01,ACTIVE,CURRENT,50690.25
CTR000084,2024-10-01,ACTIVE,CURRENT,49282.19
CTR000084,2024-11-01,DELINQUENT,1-30,47874.12
CTR000084,2024-12-01,ACTIVE,CURRENT,46466.06
CTR000084,2025-01-01,ACTIVE,CURRENT,45058.0
CTR000084,2025-02-01,ACTIVE,CURRENT,43649.94
CTR000084,2025-03-01,ACTIVE,CURRENT,42241.88
CTR000084,2025-04-01,ACTIVE,CURRENT,40833.81
CTR000084,2025-05-01,ACTIVE,CURRENT,39425.75
CTR000084,2025-06-01,ACTIVE,CURRENT,38017.69
CTR000084,2025-07-01,ACTIVE,CURRENT,36609.62
CTR000084,2025-08-01,ACTIVE,CURRENT,35201.56
CTR000085,2024-02-29,ACTIVE,CURRENT,55273.0
CTR000085,2024-03-01,ACTIVE,CURRENT,54351.78
CTR000085,2024-04-01,ACTIVE,CURRENT,53430.57
CTR000085,2024-05-01,ACTIVE,CURRENT,52509.35
CTR000085,2024-06-01,ACTIVE,CURRENT,51588.13
CTR000085,2024-07-01,ACTIVE,CURRENT,50666.92
CTR000085,2024-08-01,ACTIVE,CURRENT,49745.7
CTR000085,2024-09-01,ACTIVE,CURRENT,48824.48
CTR000085,2024-10-01,ACTIVE,CURRENT,47903.27
CTR000085,2024-11-01,ACTIVE,CURRENT,46982.05
CTR000085,2024-12-01,ACTIVE,CURRENT,46060.83
CTR000085,2025-01-01,ACTIVE,CURRENT,45139.62
CTR000085,2025-02-01,ACTIVE,CURRENT,44218.4
CTR000085,2025-03-01,DELINQUENT,61-90,43297.18
CTR000085,2025-04-01,ACTIVE,CURRENT,42375.97
CTR000085,2025-05-01,ACTIVE,CURRENT,41454.75
CTR000085,2025-06-01,ACTIVE,CURRENT,40533.53
CTR000085,2025-07-01,ACTIVE,CURRENT,39612.32
CTR000085,2025-08-01,ACTIVE,CURRENT,38691.1
CTR000085,2025-09-01,ACTIVE,CURRENT,37769.88
CTR000085,2025-10-01,ACTIVE,CURRENT,36848.67
CTR000085,2025-11-01,ACTIVE,CURRENT,35927.45
CTR000085,2025-12-01,ACTIVE,CURRENT,35006.23
CTR000085,2026-01-01,ACTIVE,CURRENT,34085.02
CTR000086,2024-09-13,ACTIVE,CURRENT,16542.0
CTR000086,2024-10-01,ACTIVE,CURRENT,16312.25
CTR000086,2024-11-01,ACTIVE,CURRENT,16082.5
CTR000086,2024-12-01,ACTIVE,CURRENT,15852.75
CTR000086,2025-01-01,ACTIVE,CURRENT,15623.0
CTR000086,2025-02-01,ACTIVE,CURRENT,15393.25
CTR000086,2025-03-01,DELINQUENT,1-30,15163.5
CTR000086,2025-04-01,ACTIVE,CURRENT,14933.75
CTR000086,2025-05-01,ACTIVE,CURRENT,14704.0
CTR000086,2025-06-01,ACTIVE,CURRENT,14474.25
CTR000086,2025-07-01,ACTIVE,CURRENT,14244.5
CTR000086,2025-08-01,ACTIVE,CURRENT,14014.75
CTR000086,2025-09-01,ACTIVE,CURRENT,13785.0
CTR000086,2025-10-01,ACTIVE,CURRENT,13555.25
CTR000086,2025-11-01,ACTIVE,CURRENT,13325.5
CTR000086,2025-12-01,DELINQUENT,1-30,13095.75
CTR000086,2026-01-01,ACTIVE,CURRENT,12866.0
CTR000086,2026-02-01,ACTIVE,CURRENT,12636.25
CTR000086,2026-03-01,ACTIVE,CURRENT,12406.5
CTR000086,2026-04-01,ACTIVE,CURRENT,12176.75
CTR000086,2026-05-01,DELINQUENT,61-90,11947.0
CTR000087,2023-07-09,ACTIVE,CURRENT,23261.0
CTR000087,2023-08-01,ACTIVE,CURRENT,22614.86
CTR000087,2023-09-01,ACTIVE,CURRENT,21968.72
CTR000087,2023-10-01,ACTIVE,CURRENT,21322.58
CTR000087,2023-11-01,ACTIVE,CURRENT,20676.44
CTR000087,2023-12-01,ACTIVE,CURRENT,20030.31
CTR000087,2024-01-01,ACTIVE,CURRENT,19384.17
CTR000087,2024-02-01,ACTIVE,CURRENT,18738.03
CTR000087,2024-03-01,ACTIVE,CURRENT,18091.89
CTR000087,2024-04-01,ACTIVE,CURRENT,17445.75
CTR000087,2024-05-01,ACTIVE,CURRENT,16799.61
CTR000087,2024-06-01,ACTIVE,CURRENT,16153.47
CTR000087,2024-07-01,ACTIVE,CURRENT,15507.33
CTR000087,2024-08-01,ACTIVE,CURRENT,14861.19
CTR000087,2024-09-01,ACTIVE,CURRENT,14215.06
CTR000087,2024-10-01,DELINQUENT,61-90,13568.92
CTR000087,2024-11-01,ACTIVE,CURRENT,12922.78
CTR000087,2024-12-01,ACTIVE,CURRENT,12276.64
CTR000087,2025-01-01,ACTIVE,CURRENT,11630.5
CTR000087,2025-02-01,ACTIVE,CURRENT,10984.36
CTR000087,2025-03-01,ACTIVE,CURRENT,10338.22
CTR000087,2025-04-01,ACTIVE,CURRENT,9692.08
CTR000087,2025-05-01,ACTIVE,CURRENT,9045.94
CTR000087,2025-06-01,ACTIVE,CURRENT,8399.81
CTR000088,2025-03-07,ACTIVE,CURRENT,62539.0
CTR000088,2025-04-01,DELINQUENT,1-30,61236.1
CTR000088,2025-05-01,ACTIVE,CURRENT,59933.21
CTR000088,2025-06-01,ACTIVE,CURRENT,58630.31
CTR000088,2025-07-01,ACTIVE,CURRENT,57327.42
CTR000088,2025-08-01,ACTIVE,CURRENT,56024.52
CTR000088,2025-09-01,ACTIVE,CURRENT,54721.62
CTR000088,2025-10-01,ACTIVE,CURRENT,53418.73
CTR000088,2025-11-01,ACTIVE,CURRENT,52115.83
CTR000088,2025-12-01,ACTIVE,CURRENT,50812.94
CTR000088,2026-01-01,ACTIVE,CURRENT,49510.04
CTR000088,2026-02-01,ACTIVE,CURRENT,48207.15
CTR000088,2026-03-01,DELINQUENT,31-60,46904.25
CTR000088,2026-04-01,ACTIVE,CURRENT,45601.35
CTR000088,2026-05-01,ACTIVE,CURRENT,44298.46
CTR000089,2025-04-22,DELINQUENT,61-90,66252.0
CTR000089,2025-05-01,ACTIVE,CURRENT,65331.83
CTR000089,2025-06-01,ACTIVE,CURRENT,64411.67
CTR000089,2025-07-01,ACTIVE,CURRENT,63491.5
CTR000089,2025-08-01,ACTIVE,CURRENT,62571.33
CTR000089,2025-09-01,DELINQUENT,31-60,61651.17
CTR000089,2025-10-01,DELINQUENT,31-60,60731.0
CTR000089,2025-11-01,ACTIVE,CURRENT,59810.83
CTR000089,2025-12-01,ACTIVE,CURRENT,58890.67
CTR000089,2026-01-01,ACTIVE,CURRENT,57970.5
CTR000089,2026-02-01,ACTIVE,CURRENT,57050.33
CTR000089,2026-03-01,ACTIVE,CURRENT,56130.17
CTR000089,2026-04-01,ACTIVE,CURRENT,55210.0
CTR000089,2026-05-01,ACTIVE,CURRENT,54289.83
CTR000090,2026-05-05,ACTIVE,CURRENT,54009.0
CTR000091,2024-06-15,ACTIVE,CURRENT,58299.0
CTR000091,2024-07-01,ACTIVE,CURRENT,57327.35
CTR000091,2024-08-01,ACTIVE,CURRENT,56355.7
CTR000091,2024-09-01,ACTIVE,CURRENT,55384.05
CTR000091,2024-10-01,ACTIVE,CURRENT,54412.4
CTR000091,2024-11-01,ACTIVE,CURRENT,53440.75
CTR000091,2024-12-01,ACTIVE,CURRENT,52469.1
CTR000091,2025-01-01,DELINQUENT,61-90,51497.45
CTR000091,2025-02-01,ACTIVE,CURRENT,50525.8
CTR000091,2025-03-01,ACTIVE,CURRENT,49554.15
CTR000091,2025-04-01,ACTIVE,CURRENT,48582.5
CTR000091,2025-05-01,ACTIVE,CURRENT,47610.85
CTR000091,2025-06-01,ACTIVE,CURRENT,46639.2
CTR000091,2025-07-01,DELINQUENT,31-60,45667.55
CTR000091,2025-08-01,ACTIVE,CURRENT,44695.9
CTR000091,2025-09-01,DELINQUENT,61-90,43724.25
CTR000091,2025-10-01,ACTIVE,CURRENT,42752.6
CTR000091,2025-11-01,ACTIVE,CURRENT,41780.95
CTR000091,2025-12-01,ACTIVE,CURRENT,40809.3
CTR000091,2026-01-01,ACTIVE,CURRENT,39837.65
CTR000091,2026-02-01,ACTIVE,CURRENT,38866.0
CTR000091,2026-03-01,ACTIVE,CURRENT,37894.35
CTR000091,2026-04-01,ACTIVE,CURRENT,36922.7
CTR000091,2026-05-01,ACTIVE,CURRENT,35951.05
CTR000092,2025-01-09,ACTIVE,CURRENT,42223.0
CTR000092,2025-02-01,ACTIVE,CURRENT,41519.28
CTR000092,2025-03-01,ACTIVE,CURRENT,40815.57
CTR000092,2025-04-01,ACTIVE,CURRENT,40111.85
CTR000092,2025-05-01,ACTIVE,CURRENT,39408.13
CTR000092,2025-06-01,ACTIVE,CURRENT,38704.42
CTR000092,2025-07-01,ACTIVE,CURRENT,38000.7
CTR000092,2025-08-01,ACTIVE,CURRENT,37296.98
CTR000092,2025-09-01,DELINQUENT,31-60,36593.27
CTR000092,2025-10-01,ACTIVE,CURRENT,35889.55
CTR000092,2025-11-01,ACTIVE,CURRENT,35185.83
CTR000092,2025-12-01,ACTIVE,CURRENT,34482.12
CTR000092,2026-01-01,ACTIVE,CURRENT,33778.4
CTR000092,2026-02-01,ACTIVE,CURRENT,33074.68
CTR000092,2026-03-01,ACTIVE,CURRENT,32370.97
CTR000092,2026-04-01,ACTIVE,CURRENT,31667.25
CTR000092,2026-05-01,ACTIVE,CURRENT,30963.53
CTR000093,2025-04-08,ACTIVE,CURRENT,38070.0
CTR000093,2025-05-01,ACTIVE,CURRENT,37012.5
CTR000093,2025-06-01,DELINQUENT,31-60,35955.0
CTR000093,2025-07-01,ACTIVE,CURRENT,34897.5
CTR000093,2025-08-01,ACTIVE,CURRENT,33840.0
CTR000093,2025-09-01,ACTIVE,CURRENT,32782.5
CTR000093,2025-10-01,ACTIVE,CURRENT,31725.0
CTR000093,2025-11-01,ACTIVE,CURRENT,30667.5
CTR000093,2025-12-01,ACTIVE,CURRENT,29610.0
CTR000093,2026-01-01,ACTIVE,CURRENT,28552.5
CTR000093,2026-02-01,ACTIVE,CURRENT,27495.0
CTR000093,2026-03-01,ACTIVE,CURRENT,26437.5
CTR000093,2026-04-01,ACTIVE,CURRENT,25380.0
CTR000093,2026-05-01,DELINQUENT,1-30,24322.5
CTR000094,2024-01-02,ACTIVE,CURRENT,15218.0
CTR000094,2024-02-01,DELINQUENT,31-60,15006.64
CTR000094,2024-03-01,ACTIVE,CURRENT,14795.28
CTR000094,2024-04-01,ACTIVE,CURRENT,14583.92
CTR000094,2024-05-01,DELINQUENT,61-90,14372.56
CTR000094,2024-06-01,ACTIVE,CURRENT,14161.19
CTR000094,2024-07-01,ACTIVE,CURRENT,13949.83
CTR000094,2024-08-01,ACTIVE,CURRENT,13738.47
CTR000094,2024-09-01,ACTIVE,CURRENT,13527.11
CTR000094,2024-10-01,ACTIVE,CURRENT,13315.75
CTR000094,2024-11-01,DELINQUENT,31-60,13104.39
CTR000094,2024-12-01,ACTIVE,CURRENT,12893.03
CTR000094,2025-01-01,ACTIVE,CURRENT,12681.67
CTR000094,2025-02-01,ACTIVE,CURRENT,12470.31
CTR000094,2025-03-01,ACTIVE,CURRENT,12258.94
CTR000094,2025-04-01,ACTIVE,CURRENT,12047.58
CTR000094,2025-05-01,ACTIVE,CURRENT,11836.22
CTR000094,2025-06-01,ACTIVE,CURRENT,11624.86
CTR000094,2025-07-01,ACTIVE,CURRENT,11413.5
CTR000094,2025-08-01,ACTIVE,CURRENT,11202.14
CTR000094,2025-09-01,ACTIVE,CURRENT,10990.78
CTR000094,2025-10-01,ACTIVE,CURRENT,10779.42
CTR000094,2025-11-01,DELINQUENT,1-30,10568.06
CTR000094,2025-12-01,ACTIVE,CURRENT,10356.69
CTR000095,2023-02-23,ACTIVE,CURRENT,31380.0
CTR000095,2023-03-01,ACTIVE,CURRENT,30726.25
CTR000095,2023-04-01,ACTIVE,CURRENT,30072.5
CTR000095,2023-05-01,ACTIVE,CURRENT,29418.75
CTR000095,2023-06-01,ACTIVE,CURRENT,28765.0
CTR000095,2023-07-01,DELINQUENT,31-60,28111.25
CTR000095,2023-08-01,ACTIVE,CURRENT,27457.5
CTR000095,2023-09-01,ACTIVE,CURRENT,26803.75
CTR000095,2023-10-01,ACTIVE,CURRENT,26150.0
CTR000095,2023-11-01,ACTIVE,CURRENT,25496.25
CTR000095,2023-12-01,ACTIVE,CURRENT,24842.5
CTR000095,2024-01-01,ACTIVE,CURRENT,24188.75
CTR000095,2024-02-01,ACTIVE,CURRENT,23535.0
CTR000095,2024-03-01,ACTIVE,CURRENT,22881.25
CTR000095,2024-04-01,ACTIVE,CURRENT,22227.5
CTR000095,2024-05-01,ACTIVE,CURRENT,21573.75
CTR000095,2024-06-01,ACTIVE,CURRENT,20920.0
CTR000095,2024-07-01,ACTIVE,CURRENT,20266.25
CTR000095,2024-08-01,ACTIVE,CURRENT,19612.5
CTR000095,2024-09-01,ACTIVE,CURRENT,18958.75
CTR000095,2024-10-01,ACTIVE,CURRENT,18305.0
CTR000095,2024-11-01,ACTIVE,CURRENT,17651.25
CTR000095,2024-12-01,ACTIVE,CURRENT,16997.5
CTR000095,2025-01-01,ACTIVE,CURRENT,16343.75
CTR000096,2024-10-28,ACTIVE,CURRENT,19247.0
CTR000096,2024-11-01,ACTIVE,CURRENT,18926.22
CTR000096,2024-12-01,ACTIVE,CURRENT,18605.43
CTR000096,2025-01-01,ACTIVE,CURRENT,18284.65
CTR000096,2025-02-01,ACTIVE,CURRENT,17963.87
CTR000096,2025-03-01,ACTIVE,CURRENT,17643.08
CTR000096,2025-04-01,ACTIVE,CURRENT,17322.3
CTR000096,2025-05-01,ACTIVE,CURRENT,17001.52
CTR000096,2025-06-01,ACTIVE,CURRENT,16680.73
CTR000096,2025-07-01,ACTIVE,CURRENT,16359.95
CTR000096,2025-08-01,ACTIVE,CURRENT,16039.17
CTR000096,2025-09-01,ACTIVE,CURRENT,15718.38
CTR000096,2025-10-01,DELINQUENT,61-90,15397.6
CTR000096,2025-11-01,ACTIVE,CURRENT,15076.82
CTR000096,2025-12-01,ACTIVE,CURRENT,14756.03
CTR000096,2026-01-01,ACTIVE,CURRENT,14435.25
CTR000096,2026-02-01,ACTIVE,CURRENT,14114.47
CTR000096,2026-03-01,ACTIVE,CURRENT,13793.68
CTR000096,2026-04-01,ACTIVE,CURRENT,13472.9
CTR000096,2026-05-01,ACTIVE,CURRENT,13152.12
CTR000097,2023-01-24,ACTIVE,CURRENT,59697.0
CTR000097,2023-02-01,ACTIVE,CURRENT,58702.05
CTR000097,2023-03-01,DELINQUENT,31-60,57707.1
CTR000097,2023-04-01,ACTIVE,CURRENT,56712.15
CTR000097,2023-05-01,ACTIVE,CURRENT,55717.2
CTR000097,2023-06-01,ACTIVE,CURRENT,54722.25
CTR000097,2023-07-01,ACTIVE,CURRENT,53727.3
CTR000097,2023-08-01,ACTIVE,CURRENT,52732.35
CTR000097,2023-09-01,ACTIVE,CURRENT,51737.4
CTR000097,2023-10-01,ACTIVE,CURRENT,50742.45
CTR000097,2023-11-01,ACTIVE,CURRENT,49747.5
CTR000097,2023-12-01,ACTIVE,CURRENT,48752.55
CTR000097,2024-01-01,ACTIVE,CURRENT,47757.6
CTR000097,2024-02-01,ACTIVE,CURRENT,46762.65
CTR000097,2024-03-01,ACTIVE,CURRENT,45767.7
CTR000097,2024-04-01,ACTIVE,CURRENT,44772.75
CTR000097,2024-05-01,ACTIVE,CURRENT,43777.8
CTR000097,2024-06-01,ACTIVE,CURRENT,42782.85
CTR000097,2024-07-01,ACTIVE,CURRENT,41787.9
CTR000097,2024-08-01,ACTIVE,CURRENT,40792.95
CTR000097,2024-09-01,DELINQUENT,31-60,39798.0
CTR000097,2024-10-01,DELINQUENT,1-30,38803.05
CTR000097,2024-11-01,ACTIVE,CURRENT,37808.1
CTR000097,2024-12-01,ACTIVE,CURRENT,36813.15
CTR000098,2025-01-23,ACTIVE,CURRENT,48525.0
CTR000098,2025-02-01,ACTIVE,CURRENT,47716.25
CTR000098,2025-03-01,ACTIVE,CURRENT,46907.5
CTR000098,2025-04-01,ACTIVE,CURRENT,46098.75
CTR000098,2025-05-01,ACTIVE,CURRENT,45290.0
CTR000098,2025-06-01,ACTIVE,CURRENT,44481.25
CTR000098,2025-07-01,ACTIVE,CURRENT,43672.5
CTR000098,2025-08-01,ACTIVE,CURRENT,42863.75
CTR000098,2025-09-01,ACTIVE,CURRENT,42055.0
CTR000098,2025-10-01,ACTIVE,CURRENT,41246.25
CTR000098,2025-11-01,ACTIVE,CURRENT,40437.5
CTR000098,2025-12-01,DELINQUENT,31-60,39628.75
CTR000098,2026-01-01,ACTIVE,CURRENT,38820.0
CTR000098,2026-02-01,ACTIVE,CURRENT,38011.25
CTR000098,2026-03-01,ACTIVE,CURRENT,37202.5
CTR000098,2026-04-01,ACTIVE,CURRENT,36393.75
CTR000098,2026-05-01,ACTIVE,CURRENT,35585.0
CTR000099,2024-06-29,ACTIVE,CURRENT,57076.0
CTR000099,2024-07-01,ACTIVE,CURRENT,56124.73
CTR000099,2024-08-01,ACTIVE,CURRENT,55173.47
CTR000099,2024-09-01,ACTIVE,CURRENT,54222.2
CTR000099,2024-10-01,ACTIVE,CURRENT,53270.93
CTR000099,2024-11-01,ACTIVE,CURRENT,52319.67
CTR000099,2024-12-01,ACTIVE,CURRENT,51368.4
CTR000099,2025-01-01,ACTIVE,CURRENT,50417.13
CTR000099,2025-02-01,ACTIVE,CURRENT,49465.87
CTR000099,2025-03-01,ACTIVE,CURRENT,48514.6
CTR000099,2025-04-01,ACTIVE,CURRENT,47563.33
CTR000099,2025-05-01,ACTIVE,CURRENT,46612.07
CTR000099,2025-06-01,ACTIVE,CURRENT,45660.8
CTR000099,2025-07-01,ACTIVE,CURRENT,44709.53
CTR000099,2025-08-01,ACTIVE,CURRENT,43758.27
CTR000099,2025-09-01,ACTIVE,CURRENT,42807.0
CTR000099,2025-10-01,ACTIVE,CURRENT,41855.73
CTR000099,2025-11-01,ACTIVE,CURRENT,40904.47
CTR000099,2025-12-01,DELINQUENT,1-30,39953.2
CTR000099,2026-01-01,ACTIVE,CURRENT,39001.93
CTR000099,2026-02-01,ACTIVE,CURRENT,38050.67
CTR000099,2026-03-01,ACTIVE,CURRENT,37099.4
CTR000099,2026-04-01,ACTIVE,CURRENT,36148.13
CTR000099,2026-05-01,ACTIVE,CURRENT,35196.87
CTR000100,2024-08-27,ACTIVE,CURRENT,72682.0
CTR000100,2024-09-01,ACTIVE,CURRENT,71167.79
CTR000100,2024-10-01,ACTIVE,CURRENT,69653.58
CTR000100,2024-11-01,ACTIVE,CURRENT,68139.38
CTR000100,2024-12-01,ACTIVE,CURRENT,66625.17
CTR000100,2025-01-01,ACTIVE,CURRENT,65110.96
CTR000100,2025-02-01,ACTIVE,CURRENT,63596.75
CTR000100,2025-03-01,ACTIVE,CURRENT,62082.54
CTR000100,2025-04-01,DELINQUENT,31-60,60568.33
CTR000100,2025-05-01,ACTIVE,CURRENT,59054.13
CTR000100,2025-06-01,ACTIVE,CURRENT,57539.92
CTR000100,2025-07-01,ACTIVE,CURRENT,56025.71
CTR000100,2025-08-01,ACTIVE,CURRENT,54511.5
CTR000100,2025-09-01,ACTIVE,CURRENT,52997.29
CTR000100,2025-10-01,ACTIVE,CURRENT,51483.08
CTR000100,2025-11-01,ACTIVE,CURRENT,49968.87
CTR000100,2025-12-01,ACTIVE,CURRENT,48454.67
CTR000100,2026-01-01,ACTIVE,CURRENT,46940.46
CTR000100,2026-02-01,ACTIVE,CURRENT,45426.25
CTR000100,2026-03-01,ACTIVE,CURRENT,43912.04
CTR000100,2026-04-01,ACTIVE,CURRENT,42397.83
CTR000100,2026-05-01,ACTIVE,CURRENT,40883.62
CTR000101,2024-06-01,ACTIVE,CURRENT,67249.0
CTR000101,2024-07-01,ACTIVE,CURRENT,65847.98
CTR000101,2024-08-01,ACTIVE,CURRENT,64446.96
CTR000101,2024-09-01,DELINQUENT,1-30,63045.94
CTR000101,2024-10-01,ACTIVE,CURRENT,61644.92
CTR000101,2024-11-01,ACTIVE,CURRENT,60243.9
CTR000101,2024-12-01,ACTIVE,CURRENT,58842.87
CTR000101,2025-01-01,ACTIVE,CURRENT,57441.85
CTR000101,2025-02-01,ACTIVE,CURRENT,56040.83
CTR000101,2025-03-01,ACTIVE,CURRENT,54639.81
CTR000101,2025-04-01,ACTIVE,CURRENT,53238.79
CTR000101,2025-05-01,ACTIVE,CURRENT,51837.77
CTR000101,2025-06-01,ACTIVE,CURRENT,50436.75
CTR000101,2025-07-01,ACTIVE,CURRENT,49035.73
CTR000101,2025-08-01,ACTIVE,CURRENT,47634.71
CTR000101,2025-09-01,ACTIVE,CURRENT,46233.69
CTR000101,2025-10-01,ACTIVE,CURRENT,44832.67
CTR000101,2025-11-01,ACTIVE,CURRENT,43431.65
CTR000101,2025-12-01,ACTIVE,CURRENT,42030.62
CTR000101,2026-01-01,ACTIVE,CURRENT,40629.6
CTR000101,2026-02-01,ACTIVE,CURRENT,39228.58
CTR000101,2026-03-01,ACTIVE,CURRENT,37827.56
CTR000101,2026-04-01,ACTIVE,CURRENT,36426.54
CTR000101,2026-05-01,ACTIVE,CURRENT,35025.52
CTR000102,2024-04-15,ACTIVE,CURRENT,64917.0
CTR000102,2024-05-01,ACTIVE,CURRENT,63113.75
CTR000102,2024-06-01,ACTIVE,CURRENT,61310.5
CTR000102,2024-07-01,ACTIVE,CURRENT,59507.25
CTR000102,2024-08-01,ACTIVE,CURRENT,57704.0
CTR000102,2024-09-01,ACTIVE,CURRENT,55900.75
CTR000102,2024-10-01,ACTIVE,CURRENT,54097.5
CTR000102,2024-11-01,ACTIVE,CURRENT,52294.25
CTR000102,2024-12-01,ACTIVE,CURRENT,50491.0
CTR000102,2025-01-01,ACTIVE,CURRENT,48687.75
CTR000102,2025-02-01,ACTIVE,CURRENT,46884.5
CTR000102,2025-03-01,ACTIVE,CURRENT,45081.25
CTR000102,2025-04-01,ACTIVE,CURRENT,43278.0
CTR000102,2025-05-01,ACTIVE,CURRENT,41474.75
CTR000102,2025-06-01,ACTIVE,CURRENT,39671.5
CTR000102,2025-07-01,ACTIVE,CURRENT,37868.25
CTR000102,2025-08-01,ACTIVE,CURRENT,36065.0
CTR000102,2025-09-01,ACTIVE,CURRENT,34261.75
CTR000102,2025-10-01,ACTIVE,CURRENT,32458.5
CTR000102,2025-11-01,ACTIVE,CURRENT,30655.25
CTR000102,2025-12-01,ACTIVE,CURRENT,28852.0
CTR000102,2026-01-01,ACTIVE,CURRENT,27048.75
CTR000102,2026-02-01,ACTIVE,CURRENT,25245.5
CTR000102,2026-03-01,ACTIVE,CURRENT,23442.25
CTR000104,2024-09-24,ACTIVE,CURRENT,49877.0
CTR000104,2024-10-01,DELINQUENT,61-90,49184.26
CTR000104,2024-11-01,ACTIVE,CURRENT,48491.53
CTR000104,2024-12-01,ACTIVE,CURRENT,47798.79
CTR000104,2025-01-01,ACTIVE,CURRENT,47106.06
CTR000104,2025-02-01,DELINQUENT,31-60,46413.32
CTR000104,2025-03-01,ACTIVE,CURRENT,45720.58
CTR000104,2025-04-01,ACTIVE,CURRENT,45027.85
CTR000104,2025-05-01,ACTIVE,CURRENT,44335.11
CTR000104,2025-06-01,ACTIVE,CURRENT,43642.38
CTR000104,2025-07-01,ACTIVE,CURRENT,42949.64
CTR000104,2025-08-01,ACTIVE,CURRENT,42256.9
CTR000104,2025-09-01,ACTIVE,CURRENT,41564.17
CTR000104,2025-10-01,ACTIVE,CURRENT,40871.43
CTR000104,2025-11-01,ACTIVE,CURRENT,40178.69
CTR000104,2025-12-01,ACTIVE,CURRENT,39485.96
CTR000104,2026-01-01,DELINQUENT,61-90,38793.22
CTR000104,2026-02-01,ACTIVE,CURRENT,38100.49
CTR000104,2026-03-01,ACTIVE,CURRENT,37407.75
CTR000104,2026-04-01,ACTIVE,CURRENT,36715.01
CTR000104,2026-05-01,DELINQUENT,61-90,36022.28
CTR000105,2025-06-15,ACTIVE,CURRENT,21197.0
CTR000105,2025-07-01,ACTIVE,CURRENT,20902.6
CTR000105,2025-08-01,ACTIVE,CURRENT,20608.19
CTR000105,2025-09-01,ACTIVE,CURRENT,20313.79
CTR000105,2025-10-01,ACTIVE,CURRENT,20019.39
CTR000105,2025-11-01,DELINQUENT,31-60,19724.99
CTR000105,2025-12-01,ACTIVE,CURRENT,19430.58
CTR000105,2026-01-01,ACTIVE,CURRENT,19136.18
CTR000105,2026-02-01,ACTIVE,CURRENT,18841.78
CTR000105,2026-03-01,ACTIVE,CURRENT,18547.38
CTR000105,2026-04-01,ACTIVE,CURRENT,18252.97
CTR000105,2026-05-01,ACTIVE,CURRENT,17958.57
CTR000106,2024-03-16,ACTIVE,CURRENT,25131.0
CTR000106,2024-04-01,ACTIVE,CURRENT,24781.96
CTR000106,2024-05-01,ACTIVE,CURRENT,24432.92
CTR000106,2024-06-01,ACTIVE,CURRENT,24083.87
CTR000106,2024-07-01,ACTIVE,CURRENT,23734.83
CTR000106,2024-08-01,ACTIVE,CURRENT,23385.79
CTR000106,2024-09-01,ACTIVE,CURRENT,23036.75
CTR000106,2024-10-01,ACTIVE,CURRENT,22687.71
CTR000106,2024-11-01,ACTIVE,CURRENT,22338.67
CTR000106,2024-12-01,ACTIVE,CURRENT,21989.62
CTR000106,2025-01-01,DELINQUENT,1-30,21640.58
CTR000106,2025-02-01,ACTIVE,CURRENT,21291.54
CTR000106,2025-03-01,DELINQUENT,1-30,20942.5
CTR000106,2025-04-01,ACTIVE,CURRENT,20593.46
CTR000106,2025-05-01,ACTIVE,CURRENT,20244.42
CTR000106,2025-06-01,ACTIVE,CURRENT,19895.37
CTR000106,2025-07-01,ACTIVE,CURRENT,19546.33
CTR000106,2025-08-01,DELINQUENT,61-90,19197.29
CTR000106,2025-09-01,DELINQUENT,1-30,18848.25
CTR000106,2025-10-01,ACTIVE,CURRENT,18499.21
CTR000106,2025-11-01,ACTIVE,CURRENT,18150.17
CTR000106,2025-12-01,ACTIVE,CURRENT,17801.12
CTR000106,2026-01-01,ACTIVE,CURRENT,17452.08
CTR000106,2026-02-01,ACTIVE,CURRENT,17103.04
CTR000107,2024-10-09,ACTIVE,CURRENT,38195.0
CTR000107,2024-11-01,ACTIVE,CURRENT,37399.27
CTR000107,2024-12-01,ACTIVE,CURRENT,36603.54
CTR000107,2025-01-01,ACTIVE,CURRENT,35807.81
CTR000107,2025-02-01,ACTIVE,CURRENT,35012.08
CTR000107,2025-03-01,ACTIVE,CURRENT,34216.35
CTR000107,2025-04-01,ACTIVE,CURRENT,33420.63
CTR000107,2025-05-01,ACTIVE,CURRENT,32624.9
CTR000107,2025-06-01,ACTIVE,CURRENT,31829.17
CTR000107,2025-07-01,ACTIVE,CURRENT,31033.44
CTR000107,2025-08-01,ACTIVE,CURRENT,30237.71
CTR000107,2025-09-01,ACTIVE,CURRENT,29441.98
CTR000107,2025-10-01,ACTIVE,CURRENT,28646.25
CTR000107,2025-11-01,ACTIVE,CURRENT,27850.52
CTR000107,2025-12-01,ACTIVE,CURRENT,27054.79
CTR000107,2026-01-01,ACTIVE,CURRENT,26259.06
CTR000107,2026-02-01,ACTIVE,CURRENT,25463.33
CTR000107,2026-03-01,ACTIVE,CURRENT,24667.6
CTR000107,2026-04-01,ACTIVE,CURRENT,23871.88
CTR000107,2026-05-01,ACTIVE,CURRENT,23076.15
CTR000108,2024-02-25,ACTIVE,CURRENT,61967.0
CTR000108,2024-03-01,ACTIVE,CURRENT,60245.69
CTR000108,2024-04-01,ACTIVE,CURRENT,58524.39
CTR000108,2024-05-01,ACTIVE,CURRENT,56803.08
CTR000108,2024-06-01,ACTIVE,CURRENT,55081.78
CTR000108,2024-07-01,ACTIVE,CURRENT,53360.47
CTR000108,2024-08-01,ACTIVE,CURRENT,51639.17
CTR000108,2024-09-01,ACTIVE,CURRENT,49917.86
CTR000108,2024-10-01,ACTIVE,CURRENT,48196.56
CTR000108,2024-11-01,DELINQUENT,31-60,46475.25
CTR000108,2024-12-01,ACTIVE,CURRENT,44753.94
CTR000108,2025-01-01,ACTIVE,CURRENT,43032.64
CTR000108,2025-02-01,ACTIVE,CURRENT,41311.33
CTR000108,2025-03-01,ACTIVE,CURRENT,39590.03
CTR000108,2025-04-01,ACTIVE,CURRENT,37868.72
CTR000108,2025-05-01,ACTIVE,CURRENT,36147.42
CTR000108,2025-06-01,ACTIVE,CURRENT,34426.11
CTR000108,2025-07-01,ACTIVE,CURRENT,32704.81
CTR000108,2025-08-01,ACTIVE,CURRENT,30983.5
CTR000108,2025-09-01,ACTIVE,CURRENT,29262.19
CTR000108,2025-10-01,DELINQUENT,31-60,27540.89
CTR000108,2025-11-01,DELINQUENT,61-90,25819.58
CTR000108,2025-12-01,ACTIVE,CURRENT,24098.28
CTR000108,2026-01-01,ACTIVE,CURRENT,22376.97
CTR000109,2024-11-11,ACTIVE,CURRENT,62268.0
CTR000109,2024-12-01,ACTIVE,CURRENT,61230.2
CTR000109,2025-01-01,ACTIVE,CURRENT,60192.4
CTR000109,2025-02-01,ACTIVE,CURRENT,59154.6
CTR000109,2025-03-01,ACTIVE,CURRENT,58116.8
CTR000109,2025-04-01,ACTIVE,CURRENT,57079.0
CTR000109,2025-05-01,ACTIVE,CURRENT,56041.2
CTR000109,2025-06-01,ACTIVE,CURRENT,55003.4
CTR000109,2025-07-01,ACTIVE,CURRENT,53965.6
CTR000109,2025-08-01,DELINQUENT,31-60,52927.8
CTR000109,2025-09-01,ACTIVE,CURRENT,51890.0
CTR000109,2025-10-01,ACTIVE,CURRENT,50852.2
CTR000109,2025-11-01,ACTIVE,CURRENT,49814.4
CTR000109,2025-12-01,ACTIVE,CURRENT,48776.6
CTR000109,2026-01-01,DELINQUENT,1-30,47738.8
CTR000109,2026-02-01,ACTIVE,CURRENT,46701.0
CTR000109,2026-03-01,ACTIVE,CURRENT,45663.2
CTR000109,2026-04-01,DELINQUENT,61-90,44625.4
CTR000109,2026-05-01,ACTIVE,CURRENT,43587.6
CTR000110,2025-08-28,ACTIVE,CURRENT,64140.0
CTR000110,2025-09-01,ACTIVE,CURRENT,62803.75
CTR000110,2025-10-01,ACTIVE,CURRENT,61467.5
CTR000110,2025-11-01,ACTIVE,CURRENT,60131.25
CTR000110,2025-12-01,DELINQUENT,31-60,58795.0
CTR000110,2026-01-01,ACTIVE,CURRENT,57458.75
CTR000110,2026-02-01,ACTIVE,CURRENT,56122.5
CTR000110,2026-03-01,ACTIVE,CURRENT,54786.25
CTR000110,2026-04-01,DELINQUENT,31-60,53450.0
CTR000110,2026-05-01,ACTIVE,CURRENT,52113.75
CTR000111,2025-06-02,ACTIVE,CURRENT,46873.0
CTR000111,2025-07-01,ACTIVE,CURRENT,46221.99
CTR000111,2025-08-01,ACTIVE,CURRENT,45570.97
CTR000111,2025-09-01,ACTIVE,CURRENT,44919.96
CTR000111,2025-10-01,ACTIVE,CURRENT,44268.94
CTR000111,2025-11-01,ACTIVE,CURRENT,43617.93
CTR000111,2025-12-01,ACTIVE,CURRENT,42966.92
CTR000111,2026-01-01,ACTIVE,CURRENT,42315.9
CTR000111,2026-02-01,ACTIVE,CURRENT,41664.89
CTR000111,2026-03-01,ACTIVE,CURRENT,41013.87
CTR000111,2026-04-01,ACTIVE,CURRENT,40362.86
CTR000111,2026-05-01,ACTIVE,CURRENT,39711.85
CTR000112,2026-03-15,ACTIVE,CURRENT,51588.0
CTR000112,2026-04-01,ACTIVE,CURRENT,50728.2
CTR000112,2026-05-01,ACTIVE,CURRENT,49868.4
CTR000113,2026-03-29,ACTIVE,CURRENT,49584.0
CTR000113,2026-04-01,ACTIVE,CURRENT,48757.6
CTR000113,2026-05-01,ACTIVE,CURRENT,47931.2
CTR000114,2025-12-29,ACTIVE,CURRENT,58607.0
CTR000114,2026-01-01,ACTIVE,CURRENT,57793.01
CTR000114,2026-02-01,ACTIVE,CURRENT,56979.03
CTR000114,2026-03-01,ACTIVE,CURRENT,56165.04
CTR000114,2026-04-01,ACTIVE,CURRENT,55351.06
CTR000114,2026-05-01,ACTIVE,CURRENT,54537.07
CTR000115,2025-03-10,ACTIVE,CURRENT,43740.0
CTR000115,2025-04-01,ACTIVE,CURRENT,43011.0
CTR000115,2025-05-01,ACTIVE,CURRENT,42282.0
CTR000115,2025-06-01,ACTIVE,CURRENT,41553.0
CTR000115,2025-07-01,ACTIVE,CURRENT,40824.0
CTR000115,2025-08-01,ACTIVE,CURRENT,40095.0
CTR000115,2025-09-01,ACTIVE,CURRENT,39366.0
CTR000115,2025-10-01,ACTIVE,CURRENT,38637.0
CTR000115,2025-11-01,ACTIVE,CURRENT,37908.0
CTR000115,2025-12-01,ACTIVE,CURRENT,37179.0
CTR000115,2026-01-01,ACTIVE,CURRENT,36450.0
CTR000115,2026-02-01,ACTIVE,CURRENT,35721.0
CTR000115,2026-03-01,ACTIVE,CURRENT,34992.0
CTR000115,2026-04-01,ACTIVE,CURRENT,34263.0
CTR000115,2026-05-01,ACTIVE,CURRENT,33534.0
CTR000116,2023-03-28,ACTIVE,CURRENT,67584.0
CTR000116,2023-04-01,ACTIVE,CURRENT,66457.6
CTR000116,2023-05-01,ACTIVE,CURRENT,65331.2
CTR000116,2023-06-01,ACTIVE,CURRENT,64204.8
CTR000116,2023-07-01,ACTIVE,CURRENT,63078.4
CTR000116,2023-08-01,ACTIVE,CURRENT,61952.0
CTR000116,2023-09-01,ACTIVE,CURRENT,60825.6
CTR000116,2023-10-01,ACTIVE,CURRENT,59699.2
CTR000116,2023-11-01,ACTIVE,CURRENT,58572.8
CTR000116,2023-12-01,ACTIVE,CURRENT,57446.4
CTR000116,2024-01-01,ACTIVE,CURRENT,56320.0
CTR000116,2024-02-01,ACTIVE,CURRENT,55193.6
CTR000116,2024-03-01,DELINQUENT,1-30,54067.2
CTR000116,2024-04-01,ACTIVE,CURRENT,52940.8
CTR000116,2024-05-01,ACTIVE,CURRENT,51814.4
CTR000116,2024-06-01,ACTIVE,CURRENT,50688.0
CTR000116,2024-07-01,ACTIVE,CURRENT,49561.6
CTR000116,2024-08-01,DELINQUENT,61-90,48435.2
CTR000116,2024-09-01,ACTIVE,CURRENT,47308.8
CTR000116,2024-10-01,ACTIVE,CURRENT,46182.4
CTR000116,2024-11-01,ACTIVE,CURRENT,45056.0
CTR000116,2024-12-01,DELINQUENT,61-90,43929.6
CTR000116,2025-01-01,ACTIVE,CURRENT,42803.2
CTR000116,2025-02-01,ACTIVE,CURRENT,41676.8
CTR000117,2024-02-25,ACTIVE,CURRENT,55980.0
CTR000117,2024-03-01,ACTIVE,CURRENT,54425.0
CTR000117,2024-04-01,ACTIVE,CURRENT,52870.0
CTR000117,2024-05-01,ACTIVE,CURRENT,51315.0
CTR000117,2024-06-01,ACTIVE,CURRENT,49760.0
CTR000117,2024-07-01,ACTIVE,CURRENT,48205.0
CTR000117,2024-08-01,ACTIVE,CURRENT,46650.0
CTR000117,2024-09-01,DELINQUENT,1-30,45095.0
CTR000117,2024-10-01,ACTIVE,CURRENT,43540.0
CTR000117,2024-11-01,ACTIVE,CURRENT,41985.0
CTR000117,2024-12-01,ACTIVE,CURRENT,40430.0
CTR000117,2025-01-01,ACTIVE,CURRENT,38875.0
CTR000117,2025-02-01,ACTIVE,CURRENT,37320.0
CTR000117,2025-03-01,ACTIVE,CURRENT,35765.0
CTR000117,2025-04-01,ACTIVE,CURRENT,34210.0
CTR000117,2025-05-01,ACTIVE,CURRENT,32655.0
CTR000117,2025-06-01,ACTIVE,CURRENT,31100.0
CTR000117,2025-07-01,ACTIVE,CURRENT,29545.0
CTR000117,2025-08-01,ACTIVE,CURRENT,27990.0
CTR000117,2025-09-01,ACTIVE,CURRENT,26435.0
CTR000117,2025-10-01,ACTIVE,CURRENT,24880.0
CTR000117,2025-11-01,ACTIVE,CURRENT,23325.0
CTR000117,2025-12-01,ACTIVE,CURRENT,21770.0
CTR000117,2026-01-01,DELINQUENT,1-30,20215.0
CTR000118,2023-02-16,ACTIVE,CURRENT,29594.0
CTR000118,2023-03-01,ACTIVE,CURRENT,29100.77
CTR000118,2023-04-01,ACTIVE,CURRENT,28607.53
CTR000118,2023-05-01,ACTIVE,CURRENT,28114.3
CTR000118,2023-06-01,ACTIVE,CURRENT,27621.07
CTR000118,2023-07-01,DELINQUENT,1-30,27127.83
CTR000118,2023-08-01,ACTIVE,CURRENT,26634.6
CTR000118,2023-09-01,ACTIVE,CURRENT,26141.37
CTR000118,2023-10-01,ACTIVE,CURRENT,25648.13
CTR000118,2023-11-01,ACTIVE,CURRENT,25154.9
CTR000118,2023-12-01,ACTIVE,CURRENT,24661.67
CTR000118,2024-01-01,ACTIVE,CURRENT,24168.43
CTR000118,2024-02-01,DELINQUENT,31-60,23675.2
CTR000118,2024-03-01,ACTIVE,CURRENT,23181.97
CTR000118,2024-04-01,ACTIVE,CURRENT,22688.73
CTR000118,2024-05-01,ACTIVE,CURRENT,22195.5
CTR000118,2024-06-01,ACTIVE,CURRENT,21702.27
CTR000118,2024-07-01,ACTIVE,CURRENT,21209.03
CTR000118,2024-08-01,ACTIVE,CURRENT,20715.8
CTR000118,2024-09-01,ACTIVE,CURRENT,20222.57
CTR000118,2024-10-01,ACTIVE,CURRENT,19729.33
CTR000118,2024-11-01,ACTIVE,CURRENT,19236.1
CTR000118,2024-12-01,ACTIVE,CURRENT,18742.87
CTR000118,2025-01-01,ACTIVE,CURRENT,18249.63
CTR000119,2024-06-09,ACTIVE,CURRENT,27099.0
CTR000119,2024-07-01,ACTIVE,CURRENT,26647.35
CTR000119,2024-08-01,ACTIVE,CURRENT,26195.7
CTR000119,2024-09-01,ACTIVE,CURRENT,25744.05
CTR000119,2024-10-01,DELINQUENT,1-30,25292.4
CTR000119,2024-11-01,ACTIVE,CURRENT,24840.75
CTR000119,2024-12-01,DELINQUENT,61-90,24389.1
CTR000119,2025-01-01,ACTIVE,CURRENT,23937.45
CTR000119,2025-02-01,ACTIVE,CURRENT,23485.8
CTR000119,2025-03-01,DELINQUENT,1-30,23034.15
CTR000119,2025-04-01,ACTIVE,CURRENT,22582.5
CTR000119,2025-05-01,ACTIVE,CURRENT,22130.85
CTR000119,2025-06-01,ACTIVE,CURRENT,21679.2
CTR000119,2025-07-01,ACTIVE,CURRENT,21227.55
CTR000119,2025-08-01,ACTIVE,CURRENT,20775.9
CTR000119,2025-09-01,ACTIVE,CURRENT,20324.25
CTR000119,2025-10-01,ACTIVE,CURRENT,19872.6
CTR000119,2025-11-01,ACTIVE,CURRENT,19420.95
CTR000119,2025-12-01,ACTIVE,CURRENT,18969.3
CTR000119,2026-01-01,ACTIVE,CURRENT,18517.65
CTR000119,2026-02-01,DELINQUENT,31-60,18066.0
CTR000119,2026-03-01,ACTIVE,CURRENT,17614.35
CTR000119,2026-04-01,ACTIVE,CURRENT,17162.7
CTR000119,2026-05-01,ACTIVE,CURRENT,16711.05
CTR000120,2023-11-07,ACTIVE,CURRENT,69747.0
CTR000120,2023-12-01,ACTIVE,CURRENT,67809.58
CTR000120,2024-01-01,ACTIVE,CURRENT,65872.17
CTR000120,2024-02-01,ACTIVE,CURRENT,63934.75
CTR000120,2024-03-01,ACTIVE,CURRENT,61997.33
CTR000120,2024-04-01,ACTIVE,CURRENT,60059.92
CTR000120,2024-05-01,ACTIVE,CURRENT,58122.5
CTR000120,2024-06-01,ACTIVE,CURRENT,56185.08
CTR000120,2024-07-01,ACTIVE,CURRENT,54247.67
CTR000120,2024-08-01,ACTIVE,CURRENT,52310.25
CTR000120,2024-09-01,ACTIVE,CURRENT,50372.83
CTR000120,2024-10-01,ACTIVE,CURRENT,48435.42
CTR000120,2024-11-01,ACTIVE,CURRENT,46498.0
CTR000120,2024-12-01,DELINQUENT,1-30,44560.58
CTR000120,2025-01-01,ACTIVE,CURRENT,42623.17
CTR000120,2025-02-01,ACTIVE,CURRENT,40685.75
CTR000120,2025-03-01,ACTIVE,CURRENT,38748.33
CTR000120,2025-04-01,ACTIVE,CURRENT,36810.92
CTR000120,2025-05-01,ACTIVE,CURRENT,34873.5
CTR000120,2025-06-01,ACTIVE,CURRENT,32936.08
CTR000120,2025-07-01,ACTIVE,CURRENT,30998.67
CTR000120,2025-08-01,ACTIVE,CURRENT,29061.25
CTR000120,2025-09-01,ACTIVE,CURRENT,27123.83
CTR000120,2025-10-01,ACTIVE,CURRENT,25186.42
CTR000121,2023-09-10,ACTIVE,CURRENT,57956.0
CTR000121,2023-10-01,ACTIVE,CURRENT,57151.06
CTR000121,2023-11-01,ACTIVE,CURRENT,56346.11
CTR000121,2023-12-01,ACTIVE,CURRENT,55541.17
CTR000121,2024-01-01,ACTIVE,CURRENT,54736.22
CTR000121,2024-02-01,ACTIVE,CURRENT,53931.28
CTR000121,2024-03-01,ACTIVE,CURRENT,53126.33
CTR000121,2024-04-01,ACTIVE,CURRENT,52321.39
CTR000121,2024-05-01,ACTIVE,CURRENT,51516.44
CTR000121,2024-06-01,ACTIVE,CURRENT,50711.5
CTR000121,2024-07-01,DELINQUENT,31-60,49906.56
CTR000121,2024-08-01,ACTIVE,CURRENT,49101.61
CTR000121,2024-09-01,ACTIVE,CURRENT,48296.67
CTR000121,2024-10-01,ACTIVE,CURRENT,47491.72
CTR000121,2024-11-01,ACTIVE,CURRENT,46686.78
CTR000121,2024-12-01,ACTIVE,CURRENT,45881.83
CTR000121,2025-01-01,ACTIVE,CURRENT,45076.89
CTR000121,2025-02-01,ACTIVE,CURRENT,44271.94
CTR000121,2025-03-01,ACTIVE,CURRENT,43467.0
CTR000121,2025-04-01,DELINQUENT,1-30,42662.06
CTR000121,2025-05-01,ACTIVE,CURRENT,41857.11
CTR000121,2025-06-01,ACTIVE,CURRENT,41052.17
CTR000121,2025-07-01,ACTIVE,CURRENT,40247.22
CTR000121,2025-08-01,DELINQUENT,61-90,39442.28
CTR000122,2026-02-06,ACTIVE,CURRENT,29884.0
CTR000122,2026-03-01,ACTIVE,CURRENT,29468.94
CTR000122,2026-04-01,ACTIVE,CURRENT,29053.89
CTR000122,2026-05-01,ACTIVE,CURRENT,28638.83
CTR000123,2023-02-10,ACTIVE,CURRENT,63797.0
CTR000123,2023-03-01,ACTIVE,CURRENT,62467.9
CTR000123,2023-04-01,ACTIVE,CURRENT,61138.79
CTR000123,2023-05-01,ACTIVE,CURRENT,59809.69
CTR000123,2023-06-01,ACTIVE,CURRENT,58480.58
CTR000123,2023-07-01,ACTIVE,CURRENT,57151.48
CTR000123,2023-08-01,ACTIVE,CURRENT,55822.38
CTR000123,2023-09-01,ACTIVE,CURRENT,54493.27
CTR000123,2023-10-01,ACTIVE,CURRENT,53164.17
CTR000123,2023-11-01,ACTIVE,CURRENT,51835.06
CTR000123,2023-12-01,ACTIVE,CURRENT,50505.96
CTR000123,2024-01-01,ACTIVE,CURRENT,49176.85
CTR000123,2024-02-01,ACTIVE,CURRENT,47847.75
CTR000123,2024-03-01,ACTIVE,CURRENT,46518.65
CTR000123,2024-04-01,ACTIVE,CURRENT,45189.54
CTR000123,2024-05-01,ACTIVE,CURRENT,43860.44
CTR000123,2024-06-01,ACTIVE,CURRENT,42531.33
CTR000123,2024-07-01,ACTIVE,CURRENT,41202.23
CTR000123,2024-08-01,DELINQUENT,61-90,39873.13
CTR000123,2024-09-01,ACTIVE,CURRENT,38544.02
CTR000123,2024-10-01,ACTIVE,CURRENT,37214.92
CTR000123,2024-11-01,ACTIVE,CURRENT,35885.81
CTR000123,2024-12-01,ACTIVE,CURRENT,34556.71
CTR000123,2025-01-01,ACTIVE,CURRENT,33227.6
CTR000124,2023-11-02,ACTIVE,CURRENT,68899.0
CTR000124,2023-12-01,ACTIVE,CURRENT,67463.6
CTR000124,2024-01-01,ACTIVE,CURRENT,66028.21
CTR000124,2024-02-01,ACTIVE,CURRENT,64592.81
CTR000124,2024-03-01,ACTIVE,CURRENT,63157.42
CTR000124,2024-04-01,ACTIVE,CURRENT,61722.02
CTR000124,2024-05-01,DELINQUENT,61-90,60286.62
CTR000124,2024-06-01,ACTIVE,CURRENT,58851.23
CTR000124,2024-07-01,ACTIVE,CURRENT,57415.83
CTR000124,2024-08-01,ACTIVE,CURRENT,55980.44
CTR000124,2024-09-01,ACTIVE,CURRENT,54545.04
CTR000124,2024-10-01,ACTIVE,CURRENT,53109.65
CTR000124,2024-11-01,ACTIVE,CURRENT,51674.25
CTR000124,2024-12-01,ACTIVE,CURRENT,50238.85
CTR000124,2025-01-01,ACTIVE,CURRENT,48803.46
CTR000124,2025-02-01,ACTIVE,CURRENT,47368.06
CTR000124,2025-03-01,ACTIVE,CURRENT,45932.67
CTR000124,2025-04-01,ACTIVE,CURRENT,44497.27
CTR000124,2025-05-01,ACTIVE,CURRENT,43061.87
CTR000124,2025-06-01,ACTIVE,CURRENT,41626.48
CTR000124,2025-07-01,ACTIVE,CURRENT,40191.08
CTR000124,2025-08-01,ACTIVE,CURRENT,38755.69
CTR000124,2025-09-01,ACTIVE,CURRENT,37320.29
CTR000124,2025-10-01,ACTIVE,CURRENT,35884.9
CTR000125,2024-03-05,ACTIVE,CURRENT,59055.0
CTR000125,2024-04-01,ACTIVE,CURRENT,58070.75
CTR000125,2024-05-01,ACTIVE,CURRENT,57086.5
CTR000125,2024-06-01,ACTIVE,CURRENT,56102.25
CTR000125,2024-07-01,ACTIVE,CURRENT,55118.0
CTR000125,2024-08-01,ACTIVE,CURRENT,54133.75
CTR000125,2024-09-01,ACTIVE,CURRENT,53149.5
CTR000125,2024-10-01,ACTIVE,CURRENT,52165.25
CTR000125,2024-11-01,ACTIVE,CURRENT,51181.0
CTR000125,2024-12-01,ACTIVE,CURRENT,50196.75
CTR000125,2025-01-01,ACTIVE,CURRENT,49212.5
CTR000125,2025-02-01,ACTIVE,CURRENT,48228.25
CTR000125,2025-03-01,ACTIVE,CURRENT,47244.0
CTR000125,2025-04-01,ACTIVE,CURRENT,46259.75
CTR000125,2025-05-01,ACTIVE,CURRENT,45275.5
CTR000125,2025-06-01,ACTIVE,CURRENT,44291.25
CTR000125,2025-07-01,ACTIVE,CURRENT,43307.0
CTR000125,2025-08-01,ACTIVE,CURRENT,42322.75
CTR000125,2025-09-01,ACTIVE,CURRENT,41338.5
CTR000125,2025-10-01,ACTIVE,CURRENT,40354.25
CTR000125,2025-11-01,ACTIVE,CURRENT,39370.0
CTR000125,2025-12-01,ACTIVE,CURRENT,38385.75
CTR000125,2026-01-01,ACTIVE,CURRENT,37401.5
CTR000125,2026-02-01,ACTIVE,CURRENT,36417.25
CTR000126,2025-05-23,ACTIVE,CURRENT,21893.0
CTR000126,2025-06-01,ACTIVE,CURRENT,21436.9
CTR000126,2025-07-01,ACTIVE,CURRENT,20980.79
CTR000126,2025-08-01,ACTIVE,CURRENT,20524.69
CTR000126,2025-09-01,ACTIVE,CURRENT,20068.58
CTR000126,2025-10-01,DELINQUENT,31-60,19612.48
CTR000126,2025-11-01,ACTIVE,CURRENT,19156.37
CTR000126,2025-12-01,ACTIVE,CURRENT,18700.27
CTR000126,2026-01-01,ACTIVE,CURRENT,18244.17
CTR000126,2026-02-01,ACTIVE,CURRENT,17788.06
CTR000126,2026-03-01,ACTIVE,CURRENT,17331.96
CTR000126,2026-04-01,ACTIVE,CURRENT,16875.85
CTR000126,2026-05-01,ACTIVE,CURRENT,16419.75
CTR000127,2024-04-16,DELINQUENT,1-30,58622.0
CTR000127,2024-05-01,ACTIVE,CURRENT,57400.71
CTR000127,2024-06-01,DELINQUENT,1-30,56179.42
CTR000127,2024-07-01,ACTIVE,CURRENT,54958.13
CTR000127,2024-08-01,ACTIVE,CURRENT,53736.83
CTR000127,2024-09-01,ACTIVE,CURRENT,52515.54
CTR000127,2024-10-01,ACTIVE,CURRENT,51294.25
CTR000127,2024-11-01,ACTIVE,CURRENT,50072.96
CTR000127,2024-12-01,ACTIVE,CURRENT,48851.67
CTR000127,2025-01-01,ACTIVE,CURRENT,47630.38
CTR000127,2025-02-01,ACTIVE,CURRENT,46409.08
CTR000127,2025-03-01,ACTIVE,CURRENT,45187.79
CTR000127,2025-04-01,ACTIVE,CURRENT,43966.5
CTR000127,2025-05-01,ACTIVE,CURRENT,42745.21
CTR000127,2025-06-01,ACTIVE,CURRENT,41523.92
CTR000127,2025-07-01,ACTIVE,CURRENT,40302.63
CTR000127,2025-08-01,ACTIVE,CURRENT,39081.33
CTR000127,2025-09-01,ACTIVE,CURRENT,37860.04
CTR000127,2025-10-01,ACTIVE,CURRENT,36638.75
CTR000127,2025-11-01,ACTIVE,CURRENT,35417.46
CTR000127,2025-12-01,ACTIVE,CURRENT,34196.17
CTR000127,2026-01-01,ACTIVE,CURRENT,32974.88
CTR000127,2026-02-01,ACTIVE,CURRENT,31753.58
CTR000127,2026-03-01,ACTIVE,CURRENT,30532.29
CTR000128,2025-08-14,ACTIVE,CURRENT,49259.0
CTR000128,2025-09-01,ACTIVE,CURRENT,47890.69
CTR000128,2025-10-01,ACTIVE,CURRENT,46522.39
CTR000128,2025-11-01,ACTIVE,CURRENT,45154.08
CTR000128,2025-12-01,ACTIVE,CURRENT,43785.78
CTR000128,2026-01-01,ACTIVE,CURRENT,42417.47
CTR000128,2026-02-01,ACTIVE,CURRENT,41049.17
CTR000128,2026-03-01,ACTIVE,CURRENT,39680.86
CTR000128,2026-04-01,ACTIVE,CURRENT,38312.56
CTR000128,2026-05-01,ACTIVE,CURRENT,36944.25
CTR000129,2024-04-19,ACTIVE,CURRENT,35043.0
CTR000129,2024-05-01,ACTIVE,CURRENT,34458.95
CTR000129,2024-06-01,ACTIVE,CURRENT,33874.9
CTR000129,2024-07-01,ACTIVE,CURRENT,33290.85
CTR000129,2024-08-01,ACTIVE,CURRENT,32706.8
CTR000129,2024-09-01,ACTIVE,CURRENT,32122.75
CTR000129,2024-10-01,ACTIVE,CURRENT,31538.7
CTR000129,2024-11-01,ACTIVE,CURRENT,30954.65
CTR000129,2024-12-01,ACTIVE,CURRENT,30370.6
CTR000129,2025-01-01,ACTIVE,CURRENT,29786.55
CTR000129,2025-02-01,ACTIVE,CURRENT,29202.5
CTR000129,2025-03-01,ACTIVE,CURRENT,28618.45
CTR000129,2025-04-01,ACTIVE,CURRENT,28034.4
CTR000129,2025-05-01,ACTIVE,CURRENT,27450.35
CTR000129,2025-06-01,ACTIVE,CURRENT,26866.3
CTR000129,2025-07-01,DELINQUENT,1-30,26282.25
CTR000129,2025-08-01,ACTIVE,CURRENT,25698.2
CTR000129,2025-09-01,ACTIVE,CURRENT,25114.15
CTR000129,2025-10-01,DELINQUENT,1-30,24530.1
CTR000129,2025-11-01,ACTIVE,CURRENT,23946.05
CTR000129,2025-12-01,DELINQUENT,31-60,23362.0
CTR000129,2026-01-01,ACTIVE,CURRENT,22777.95
CTR000129,2026-02-01,DELINQUENT,61-90,22193.9
CTR000129,2026-03-01,ACTIVE,CURRENT,21609.85
CTR000130,2024-11-07,ACTIVE,CURRENT,27438.0
CTR000130,2024-12-01,DELINQUENT,1-30,26675.83
CTR000130,2025-01-01,ACTIVE,CURRENT,25913.67
CTR000130,2025-02-01,ACTIVE,CURRENT,25151.5
CTR000130,2025-03-01,ACTIVE,CURRENT,24389.33
CTR000130,2025-04-01,ACTIVE,CURRENT,23627.17
CTR000130,2025-05-01,ACTIVE,CURRENT,22865.0
CTR000130,2025-06-01,ACTIVE,CURRENT,22102.83
CTR000130,2025-07-01,DELINQUENT,1-30,21340.67
CTR000130,2025-08-01,ACTIVE,CURRENT,20578.5
CTR000130,2025-09-01,DELINQUENT,31-60,19816.33
CTR000130,2025-10-01,ACTIVE,CURRENT,19054.17
CTR000130,2025-11-01,ACTIVE,CURRENT,18292.0
CTR000130,2025-12-01,ACTIVE,CURRENT,17529.83
CTR000130,2026-01-01,ACTIVE,CURRENT,16767.67
CTR000130,2026-02-01,ACTIVE,CURRENT,16005.5
CTR000130,2026-03-01,ACTIVE,CURRENT,15243.33
CTR000130,2026-04-01,ACTIVE,CURRENT,14481.17
CTR000130,2026-05-01,ACTIVE,CURRENT,13719.0
CTR000131,2025-03-06,ACTIVE,CURRENT,63253.0
CTR000131,2025-04-01,ACTIVE,CURRENT,61495.97
CTR000131,2025-05-01,ACTIVE,CURRENT,59738.94
CTR000131,2025-06-01,ACTIVE,CURRENT,57981.92
CTR000131,2025-07-01,ACTIVE,CURRENT,56224.89
CTR000131,2025-08-01,ACTIVE,CURRENT,54467.86
CTR000131,2025-09-01,ACTIVE,CURRENT,52710.83
CTR000131,2025-10-01,ACTIVE,CURRENT,50953.81
CTR000131,2025-11-01,ACTIVE,CURRENT,49196.78
CTR000131,2025-12-01,ACTIVE,CURRENT,47439.75
CTR000131,2026-01-01,ACTIVE,CURRENT,45682.72
CTR000131,2026-02-01,DELINQUENT,1-30,43925.69
CTR000131,2026-03-01,ACTIVE,CURRENT,42168.67
CTR000131,2026-04-01,ACTIVE,CURRENT,40411.64
CTR000131,2026-05-01,ACTIVE,CURRENT,38654.61
CTR000132,2025-06-24,ACTIVE,CURRENT,29153.0
CTR000132,2025-07-01,ACTIVE,CURRENT,28545.65
CTR000132,2025-08-01,ACTIVE,CURRENT,27938.29
CTR000132,2025-09-01,ACTIVE,CURRENT,27330.94
CTR000132,2025-10-01,ACTIVE,CURRENT,26723.58
CTR000132,2025-11-01,ACTIVE,CURRENT,26116.23
CTR000132,2025-12-01,ACTIVE,CURRENT,25508.87
CTR000132,2026-01-01,ACTIVE,CURRENT,24901.52
CTR000132,2026-02-01,ACTIVE,CURRENT,24294.17
CTR000132,2026-03-01,ACTIVE,CURRENT,23686.81
CTR000132,2026-04-01,ACTIVE,CURRENT,23079.46
CTR000132,2026-05-01,ACTIVE,CURRENT,22472.1
CTR000133,2025-02-06,ACTIVE,CURRENT,30381.0
CTR000133,2025-03-01,ACTIVE,CURRENT,29874.65
CTR000133,2025-04-01,ACTIVE,CURRENT,29368.3
CTR000133,2025-05-01,ACTIVE,CURRENT,28861.95
CTR000133,2025-06-01,ACTIVE,CURRENT,28355.6
CTR000133,2025-07-01,ACTIVE,CURRENT,27849.25
CTR000133,2025-08-01,ACTIVE,CURRENT,27342.9
CTR000133,2025-09-01,ACTIVE,CURRENT,26836.55
CTR000133,2025-10-01,ACTIVE,CURRENT,26330.2
CTR000133,2025-11-01,ACTIVE,CURRENT,25823.85
CTR000133,2025-12-01,ACTIVE,CURRENT,25317.5
CTR000133,2026-01-01,ACTIVE,CURRENT,24811.15
CTR000133,2026-02-01,ACTIVE,CURRENT,24304.8
CTR000133,2026-03-01,ACTIVE,CURRENT,23798.45
CTR000133,2026-04-01,ACTIVE,CURRENT,23292.1
CTR000133,2026-05-01,ACTIVE,CURRENT,22785.75
CTR000134,2024-04-12,ACTIVE,CURRENT,52634.0
CTR000134,2024-05-01,ACTIVE,CURRENT,51171.94
CTR000134,2024-06-01,DELINQUENT,1-30,49709.89
CTR000134,2024-07-01,ACTIVE,CURRENT,48247.83
CTR000134,2024-08-01,ACTIVE,CURRENT,46785.78
CTR000134,2024-09-01,ACTIVE,CURRENT,45323.72
CTR000134,2024-10-01,ACTIVE,CURRENT,43861.67
CTR000134,2024-11-01,ACTIVE,CURRENT,42399.61
CTR000134,2024-12-01,ACTIVE,CURRENT,40937.56
CTR000134,2025-01-01,ACTIVE,CURRENT,39475.5
CTR000134,2025-02-01,DELINQUENT,61-90,38013.44
CTR000134,2025-03-01,ACTIVE,CURRENT,36551.39
CTR000134,2025-04-01,ACTIVE,CURRENT,35089.33
CTR000134,2025-05-01,DELINQUENT,1-30,33627.28
CTR000134,2025-06-01,DELINQUENT,61-90,32165.22
CTR000134,2025-07-01,ACTIVE,CURRENT,30703.17
CTR000134,2025-08-01,ACTIVE,CURRENT,29241.11
CTR000134,2025-09-01,ACTIVE,CURRENT,27779.06
CTR000134,2025-10-01,ACTIVE,CURRENT,26317.0
CTR000134,2025-11-01,ACTIVE,CURRENT,24854.94
CTR000134,2025-12-01,ACTIVE,CURRENT,23392.89
CTR000134,2026-01-01,ACTIVE,CURRENT,21930.83
CTR000134,2026-02-01,ACTIVE,CURRENT,20468.78
CTR000134,2026-03-01,ACTIVE,CURRENT,19006.72
CTR000135,2026-05-05,ACTIVE,CURRENT,15444.0
CTR000136,2024-11-18,ACTIVE,CURRENT,41447.0
CTR000136,2024-12-01,ACTIVE,CURRENT,40295.69
CTR000136,2025-01-01,ACTIVE,CURRENT,39144.39
CTR000136,2025-02-01,ACTIVE,CURRENT,37993.08
CTR000136,2025-03-01,ACTIVE,CURRENT,36841.78
CTR000136,2025-04-01,ACTIVE,CURRENT,35690.47
CTR000136,2025-05-01,ACTIVE,CURRENT,34539.17
CTR000136,2025-06-01,ACTIVE,CURRENT,33387.86
CTR000136,2025-07-01,ACTIVE,CURRENT,32236.56
CTR000136,2025-08-01,DELINQUENT,61-90,31085.25
CTR000136,2025-09-01,ACTIVE,CURRENT,29933.94
CTR000136,2025-10-01,ACTIVE,CURRENT,28782.64
CTR000136,2025-11-01,ACTIVE,CURRENT,27631.33
CTR000136,2025-12-01,ACTIVE,CURRENT,26480.03
CTR000136,2026-01-01,ACTIVE,CURRENT,25328.72
CTR000136,2026-02-01,ACTIVE,CURRENT,24177.42
CTR000136,2026-03-01,ACTIVE,CURRENT,23026.11
CTR000136,2026-04-01,ACTIVE,CURRENT,21874.81
CTR000136,2026-05-01,ACTIVE,CURRENT,20723.5
CTR000137,2024-01-18,ACTIVE,CURRENT,28146.0
CTR000137,2024-02-01,ACTIVE,CURRENT,27676.9
CTR000137,2024-03-01,ACTIVE,CURRENT,27207.8
CTR000137,2024-04-01,ACTIVE,CURRENT,26738.7
CTR000137,2024-05-01,ACTIVE,CURRENT,26269.6
CTR000137,2024-06-01,ACTIVE,CURRENT,25800.5
CTR000137,2024-07-01,ACTIVE,CURRENT,25331.4
CTR000137,2024-08-01,ACTIVE,CURRENT,24862.3
CTR000137,2024-09-01,ACTIVE,CURRENT,24393.2
CTR000137,2024-10-01,ACTIVE,CURRENT,23924.1
CTR000137,2024-11-01,ACTIVE,CURRENT,23455.0
CTR000137,2024-12-01,ACTIVE,CURRENT,22985.9
CTR000137,2025-01-01,ACTIVE,CURRENT,22516.8
CTR000137,2025-02-01,DELINQUENT,31-60,22047.7
CTR000137,2025-03-01,ACTIVE,CURRENT,21578.6
CTR000137,2025-04-01,ACTIVE,CURRENT,21109.5
CTR000137,2025-05-01,ACTIVE,CURRENT,20640.4
CTR000137,2025-06-01,ACTIVE,CURRENT,20171.3
CTR000137,2025-07-01,DELINQUENT,1-30,19702.2
CTR000137,2025-08-01,DELINQUENT,1-30,19233.1
CTR000137,2025-09-01,ACTIVE,CURRENT,18764.0
CTR000137,2025-10-01,ACTIVE,CURRENT,18294.9
CTR000137,2025-11-01,ACTIVE,CURRENT,17825.8
CTR000137,2025-12-01,ACTIVE,CURRENT,17356.7
CTR000138,2023-01-13,ACTIVE,CURRENT,35071.0
CTR000138,2023-02-01,ACTIVE,CURRENT,34583.9
CTR000138,2023-03-01,DELINQUENT,31-60,34096.81
CTR000138,2023-04-01,ACTIVE,CURRENT,33609.71
CTR000138,2023-05-01,ACTIVE,CURRENT,33122.61
CTR000138,2023-06-01,ACTIVE,CURRENT,32635.51
CTR000138,2023-07-01,ACTIVE,CURRENT,32148.42
CTR000138,2023-08-01,ACTIVE,CURRENT,31661.32
CTR000138,2023-09-01,DELINQUENT,31-60,31174.22
CTR000138,2023-10-01,ACTIVE,CURRENT,30687.13
CTR000138,2023-11-01,ACTIVE,CURRENT,30200.03
CTR000138,2023-12-01,ACTIVE,CURRENT,29712.93
CTR000138,2024-01-01,ACTIVE,CURRENT,29225.83
CTR000138,2024-02-01,ACTIVE,CURRENT,28738.74
CTR000138,2024-03-01,ACTIVE,CURRENT,28251.64
CTR000138,2024-04-01,ACTIVE,CURRENT,27764.54
CTR000138,2024-05-01,ACTIVE,CURRENT,27277.44
CTR000138,2024-06-01,ACTIVE,CURRENT,26790.35
CTR000138,2024-07-01,ACTIVE,CURRENT,26303.25
CTR000138,2024-08-01,ACTIVE,CURRENT,25816.15
CTR000138,2024-09-01,ACTIVE,CURRENT,25329.06
CTR000138,2024-10-01,ACTIVE,CURRENT,24841.96
CTR000138,2024-11-01,ACTIVE,CURRENT,24354.86
CTR000138,2024-12-01,ACTIVE,CURRENT,23867.76
CTR000139,2025-11-09,ACTIVE,CURRENT,68673.0
CTR000139,2025-12-01,ACTIVE,CURRENT,67242.31
CTR000139,2026-01-01,ACTIVE,CURRENT,65811.62
CTR000139,2026-02-01,ACTIVE,CURRENT,64380.94
CTR000139,2026-03-01,ACTIVE,CURRENT,62950.25
CTR000139,2026-04-01,ACTIVE,CURRENT,61519.56
CTR000139,2026-05-01,ACTIVE,CURRENT,60088.88
CTR000140,2026-05-12,DELINQUENT,31-60,49068.0
CTR000141,2025-10-15,ACTIVE,CURRENT,21836.0
CTR000141,2025-11-01,ACTIVE,CURRENT,21472.07
CTR000141,2025-12-01,ACTIVE,CURRENT,21108.13
CTR000141,2026-01-01,ACTIVE,CURRENT,20744.2
CTR000141,2026-02-01,ACTIVE,CURRENT,20380.27
CTR000141,2026-03-01,ACTIVE,CURRENT,20016.33
CTR000141,2026-04-01,ACTIVE,CURRENT,19652.4
CTR000141,2026-05-01,ACTIVE,CURRENT,19288.47
CTR000142,2023-06-10,DELINQUENT,1-30,47458.0
CTR000142,2023-07-01,ACTIVE,CURRENT,46798.86
CTR000142,2023-08-01,ACTIVE,CURRENT,46139.72
CTR000142,2023-09-01,ACTIVE,CURRENT,45480.58
CTR000142,2023-10-01,ACTIVE,CURRENT,44821.44
CTR000142,2023-11-01,ACTIVE,CURRENT,44162.31
CTR000142,2023-12-01,DELINQUENT,1-30,43503.17
CTR000142,2024-01-01,ACTIVE,CURRENT,42844.03
CTR000142,2024-02-01,ACTIVE,CURRENT,42184.89
CTR000142,2024-03-01,ACTIVE,CURRENT,41525.75
CTR000142,2024-04-01,ACTIVE,CURRENT,40866.61
CTR000142,2024-05-01,ACTIVE,CURRENT,40207.47
CTR000142,2024-06-01,ACTIVE,CURRENT,39548.33
CTR000142,2024-07-01,DELINQUENT,61-90,38889.19
CTR000142,2024-08-01,ACTIVE,CURRENT,38230.06
CTR000142,2024-09-01,ACTIVE,CURRENT,37570.92
CTR000142,2024-10-01,ACTIVE,CURRENT,36911.78
CTR000142,2024-11-01,ACTIVE,CURRENT,36252.64
CTR000142,2024-12-01,ACTIVE,CURRENT,35593.5
CTR000142,2025-01-01,ACTIVE,CURRENT,34934.36
CTR000142,2025-02-01,ACTIVE,CURRENT,34275.22
CTR000142,2025-03-01,ACTIVE,CURRENT,33616.08
CTR000142,2025-04-01,ACTIVE,CURRENT,32956.94
CTR000142,2025-05-01,ACTIVE,CURRENT,32297.81
CTR000143,2023-04-15,ACTIVE,CURRENT,54239.0
CTR000143,2023-05-01,DELINQUENT,1-30,53335.02
CTR000143,2023-06-01,ACTIVE,CURRENT,52431.03
CTR000143,2023-07-01,ACTIVE,CURRENT,51527.05
CTR000143,2023-08-01,ACTIVE,CURRENT,50623.07
CTR000143,2023-09-01,ACTIVE,CURRENT,49719.08
CTR000143,2023-10-01,ACTIVE,CURRENT,48815.1
CTR000143,2023-11-01,ACTIVE,CURRENT,47911.12
CTR000143,2023-12-01,ACTIVE,CURRENT,47007.13
CTR000143,2024-01-01,ACTIVE,CURRENT,46103.15
CTR000143,2024-02-01,ACTIVE,CURRENT,45199.17
CTR000143,2024-03-01,ACTIVE,CURRENT,44295.18
CTR000143,2024-04-01,ACTIVE,CURRENT,43391.2
CTR000143,2024-05-01,ACTIVE,CURRENT,42487.22
CTR000143,2024-06-01,ACTIVE,CURRENT,41583.23
CTR000143,2024-07-01,ACTIVE,CURRENT,40679.25
CTR000143,2024-08-01,ACTIVE,CURRENT,39775.27
CTR000143,2024-09-01,ACTIVE,CURRENT,38871.28
CTR000143,2024-10-01,ACTIVE,CURRENT,37967.3
CTR000143,2024-11-01,ACTIVE,CURRENT,37063.32
CTR000143,2024-12-01,ACTIVE,CURRENT,36159.33
CTR000143,2025-01-01,ACTIVE,CURRENT,35255.35
CTR000143,2025-02-01,ACTIVE,CURRENT,34351.37
CTR000143,2025-03-01,ACTIVE,CURRENT,33447.38
CTR000145,2024-08-23,ACTIVE,CURRENT,33658.0
CTR000145,2024-09-01,ACTIVE,CURRENT,32723.06
CTR000145,2024-10-01,ACTIVE,CURRENT,31788.11
CTR000145,2024-11-01,ACTIVE,CURRENT,30853.17
CTR000145,2024-12-01,ACTIVE,CURRENT,29918.22
CTR000145,2025-01-01,ACTIVE,CURRENT,28983.28
CTR000145,2025-02-01,ACTIVE,CURRENT,28048.33
CTR000145,2025-03-01,ACTIVE,CURRENT,27113.39
CTR000145,2025-04-01,ACTIVE,CURRENT,26178.44
CTR000145,2025-05-01,ACTIVE,CURRENT,25243.5
CTR000145,2025-06-01,ACTIVE,CURRENT,24308.56
CTR000145,2025-07-01,ACTIVE,CURRENT,23373.61
CTR000145,2025-08-01,ACTIVE,CURRENT,22438.67
CTR000145,2025-09-01,ACTIVE,CURRENT,21503.72
CTR000145,2025-10-01,ACTIVE,CURRENT,20568.78
CTR000145,2025-11-01,ACTIVE,CURRENT,19633.83
CTR000145,2025-12-01,ACTIVE,CURRENT,18698.89
CTR000145,2026-01-01,ACTIVE,CURRENT,17763.94
CTR000145,2026-02-01,ACTIVE,CURRENT,16829.0
CTR000145,2026-03-01,ACTIVE,CURRENT,15894.06
CTR000145,2026-04-01,ACTIVE,CURRENT,14959.11
CTR000145,2026-05-01,ACTIVE,CURRENT,14024.17
CTR000146,2023-11-15,ACTIVE,CURRENT,31436.0
CTR000146,2023-12-01,ACTIVE,CURRENT,30562.78
CTR000146,2024-01-01,ACTIVE,CURRENT,29689.56
CTR000146,2024-02-01,ACTIVE,CURRENT,28816.33
CTR000146,2024-03-01,DELINQUENT,31-60,27943.11
CTR000146,2024-04-01,ACTIVE,CURRENT,27069.89
CTR000146,2024-05-01,ACTIVE,CURRENT,26196.67
CTR000146,2024-06-01,ACTIVE,CURRENT,25323.44
CTR000146,2024-07-01,ACTIVE,CURRENT,24450.22
CTR000146,2024-08-01,ACTIVE,CURRENT,23577.0
CTR000146,2024-09-01,ACTIVE,CURRENT,22703.78
CTR000146,2024-10-01,ACTIVE,CURRENT,21830.56
CTR000146,2024-11-01,ACTIVE,CURRENT,20957.33
CTR000146,2024-12-01,ACTIVE,CURRENT,20084.11
CTR000146,2025-01-01,ACTIVE,CURRENT,19210.89
CTR000146,2025-02-01,ACTIVE,CURRENT,18337.67
CTR000146,2025-03-01,ACTIVE,CURRENT,17464.44
CTR000146,2025-04-01,ACTIVE,CURRENT,16591.22
CTR000146,2025-05-01,ACTIVE,CURRENT,15718.0
CTR000146,2025-06-01,ACTIVE,CURRENT,14844.78
CTR000146,2025-07-01,ACTIVE,CURRENT,13971.56
CTR000146,2025-08-01,ACTIVE,CURRENT,13098.33
CTR000146,2025-09-01,ACTIVE,CURRENT,12225.11
CTR000146,2025-10-01,ACTIVE,CURRENT,11351.89
CTR000147,2023-08-05,ACTIVE,CURRENT,15386.0
CTR000147,2023-09-01,ACTIVE,CURRENT,15172.31
CTR000147,2023-10-01,ACTIVE,CURRENT,14958.61
CTR000147,2023-11-01,ACTIVE,CURRENT,14744.92
CTR000147,2023-12-01,ACTIVE,CURRENT,14531.22
CTR000147,2024-01-01,ACTIVE,CURRENT,14317.53
CTR000147,2024-02-01,ACTIVE,CURRENT,14103.83
CTR000147,2024-03-01,ACTIVE,CURRENT,13890.14
CTR000147,2024-04-01,ACTIVE,CURRENT,13676.44
CTR000147,2024-05-01,ACTIVE,CURRENT,13462.75
CTR000147,2024-06-01,ACTIVE,CURRENT,13249.06
CTR000147,2024-07-01,ACTIVE,CURRENT,13035.36
CTR000147,2024-08-01,ACTIVE,CURRENT,12821.67
CTR000147,2024-09-01,ACTIVE,CURRENT,12607.97
CTR000147,2024-10-01,ACTIVE,CURRENT,12394.28
CTR000147,2024-11-01,ACTIVE,CURRENT,12180.58
CTR000147,2024-12-01,DELINQUENT,1-30,11966.89
CTR000147,2025-01-01,ACTIVE,CURRENT,11753.19
CTR000147,2025-02-01,ACTIVE,CURRENT,11539.5
CTR000147,2025-03-01,ACTIVE,CURRENT,11325.81
CTR000147,2025-04-01,ACTIVE,CURRENT,11112.11
CTR000147,2025-05-01,ACTIVE,CURRENT,10898.42
CTR000147,2025-06-01,ACTIVE,CURRENT,10684.72
CTR000147,2025-07-01,ACTIVE,CURRENT,10471.03
CTR000148,2025-10-09,ACTIVE,CURRENT,37619.0
CTR000148,2025-11-01,ACTIVE,CURRENT,36574.03
CTR000148,2025-12-01,ACTIVE,CURRENT,35529.06
CTR000148,2026-01-01,ACTIVE,CURRENT,34484.08
CTR000148,2026-02-01,ACTIVE,CURRENT,33439.11
CTR000148,2026-03-01,ACTIVE,CURRENT,32394.14
CTR000148,2026-04-01,ACTIVE,CURRENT,31349.17
CTR000148,2026-05-01,ACTIVE,CURRENT,30304.19
CTR000149,2023-11-06,ACTIVE,CURRENT,41894.0
CTR000149,2023-12-01,ACTIVE,CURRENT,41021.21
CTR000149,2024-01-01,ACTIVE,CURRENT,40148.42
CTR000149,2024-02-01,ACTIVE,CURRENT,39275.63
CTR000149,2024-03-01,ACTIVE,CURRENT,38402.83
CTR000149,2024-04-01,ACTIVE,CURRENT,37530.04
CTR000149,2024-05-01,ACTIVE,CURRENT,36657.25
CTR000149,2024-06-01,DELINQUENT,1-30,35784.46
CTR000149,2024-07-01,ACTIVE,CURRENT,34911.67
CTR000149,2024-08-01,ACTIVE,CURRENT,34038.88
CTR000149,2024-09-01,ACTIVE,CURRENT,33166.08
CTR000149,2024-10-01,ACTIVE,CURRENT,32293.29
CTR000149,2024-11-01,ACTIVE,CURRENT,31420.5
CTR000149,2024-12-01,ACTIVE,CURRENT,30547.71
CTR000149,2025-01-01,DELINQUENT,31-60,29674.92
CTR000149,2025-02-01,ACTIVE,CURRENT,28802.13
CTR000149,2025-03-01,ACTIVE,CURRENT,27929.33
CTR000149,2025-04-01,ACTIVE,CURRENT,27056.54
CTR000149,2025-05-01,ACTIVE,CURRENT,26183.75
CTR000149,2025-06-01,ACTIVE,CURRENT,25310.96
CTR000149,2025-07-01,ACTIVE,CURRENT,24438.17
CTR000149,2025-08-01,ACTIVE,CURRENT,23565.38
CTR000149,2025-09-01,ACTIVE,CURRENT,22692.58
CTR000149,2025-10-01,ACTIVE,CURRENT,21819.79
CTR000150,2024-11-30,ACTIVE,CURRENT,41141.0
CTR000150,2024-12-01,ACTIVE,CURRENT,40569.6
CTR000150,2025-01-01,ACTIVE,CURRENT,39998.19
CTR000150,2025-02-01,ACTIVE,CURRENT,39426.79
CTR000150,2025-03-01,ACTIVE,CURRENT,38855.39
CTR000150,2025-04-01,ACTIVE,CURRENT,38283.99
CTR000150,2025-05-01,ACTIVE,CURRENT,37712.58
CTR000150,2025-06-01,ACTIVE,CURRENT,37141.18
CTR000150,2025-07-01,ACTIVE,CURRENT,36569.78
CTR000150,2025-08-01,ACTIVE,CURRENT,35998.37
CTR000150,2025-09-01,ACTIVE,CURRENT,35426.97
CTR000150,2025-10-01,ACTIVE,CURRENT,34855.57
CTR000150,2025-11-01,ACTIVE,CURRENT,34284.17
CTR000150,2025-12-01,ACTIVE,CURRENT,33712.76
CTR000150,2026-01-01,ACTIVE,CURRENT,33141.36
CTR000150,2026-02-01,ACTIVE,CURRENT,32569.96
CTR000150,2026-03-01,DELINQUENT,1-30,31998.56
CTR000150,2026-04-01,ACTIVE,CURRENT,31427.15
CTR000150,2026-05-01,ACTIVE,CURRENT,30855.75
CTR000151,2023-08-23,ACTIVE,CURRENT,44643.0
CTR000151,2023-09-01,ACTIVE,CURRENT,43402.92
CTR000151,2023-10-01,ACTIVE,CURRENT,42162.83
CTR000151,2023-11-01,ACTIVE,CURRENT,40922.75
CTR000151,2023-12-01,ACTIVE,CURRENT,39682.67
CTR000151,2024-01-01,ACTIVE,CURRENT,38442.58
CTR000151,2024-02-01,ACTIVE,CURRENT,37202.5
CTR000151,2024-03-01,ACTIVE,CURRENT,35962.42
CTR000151,2024-04-01,ACTIVE,CURRENT,34722.33
CTR000151,2024-05-01,ACTIVE,CURRENT,33482.25
CTR000151,2024-06-01,ACTIVE,CURRENT,32242.17
CTR000151,2024-07-01,ACTIVE,CURRENT,31002.08
CTR000151,2024-08-01,DELINQUENT,1-30,29762.0
CTR000151,2024-09-01,ACTIVE,CURRENT,28521.92
CTR000151,2024-10-01,ACTIVE,CURRENT,27281.83
CTR000151,2024-11-01,ACTIVE,CURRENT,26041.75
CTR000151,2024-12-01,ACTIVE,CURRENT,24801.67
CTR000151,2025-01-01,ACTIVE,CURRENT,23561.58
CTR000151,2025-02-01,ACTIVE,CURRENT,22321.5
CTR000151,2025-03-01,ACTIVE,CURRENT,21081.42
CTR000151,2025-04-01,ACTIVE,CURRENT,19841.33
CTR000151,2025-05-01,ACTIVE,CURRENT,18601.25
CTR000151,2025-06-01,ACTIVE,CURRENT,17361.17
CTR000151,2025-07-01,ACTIVE,CURRENT,16121.08
CTR000152,2023-02-26,ACTIVE,CURRENT,71508.0
CTR000152,2023-03-01,ACTIVE,CURRENT,70514.83
CTR000152,2023-04-01,ACTIVE,CURRENT,69521.67
CTR000152,2023-05-01,ACTIVE,CURRENT,68528.5
CTR000152,2023-06-01,ACTIVE,CURRENT,67535.33
CTR000152,2023-07-01,ACTIVE,CURRENT,66542.17
CTR000152,2023-08-01,ACTIVE,CURRENT,65549.0
CTR000152,2023-09-01,DELINQUENT,31-60,64555.83
CTR000152,2023-10-01,ACTIVE,CURRENT,63562.67
CTR000152,2023-11-01,ACTIVE,CURRENT,62569.5
CTR000152,2023-12-01,ACTIVE,CURRENT,61576.33
CTR000152,2024-01-01,ACTIVE,CURRENT,60583.17
CTR000152,2024-02-01,ACTIVE,CURRENT,59590.0
CTR000152,2024-03-01,ACTIVE,CURRENT,58596.83
CTR000152,2024-04-01,ACTIVE,CURRENT,57603.67
CTR000152,2024-05-01,ACTIVE,CURRENT,56610.5
CTR000152,2024-06-01,ACTIVE,CURRENT,55617.33
CTR000152,2024-07-01,ACTIVE,CURRENT,54624.17
CTR000152,2024-08-01,ACTIVE,CURRENT,53631.0
CTR000152,2024-09-01,ACTIVE,CURRENT,52637.83
CTR000152,2024-10-01,ACTIVE,CURRENT,51644.67
CTR000152,2024-11-01,ACTIVE,CURRENT,50651.5
CTR000152,2024-12-01,ACTIVE,CURRENT,49658.33
CTR000152,2025-01-01,ACTIVE,CURRENT,48665.17
CTR000153,2024-09-01,ACTIVE,CURRENT,67581.0
CTR000153,2024-10-01,ACTIVE,CURRENT,66642.38
CTR000153,2024-11-01,ACTIVE,CURRENT,65703.75
CTR000153,2024-12-01,ACTIVE,CURRENT,64765.12
CTR000153,2025-01-01,ACTIVE,CURRENT,63826.5
CTR000153,2025-02-01,ACTIVE,CURRENT,62887.88
CTR000153,2025-03-01,ACTIVE,CURRENT,61949.25
CTR000153,2025-04-01,ACTIVE,CURRENT,61010.62
CTR000153,2025-05-01,ACTIVE,CURRENT,60072.0
CTR000153,2025-06-01,ACTIVE,CURRENT,59133.38
CTR000153,2025-07-01,ACTIVE,CURRENT,58194.75
CTR000153,2025-08-01,DELINQUENT,61-90,57256.12
CTR000153,2025-09-01,ACTIVE,CURRENT,56317.5
CTR000153,2025-10-01,ACTIVE,CURRENT,55378.88
CTR000153,2025-11-01,ACTIVE,CURRENT,54440.25
CTR000153,2025-12-01,ACTIVE,CURRENT,53501.62
CTR000153,2026-01-01,ACTIVE,CURRENT,52563.0
CTR000153,2026-02-01,DELINQUENT,1-30,51624.38
CTR000153,2026-03-01,ACTIVE,CURRENT,50685.75
CTR000153,2026-04-01,ACTIVE,CURRENT,49747.12
CTR000153,2026-05-01,ACTIVE,CURRENT,48808.5
CTR000154,2025-02-27,ACTIVE,CURRENT,46252.0
CTR000154,2025-03-01,ACTIVE,CURRENT,45288.42
CTR000154,2025-04-01,ACTIVE,CURRENT,44324.83
CTR000154,2025-05-01,DELINQUENT,61-90,43361.25
CTR000154,2025-06-01,ACTIVE,CURRENT,42397.67
CTR000154,2025-07-01,ACTIVE,CURRENT,41434.08
CTR000154,2025-08-01,DELINQUENT,31-60,40470.5
CTR000154,2025-09-01,DELINQUENT,31-60,39506.92
CTR000154,2025-10-01,ACTIVE,CURRENT,38543.33
CTR000154,2025-11-01,ACTIVE,CURRENT,37579.75
CTR000154,2025-12-01,ACTIVE,CURRENT,36616.17
CTR000154,2026-01-01,ACTIVE,CURRENT,35652.58
CTR000154,2026-02-01,ACTIVE,CURRENT,34689.0
CTR000154,2026-03-01,ACTIVE,CURRENT,33725.42
CTR000154,2026-04-01,ACTIVE,CURRENT,32761.83
CTR000154,2026-05-01,ACTIVE,CURRENT,31798.25
CTR000155,2025-04-29,ACTIVE,CURRENT,23673.0
CTR000155,2025-05-01,ACTIVE,CURRENT,23015.42
CTR000155,2025-06-01,ACTIVE,CURRENT,22357.83
CTR000155,2025-07-01,ACTIVE,CURRENT,21700.25
CTR000155,2025-08-01,ACTIVE,CURRENT,21042.67
CTR000155,2025-09-01,ACTIVE,CURRENT,20385.08
CTR000155,2025-10-01,DELINQUENT,1-30,19727.5
CTR000155,2025-11-01,ACTIVE,CURRENT,19069.92
CTR000155,2025-12-01,ACTIVE,CURRENT,18412.33
CTR000155,2026-01-01,ACTIVE,CURRENT,17754.75
CTR000155,2026-02-01,ACTIVE,CURRENT,17097.17
CTR000155,2026-03-01,ACTIVE,CURRENT,16439.58
CTR000155,2026-04-01,ACTIVE,CURRENT,15782.0
CTR000155,2026-05-01,ACTIVE,CURRENT,15124.42
CTR000156,2023-06-09,ACTIVE,CURRENT,19257.0
CTR000156,2023-07-01,DELINQUENT,31-60,18855.81
CTR000156,2023-08-01,ACTIVE,CURRENT,18454.62
CTR000156,2023-09-01,ACTIVE,CURRENT,18053.44
CTR000156,2023-10-01,ACTIVE,CURRENT,17652.25
CTR000156,2023-11-01,ACTIVE,CURRENT,17251.06
CTR000156,2023-12-01,ACTIVE,CURRENT,16849.88
CTR000156,2024-01-01,ACTIVE,CURRENT,16448.69
CTR000156,2024-02-01,ACTIVE,CURRENT,16047.5
CTR000156,2024-03-01,ACTIVE,CURRENT,15646.31
CTR000156,2024-04-01,ACTIVE,CURRENT,15245.12
CTR000156,2024-05-01,ACTIVE,CURRENT,14843.94
CTR000156,2024-06-01,ACTIVE,CURRENT,14442.75
CTR000156,2024-07-01,ACTIVE,CURRENT,14041.56
CTR000156,2024-08-01,ACTIVE,CURRENT,13640.38
CTR000156,2024-09-01,ACTIVE,CURRENT,13239.19
CTR000156,2024-10-01,ACTIVE,CURRENT,12838.0
CTR000156,2024-11-01,ACTIVE,CURRENT,12436.81
CTR000156,2024-12-01,DELINQUENT,31-60,12035.62
CTR000156,2025-01-01,DELINQUENT,1-30,11634.44
CTR000156,2025-02-01,DELINQUENT,31-60,11233.25
CTR000156,2025-03-01,ACTIVE,CURRENT,10832.06
CTR000156,2025-04-01,ACTIVE,CURRENT,10430.88
CTR000156,2025-05-01,ACTIVE,CURRENT,10029.69
CTR000157,2025-08-21,ACTIVE,CURRENT,59312.0
CTR000157,2025-09-01,ACTIVE,CURRENT,58323.47
CTR000157,2025-10-01,ACTIVE,CURRENT,57334.93
CTR000157,2025-11-01,ACTIVE,CURRENT,56346.4
CTR000157,2025-12-01,ACTIVE,CURRENT,55357.87
CTR000157,2026-01-01,ACTIVE,CURRENT,54369.33
CTR000157,2026-02-01,ACTIVE,CURRENT,53380.8
CTR000157,2026-03-01,ACTIVE,CURRENT,52392.27
CTR000157,2026-04-01,ACTIVE,CURRENT,51403.73
CTR000157,2026-05-01,ACTIVE,CURRENT,50415.2
CTR000158,2024-10-24,DELINQUENT,31-60,29923.0
CTR000158,2024-11-01,ACTIVE,CURRENT,29091.81
CTR000158,2024-12-01,ACTIVE,CURRENT,28260.61
CTR000158,2025-01-01,ACTIVE,CURRENT,27429.42
CTR000158,2025-02-01,ACTIVE,CURRENT,26598.22
CTR000158,2025-03-01,ACTIVE,CURRENT,25767.03
CTR000158,2025-04-01,ACTIVE,CURRENT,24935.83
CTR000158,2025-05-01,ACTIVE,CURRENT,24104.64
CTR000158,2025-06-01,DELINQUENT,61-90,23273.44
CTR000158,2025-07-01,ACTIVE,CURRENT,22442.25
CTR000158,2025-08-01,ACTIVE,CURRENT,21611.06
CTR000158,2025-09-01,ACTIVE,CURRENT,20779.86
CTR000158,2025-10-01,ACTIVE,CURRENT,19948.67
CTR000158,2025-11-01,ACTIVE,CURRENT,19117.47
CTR000158,2025-12-01,ACTIVE,CURRENT,18286.28
CTR000158,2026-01-01,ACTIVE,CURRENT,17455.08
CTR000158,2026-02-01,ACTIVE,CURRENT,16623.89
CTR000158,2026-03-01,ACTIVE,CURRENT,15792.69
CTR000158,2026-04-01,ACTIVE,CURRENT,14961.5
CTR000158,2026-05-01,ACTIVE,CURRENT,14130.31
CTR000159,2023-05-19,ACTIVE,CURRENT,37559.0
CTR000159,2023-06-01,ACTIVE,CURRENT,36515.69
CTR000159,2023-07-01,ACTIVE,CURRENT,35472.39
CTR000159,2023-08-01,DELINQUENT,1-30,34429.08
CTR000159,2023-09-01,DELINQUENT,1-30,33385.78
CTR000159,2023-10-01,ACTIVE,CURRENT,32342.47
CTR000159,2023-11-01,ACTIVE,CURRENT,31299.17
CTR000159,2023-12-01,ACTIVE,CURRENT,30255.86
CTR000159,2024-01-01,ACTIVE,CURRENT,29212.56
CTR000159,2024-02-01,ACTIVE,CURRENT,28169.25
CTR000159,2024-03-01,DELINQUENT,1-30,27125.94
CTR000159,2024-04-01,ACTIVE,CURRENT,26082.64
CTR000159,2024-05-01,DELINQUENT,31-60,25039.33
CTR000159,2024-06-01,ACTIVE,CURRENT,23996.03
CTR000159,2024-07-01,ACTIVE,CURRENT,22952.72
CTR000159,2024-08-01,ACTIVE,CURRENT,21909.42
CTR000159,2024-09-01,DELINQUENT,61-90,20866.11
CTR000159,2024-10-01,ACTIVE,CURRENT,19822.81
CTR000159,2024-11-01,ACTIVE,CURRENT,18779.5
CTR000159,2024-12-01,ACTIVE,CURRENT,17736.19
CTR000159,2025-01-01,ACTIVE,CURRENT,16692.89
CTR000159,2025-02-01,ACTIVE,CURRENT,15649.58
CTR000159,2025-03-01,ACTIVE,CURRENT,14606.28
CTR000159,2025-04-01,ACTIVE,CURRENT,13562.97
CTR000160,2025-02-08,ACTIVE,CURRENT,65031.0
CTR000160,2025-03-01,ACTIVE,CURRENT,64127.79
CTR000160,2025-04-01,ACTIVE,CURRENT,63224.58
CTR000160,2025-05-01,ACTIVE,CURRENT,62321.37
CTR000160,2025-06-01,ACTIVE,CURRENT,61418.17
CTR000160,2025-07-01,ACTIVE,CURRENT,60514.96
CTR000160,2025-08-01,ACTIVE,CURRENT,59611.75
CTR000160,2025-09-01,ACTIVE,CURRENT,58708.54
CTR000160,2025-10-01,ACTIVE,CURRENT,57805.33
CTR000160,2025-11-01,ACTIVE,CURRENT,56902.12
CTR000160,2025-12-01,ACTIVE,CURRENT,55998.92
CTR000160,2026-01-01,ACTIVE,CURRENT,55095.71
CTR000160,2026-02-01,ACTIVE,CURRENT,54192.5
CTR000160,2026-03-01,ACTIVE,CURRENT,53289.29
CTR000160,2026-04-01,ACTIVE,CURRENT,52386.08
CTR000160,2026-05-01,ACTIVE,CURRENT,51482.87
CTR000161,2023-10-29,ACTIVE,CURRENT,40268.0
CTR000161,2023-11-01,ACTIVE,CURRENT,39429.08
CTR000161,2023-12-01,ACTIVE,CURRENT,38590.17
CTR000161,2024-01-01,ACTIVE,CURRENT,37751.25
CTR000161,2024-02-01,ACTIVE,CURRENT,36912.33
CTR000161,2024-03-01,ACTIVE,CURRENT,36073.42
CTR000161,2024-04-01,DELINQUENT,61-90,35234.5
CTR000161,2024-05-01,ACTIVE,CURRENT,34395.58
CTR000161,2024-06-01,ACTIVE,CURRENT,33556.67
CTR000161,2024-07-01,ACTIVE,CURRENT,32717.75
CTR000161,2024-08-01,DELINQUENT,61-90,31878.83
CTR000161,2024-09-01,ACTIVE,CURRENT,31039.92
CTR000161,2024-10-01,ACTIVE,CURRENT,30201.0
CTR000161,2024-11-01,ACTIVE,CURRENT,29362.08
CTR000161,2024-12-01,ACTIVE,CURRENT,28523.17
CTR000161,2025-01-01,ACTIVE,CURRENT,27684.25
CTR000161,2025-02-01,ACTIVE,CURRENT,26845.33
CTR000161,2025-03-01,ACTIVE,CURRENT,26006.42
CTR000161,2025-04-01,ACTIVE,CURRENT,25167.5
CTR000161,2025-05-01,DELINQUENT,31-60,24328.58
CTR000161,2025-06-01,ACTIVE,CURRENT,23489.67
CTR000161,2025-07-01,ACTIVE,CURRENT,22650.75
CTR000161,2025-08-01,ACTIVE,CURRENT,21811.83
CTR000161,2025-09-01,ACTIVE,CURRENT,20972.92
CTR000162,2025-09-03,ACTIVE,CURRENT,37106.0
CTR000162,2025-10-01,ACTIVE,CURRENT,36332.96
CTR000162,2025-11-01,ACTIVE,CURRENT,35559.92
CTR000162,2025-12-01,DELINQUENT,61-90,34786.88
CTR000162,2026-01-01,ACTIVE,CURRENT,34013.83
CTR000162,2026-02-01,ACTIVE,CURRENT,33240.79
CTR000162,2026-03-01,ACTIVE,CURRENT,32467.75
CTR000162,2026-04-01,ACTIVE,CURRENT,31694.71
CTR000162,2026-05-01,ACTIVE,CURRENT,30921.67
CTR000163,2023-09-11,ACTIVE,CURRENT,49710.0
CTR000163,2023-10-01,ACTIVE,CURRENT,48881.5
CTR000163,2023-11-01,ACTIVE,CURRENT,48053.0
CTR000163,2023-12-01,ACTIVE,CURRENT,47224.5
CTR000163,2024-01-01,ACTIVE,CURRENT,46396.0
CTR000163,2024-02-01,ACTIVE,CURRENT,45567.5
CTR000163,2024-03-01,DELINQUENT,1-30,44739.0
CTR000163,2024-04-01,ACTIVE,CURRENT,43910.5
CTR000163,2024-05-01,ACTIVE,CURRENT,43082.0
CTR000163,2024-06-01,ACTIVE,CURRENT,42253.5
CTR000163,2024-07-01,ACTIVE,CURRENT,41425.0
CTR000163,2024-08-01,ACTIVE,CURRENT,40596.5
CTR000163,2024-09-01,ACTIVE,CURRENT,39768.0
CTR000163,2024-10-01,ACTIVE,CURRENT,38939.5
CTR000163,2024-11-01,ACTIVE,CURRENT,38111.0
CTR000163,2024-12-01,ACTIVE,CURRENT,37282.5
CTR000163,2025-01-01,ACTIVE,CURRENT,36454.0
CTR000163,2025-02-01,ACTIVE,CURRENT,35625.5
CTR000163,2025-03-01,ACTIVE,CURRENT,34797.0
CTR000163,2025-04-01,ACTIVE,CURRENT,33968.5
CTR000163,2025-05-01,DELINQUENT,31-60,33140.0
CTR000163,2025-06-01,ACTIVE,CURRENT,32311.5
CTR000163,2025-07-01,ACTIVE,CURRENT,31483.0
CTR000163,2025-08-01,ACTIVE,CURRENT,30654.5
CTR000164,2024-08-08,ACTIVE,CURRENT,52828.0
CTR000164,2024-09-01,ACTIVE,CURRENT,51727.42
CTR000164,2024-10-01,DELINQUENT,1-30,50626.83
CTR000164,2024-11-01,ACTIVE,CURRENT,49526.25
CTR000164,2024-12-01,ACTIVE,CURRENT,48425.67
CTR000164,2025-01-01,DELINQUENT,61-90,47325.08
CTR000164,2025-02-01,ACTIVE,CURRENT,46224.5
CTR000164,2025-03-01,ACTIVE,CURRENT,45123.92
CTR000164,2025-04-01,ACTIVE,CURRENT,44023.33
CTR000164,2025-05-01,ACTIVE,CURRENT,42922.75
CTR000164,2025-06-01,ACTIVE,CURRENT,41822.17
CTR000164,2025-07-01,ACTIVE,CURRENT,40721.58
CTR000164,2025-08-01,DELINQUENT,61-90,39621.0
CTR000164,2025-09-01,ACTIVE,CURRENT,38520.42
CTR000164,2025-10-01,ACTIVE,CURRENT,37419.83
CTR000164,2025-11-01,ACTIVE,CURRENT,36319.25
CTR000164,2025-12-01,ACTIVE,CURRENT,35218.67
CTR000164,2026-01-01,ACTIVE,CURRENT,34118.08
CTR000164,2026-02-01,ACTIVE,CURRENT,33017.5
CTR000164,2026-03-01,ACTIVE,CURRENT,31916.92
CTR000164,2026-04-01,ACTIVE,CURRENT,30816.33
CTR000164,2026-05-01,ACTIVE,CURRENT,29715.75
CTR000165,2023-07-01,ACTIVE,CURRENT,45322.0
CTR000165,2023-08-01,ACTIVE,CURRENT,44566.63
CTR000165,2023-09-01,ACTIVE,CURRENT,43811.27
CTR000165,2023-10-01,ACTIVE,CURRENT,43055.9
CTR000165,2023-11-01,ACTIVE,CURRENT,42300.53
CTR000165,2023-12-01,ACTIVE,CURRENT,41545.17
CTR000165,2024-01-01,DELINQUENT,61-90,40789.8
CTR000165,2024-02-01,ACTIVE,CURRENT,40034.43
CTR000165,2024-03-01,ACTIVE,CURRENT,39279.07
CTR000165,2024-04-01,ACTIVE,CURRENT,38523.7
CTR000165,2024-05-01,ACTIVE,CURRENT,37768.33
CTR000165,2024-06-01,ACTIVE,CURRENT,37012.97
CTR000165,2024-07-01,ACTIVE,CURRENT,36257.6
CTR000165,2024-08-01,ACTIVE,CURRENT,35502.23
CTR000165,2024-09-01,ACTIVE,CURRENT,34746.87
CTR000165,2024-10-01,ACTIVE,CURRENT,33991.5
CTR000165,2024-11-01,ACTIVE,CURRENT,33236.13
CTR000165,2024-12-01,DELINQUENT,31-60,32480.77
CTR000165,2025-01-01,ACTIVE,CURRENT,31725.4
CTR000165,2025-02-01,ACTIVE,CURRENT,30970.03
CTR000165,2025-03-01,DELINQUENT,1-30,30214.67
CTR000165,2025-04-01,ACTIVE,CURRENT,29459.3
CTR000165,2025-05-01,ACTIVE,CURRENT,28703.93
CTR000165,2025-06-01,ACTIVE,CURRENT,27948.57
CTR000166,2025-09-27,ACTIVE,CURRENT,66359.0
CTR000166,2025-10-01,ACTIVE,CURRENT,65437.35
CTR000166,2025-11-01,DELINQUENT,1-30,64515.69
CTR000166,2025-12-01,ACTIVE,CURRENT,63594.04
CTR000166,2026-01-01,ACTIVE,CURRENT,62672.39
CTR000166,2026-02-01,ACTIVE,CURRENT,61750.74
CTR000166,2026-03-01,ACTIVE,CURRENT,60829.08
CTR000166,2026-04-01,ACTIVE,CURRENT,59907.43
CTR000166,2026-05-01,ACTIVE,CURRENT,58985.78
CTR000167,2024-09-06,ACTIVE,CURRENT,24441.0
CTR000167,2024-10-01,ACTIVE,CURRENT,24033.65
CTR000167,2024-11-01,ACTIVE,CURRENT,23626.3
CTR000167,2024-12-01,ACTIVE,CURRENT,23218.95
CTR000167,2025-01-01,ACTIVE,CURRENT,22811.6
CTR000167,2025-02-01,ACTIVE,CURRENT,22404.25
CTR000167,2025-03-01,ACTIVE,CURRENT,21996.9
CTR000167,2025-04-01,ACTIVE,CURRENT,21589.55
CTR000167,2025-05-01,ACTIVE,CURRENT,21182.2
CTR000167,2025-06-01,ACTIVE,CURRENT,20774.85
CTR000167,2025-07-01,ACTIVE,CURRENT,20367.5
CTR000167,2025-08-01,ACTIVE,CURRENT,19960.15
CTR000167,2025-09-01,ACTIVE,CURRENT,19552.8
CTR000167,2025-10-01,ACTIVE,CURRENT,19145.45
CTR000167,2025-11-01,ACTIVE,CURRENT,18738.1
CTR000167,2025-12-01,ACTIVE,CURRENT,18330.75
CTR000167,2026-01-01,ACTIVE,CURRENT,17923.4
CTR000167,2026-02-01,DELINQUENT,61-90,17516.05
CTR000167,2026-03-01,ACTIVE,CURRENT,17108.7
CTR000167,2026-04-01,ACTIVE,CURRENT,16701.35
CTR000167,2026-05-01,ACTIVE,CURRENT,16294.0
CTR000168,2024-02-23,ACTIVE,CURRENT,44709.0
CTR000168,2024-03-01,ACTIVE,CURRENT,43777.56
CTR000168,2024-04-01,DELINQUENT,1-30,42846.12
CTR000168,2024-05-01,ACTIVE,CURRENT,41914.69
CTR000168,2024-06-01,ACTIVE,CURRENT,40983.25
CTR000168,2024-07-01,ACTIVE,CURRENT,40051.81
CTR000168,2024-08-01,ACTIVE,CURRENT,39120.38
CTR000168,2024-09-01,ACTIVE,CURRENT,38188.94
CTR000168,2024-10-01,ACTIVE,CURRENT,37257.5
CTR000168,2024-11-01,ACTIVE,CURRENT,36326.06
CTR000168,2024-12-01,ACTIVE,CURRENT,35394.62
CTR000168,2025-01-01,ACTIVE,CURRENT,34463.19
CTR000168,2025-02-01,ACTIVE,CURRENT,33531.75
CTR000168,2025-03-01,ACTIVE,CURRENT,32600.31
CTR000168,2025-04-01,ACTIVE,CURRENT,31668.88
CTR000168,2025-05-01,ACTIVE,CURRENT,30737.44
CTR000168,2025-06-01,ACTIVE,CURRENT,29806.0
CTR000168,2025-07-01,ACTIVE,CURRENT,28874.56
CTR000168,2025-08-01,ACTIVE,CURRENT,27943.12
CTR000168,2025-09-01,ACTIVE,CURRENT,27011.69
CTR000168,2025-10-01,ACTIVE,CURRENT,26080.25
CTR000168,2025-11-01,ACTIVE,CURRENT,25148.81
CTR000168,2025-12-01,ACTIVE,CURRENT,24217.38
CTR000168,2026-01-01,ACTIVE,CURRENT,23285.94
CTR000169,2024-11-03,ACTIVE,CURRENT,36404.0
CTR000169,2024-12-01,ACTIVE,CURRENT,35645.58
CTR000169,2025-01-01,ACTIVE,CURRENT,34887.17
CTR000169,2025-02-01,ACTIVE,CURRENT,34128.75
CTR000169,2025-03-01,ACTIVE,CURRENT,33370.33
CTR000169,2025-04-01,ACTIVE,CURRENT,32611.92
CTR000169,2025-05-01,ACTIVE,CURRENT,31853.5
CTR000169,2025-06-01,ACTIVE,CURRENT,31095.08
CTR000169,2025-07-01,ACTIVE,CURRENT,30336.67
CTR000169,2025-08-01,ACTIVE,CURRENT,29578.25
CTR000169,2025-09-01,ACTIVE,CURRENT,28819.83
CTR000169,2025-10-01,ACTIVE,CURRENT,28061.42
CTR000169,2025-11-01,ACTIVE,CURRENT,27303.0
CTR000169,2025-12-01,DELINQUENT,31-60,26544.58
CTR000169,2026-01-01,ACTIVE,CURRENT,25786.17
CTR000169,2026-02-01,ACTIVE,CURRENT,25027.75
CTR000169,2026-03-01,ACTIVE,CURRENT,24269.33
CTR000169,2026-04-01,ACTIVE,CURRENT,23510.92
CTR000169,2026-05-01,ACTIVE,CURRENT,22752.5
CTR000170,2024-05-12,ACTIVE,CURRENT,38613.0
CTR000170,2024-06-01,DELINQUENT,61-90,38076.71
CTR000170,2024-07-01,ACTIVE,CURRENT,37540.42
CTR000170,2024-08-01,ACTIVE,CURRENT,37004.13
CTR000170,2024-09-01,ACTIVE,CURRENT,36467.83
CTR000170,2024-10-01,ACTIVE,CURRENT,35931.54
CTR000170,2024-11-01,ACTIVE,CURRENT,35395.25
CTR000170,2024-12-01,ACTIVE,CURRENT,34858.96
CTR000170,2025-01-01,ACTIVE,CURRENT,34322.67
CTR000170,2025-02-01,ACTIVE,CURRENT,33786.38
CTR000170,2025-03-01,ACTIVE,CURRENT,33250.08
CTR000170,2025-04-01,ACTIVE,CURRENT,32713.79
CTR000170,2025-05-01,ACTIVE,CURRENT,32177.5
CTR000170,2025-06-01,ACTIVE,CURRENT,31641.21
CTR000170,2025-07-01,ACTIVE,CURRENT,31104.92
CTR000170,2025-08-01,ACTIVE,CURRENT,30568.63
CTR000170,2025-09-01,DELINQUENT,31-60,30032.33
CTR000170,2025-10-01,ACTIVE,CURRENT,29496.04
CTR000170,2025-11-01,ACTIVE,CURRENT,28959.75
CTR000170,2025-12-01,ACTIVE,CURRENT,28423.46
CTR000170,2026-01-01,ACTIVE,CURRENT,27887.17
CTR000170,2026-02-01,ACTIVE,CURRENT,27350.88
CTR000170,2026-03-01,ACTIVE,CURRENT,26814.58
CTR000170,2026-04-01,ACTIVE,CURRENT,26278.29
CTR000171,2023-08-31,ACTIVE,CURRENT,71928.0
CTR000171,2023-09-01,ACTIVE,CURRENT,69930.0
CTR000171,2023-10-01,ACTIVE,CURRENT,67932.0
CTR000171,2023-11-01,ACTIVE,CURRENT,65934.0
CTR000171,2023-12-01,ACTIVE,CURRENT,63936.0
CTR000171,2024-01-01,ACTIVE,CURRENT,61938.0
CTR000171,2024-02-01,ACTIVE,CURRENT,59940.0
CTR000171,2024-03-01,ACTIVE,CURRENT,57942.0
CTR000171,2024-04-01,ACTIVE,CURRENT,55944.0
CTR000171,2024-05-01,ACTIVE,CURRENT,53946.0
CTR000171,2024-06-01,ACTIVE,CURRENT,51948.0
CTR000171,2024-07-01,DELINQUENT,31-60,49950.0
CTR000171,2024-08-01,ACTIVE,CURRENT,47952.0
CTR000171,2024-09-01,ACTIVE,CURRENT,45954.0
CTR000171,2024-10-01,ACTIVE,CURRENT,43956.0
CTR000171,2024-11-01,DELINQUENT,31-60,41958.0
CTR000171,2024-12-01,ACTIVE,CURRENT,39960.0
CTR000171,2025-01-01,ACTIVE,CURRENT,37962.0
CTR000171,2025-02-01,ACTIVE,CURRENT,35964.0
CTR000171,2025-03-01,ACTIVE,CURRENT,33966.0
CTR000171,2025-04-01,ACTIVE,CURRENT,31968.0
CTR000171,2025-05-01,ACTIVE,CURRENT,29970.0
CTR000171,2025-06-01,ACTIVE,CURRENT,27972.0
CTR000171,2025-07-01,DELINQUENT,31-60,25974.0
CTR000172,2025-03-28,ACTIVE,CURRENT,65170.0
CTR000172,2025-04-01,ACTIVE,CURRENT,63359.72
CTR000172,2025-05-01,ACTIVE,CURRENT,61549.44
CTR000172,2025-06-01,ACTIVE,CURRENT,59739.17
CTR000172,2025-07-01,ACTIVE,CURRENT,57928.89
CTR000172,2025-08-01,ACTIVE,CURRENT,56118.61
CTR000172,2025-09-01,ACTIVE,CURRENT,54308.33
CTR000172,2025-10-01,ACTIVE,CURRENT,52498.06
CTR000172,2025-11-01,ACTIVE,CURRENT,50687.78
CTR000172,2025-12-01,ACTIVE,CURRENT,48877.5
CTR000172,2026-01-01,ACTIVE,CURRENT,47067.22
CTR000172,2026-02-01,ACTIVE,CURRENT,45256.94
CTR000172,2026-03-01,ACTIVE,CURRENT,43446.67
CTR000172,2026-04-01,ACTIVE,CURRENT,41636.39
CTR000172,2026-05-01,ACTIVE,CURRENT,39826.11
CTR000173,2025-04-11,ACTIVE,CURRENT,50142.0
CTR000173,2025-05-01,ACTIVE,CURRENT,49306.3
CTR000173,2025-06-01,ACTIVE,CURRENT,48470.6
CTR000173,2025-07-01,ACTIVE,CURRENT,47634.9
CTR000173,2025-08-01,ACTIVE,CURRENT,46799.2
CTR000173,2025-09-01,ACTIVE,CURRENT,45963.5
CTR000173,2025-10-01,ACTIVE,CURRENT,45127.8
CTR000173,2025-11-01,ACTIVE,CURRENT,44292.1
CTR000173,2025-12-01,ACTIVE,CURRENT,43456.4
CTR000173,2026-01-01,ACTIVE,CURRENT,42620.7
CTR000173,2026-02-01,ACTIVE,CURRENT,41785.0
CTR000173,2026-03-01,ACTIVE,CURRENT,40949.3
CTR000173,2026-04-01,DELINQUENT,31-60,40113.6
CTR000173,2026-05-01,ACTIVE,CURRENT,39277.9
CTR000174,2024-08-22,ACTIVE,CURRENT,44199.0
CTR000174,2024-09-01,ACTIVE,CURRENT,43585.12
CTR000174,2024-10-01,ACTIVE,CURRENT,42971.25
CTR000174,2024-11-01,ACTIVE,CURRENT,42357.38
CTR000174,2024-12-01,ACTIVE,CURRENT,41743.5
CTR000174,2025-01-01,ACTIVE,CURRENT,41129.62
CTR000174,2025-02-01,ACTIVE,CURRENT,40515.75
CTR000174,2025-03-01,ACTIVE,CURRENT,39901.88
CTR000174,2025-04-01,DELINQUENT,1-30,39288.0
CTR000174,2025-05-01,DELINQUENT,61-90,38674.12
CTR000174,2025-06-01,ACTIVE,CURRENT,38060.25
CTR000174,2025-07-01,ACTIVE,CURRENT,37446.38
CTR000174,2025-08-01,ACTIVE,CURRENT,36832.5
CTR000174,2025-09-01,ACTIVE,CURRENT,36218.62
CTR000174,2025-10-01,ACTIVE,CURRENT,35604.75
CTR000174,2025-11-01,ACTIVE,CURRENT,34990.88
CTR000174,2025-12-01,ACTIVE,CURRENT,34377.0
CTR000174,2026-01-01,DELINQUENT,1-30,33763.12
CTR000174,2026-02-01,ACTIVE,CURRENT,33149.25
CTR000174,2026-03-01,ACTIVE,CURRENT,32535.38
CTR000174,2026-04-01,ACTIVE,CURRENT,31921.5
CTR000174,2026-05-01,ACTIVE,CURRENT,31307.62
CTR000175,2025-01-24,ACTIVE,CURRENT,57456.0
CTR000175,2025-02-01,ACTIVE,CURRENT,55860.0
CTR000175,2025-03-01,ACTIVE,CURRENT,54264.0
CTR000175,2025-04-01,ACTIVE,CURRENT,52668.0
CTR000175,2025-05-01,ACTIVE,CURRENT,51072.0
CTR000175,2025-06-01,ACTIVE,CURRENT,49476.0
CTR000175,2025-07-01,ACTIVE,CURRENT,47880.0
CTR000175,2025-08-01,ACTIVE,CURRENT,46284.0
CTR000175,2025-09-01,ACTIVE,CURRENT,44688.0
CTR000175,2025-10-01,ACTIVE,CURRENT,43092.0
CTR000175,2025-11-01,DELINQUENT,1-30,41496.0
CTR000175,2025-12-01,ACTIVE,CURRENT,39900.0
CTR000175,2026-01-01,ACTIVE,CURRENT,38304.0
CTR000175,2026-02-01,ACTIVE,CURRENT,36708.0
CTR000175,2026-03-01,ACTIVE,CURRENT,35112.0
CTR000175,2026-04-01,DELINQUENT,1-30,33516.0
CTR000175,2026-05-01,ACTIVE,CURRENT,31920.0
CTR000176,2024-03-07,ACTIVE,CURRENT,56727.0
CTR000176,2024-04-01,DELINQUENT,31-60,55781.55
CTR000176,2024-05-01,ACTIVE,CURRENT,54836.1
CTR000176,2024-06-01,ACTIVE,CURRENT,53890.65
CTR000176,2024-07-01,ACTIVE,CURRENT,52945.2
CTR000176,2024-08-01,ACTIVE,CURRENT,51999.75
CTR000176,2024-09-01,ACTIVE,CURRENT,51054.3
CTR000176,2024-10-01,ACTIVE,CURRENT,50108.85
CTR000176,2024-11-01,ACTIVE,CURRENT,49163.4
CTR000176,2024-12-01,ACTIVE,CURRENT,48217.95
CTR000176,2025-01-01,ACTIVE,CURRENT,47272.5
CTR000176,2025-02-01,ACTIVE,CURRENT,46327.05
CTR000176,2025-03-01,ACTIVE,CURRENT,45381.6
CTR000176,2025-04-01,ACTIVE,CURRENT,44436.15
CTR000176,2025-05-01,ACTIVE,CURRENT,43490.7
CTR000176,2025-06-01,DELINQUENT,1-30,42545.25
CTR000176,2025-07-01,ACTIVE,CURRENT,41599.8
CTR000176,2025-08-01,ACTIVE,CURRENT,40654.35
CTR000176,2025-09-01,ACTIVE,CURRENT,39708.9
CTR000176,2025-10-01,ACTIVE,CURRENT,38763.45
CTR000176,2025-11-01,ACTIVE,CURRENT,37818.0
CTR000176,2025-12-01,ACTIVE,CURRENT,36872.55
CTR000176,2026-01-01,ACTIVE,CURRENT,35927.1
CTR000176,2026-02-01,ACTIVE,CURRENT,34981.65
CTR000177,2024-03-22,ACTIVE,CURRENT,59434.0
CTR000177,2024-04-01,ACTIVE,CURRENT,58608.53
CTR000177,2024-05-01,ACTIVE,CURRENT,57783.06
CTR000177,2024-06-01,ACTIVE,CURRENT,56957.58
CTR000177,2024-07-01,ACTIVE,CURRENT,56132.11
CTR000177,2024-08-01,ACTIVE,CURRENT,55306.64
CTR000177,2024-09-01,ACTIVE,CURRENT,54481.17
CTR000177,2024-10-01,ACTIVE,CURRENT,53655.69
CTR000177,2024-11-01,ACTIVE,CURRENT,52830.22
CTR000177,2024-12-01,ACTIVE,CURRENT,52004.75
CTR000177,2025-01-01,ACTIVE,CURRENT,51179.28
CTR000177,2025-02-01,DELINQUENT,1-30,50353.81
CTR000177,2025-03-01,ACTIVE,CURRENT,49528.33
CTR000177,2025-04-01,ACTIVE,CURRENT,48702.86
CTR000177,2025-05-01,ACTIVE,CURRENT,47877.39
CTR000177,2025-06-01,ACTIVE,CURRENT,47051.92
CTR000177,2025-07-01,ACTIVE,CURRENT,46226.44
CTR000177,2025-08-01,ACTIVE,CURRENT,45400.97
CTR000177,2025-09-01,ACTIVE,CURRENT,44575.5
CTR000177,2025-10-01,ACTIVE,CURRENT,43750.03
CTR000177,2025-11-01,ACTIVE,CURRENT,42924.56
CTR000177,2025-12-01,ACTIVE,CURRENT,42099.08
CTR000177,2026-01-01,ACTIVE,CURRENT,41273.61
CTR000177,2026-02-01,ACTIVE,CURRENT,40448.14
CTR000178,2025-02-10,ACTIVE,CURRENT,39331.0
CTR000178,2025-03-01,DELINQUENT,31-60,38238.47
CTR000178,2025-04-01,ACTIVE,CURRENT,37145.94
CTR000178,2025-05-01,DELINQUENT,1-30,36053.42
CTR000178,2025-06-01,ACTIVE,CURRENT,34960.89
CTR000178,2025-07-01,ACTIVE,CURRENT,33868.36
CTR000178,2025-08-01,ACTIVE,CURRENT,32775.83
CTR000178,2025-09-01,ACTIVE,CURRENT,31683.31
CTR000178,2025-10-01,ACTIVE,CURRENT,30590.78
CTR000178,2025-11-01,ACTIVE,CURRENT,29498.25
CTR000178,2025-12-01,ACTIVE,CURRENT,28405.72
CTR000178,2026-01-01,ACTIVE,CURRENT,27313.19
CTR000178,2026-02-01,ACTIVE,CURRENT,26220.67
CTR000178,2026-03-01,ACTIVE,CURRENT,25128.14
CTR000178,2026-04-01,ACTIVE,CURRENT,24035.61
CTR000178,2026-05-01,ACTIVE,CURRENT,22943.08
CTR000179,2025-04-22,ACTIVE,CURRENT,43292.0
CTR000179,2025-05-01,ACTIVE,CURRENT,42390.08
CTR000179,2025-06-01,ACTIVE,CURRENT,41488.17
CTR000179,2025-07-01,ACTIVE,CURRENT,40586.25
CTR000179,2025-08-01,DELINQUENT,61-90,39684.33
CTR000179,2025-09-01,ACTIVE,CURRENT,38782.42
CTR000179,2025-10-01,ACTIVE,CURRENT,37880.5
CTR000179,2025-11-01,ACTIVE,CURRENT,36978.58
CTR000179,2025-12-01,ACTIVE,CURRENT,36076.67
CTR000179,2026-01-01,ACTIVE,CURRENT,35174.75
CTR000179,2026-02-01,ACTIVE,CURRENT,34272.83
CTR000179,2026-03-01,ACTIVE,CURRENT,33370.92
CTR000179,2026-04-01,ACTIVE,CURRENT,32469.0
CTR000179,2026-05-01,ACTIVE,CURRENT,31567.08
CTR000180,2024-09-27,ACTIVE,CURRENT,41615.0
CTR000180,2024-10-01,ACTIVE,CURRENT,40921.42
CTR000180,2024-11-01,ACTIVE,CURRENT,40227.83
CTR000180,2024-12-01,ACTIVE,CURRENT,39534.25
CTR000180,2025-01-01,ACTIVE,CURRENT,38840.67
CTR000180,2025-02-01,ACTIVE,CURRENT,38147.08
CTR000180,2025-03-01,ACTIVE,CURRENT,37453.5
CTR000180,2025-04-01,ACTIVE,CURRENT,36759.92
CTR000180,2025-05-01,ACTIVE,CURRENT,36066.33
CTR000180,2025-06-01,ACTIVE,CURRENT,35372.75
CTR000180,2025-07-01,ACTIVE,CURRENT,34679.17
CTR000180,2025-08-01,ACTIVE,CURRENT,33985.58
CTR000180,2025-09-01,ACTIVE,CURRENT,33292.0
CTR000180,2025-10-01,ACTIVE,CURRENT,32598.42
CTR000180,2025-11-01,ACTIVE,CURRENT,31904.83
CTR000180,2025-12-01,ACTIVE,CURRENT,31211.25
CTR000180,2026-01-01,ACTIVE,CURRENT,30517.67
CTR000180,2026-02-01,ACTIVE,CURRENT,29824.08
CTR000180,2026-03-01,ACTIVE,CURRENT,29130.5
CTR000180,2026-04-01,ACTIVE,CURRENT,28436.92
CTR000180,2026-05-01,ACTIVE,CURRENT,27743.33
CTR000181,2023-03-13,ACTIVE,CURRENT,46037.0
CTR000181,2023-04-01,ACTIVE,CURRENT,45269.72
CTR000181,2023-05-01,ACTIVE,CURRENT,44502.43
CTR000181,2023-06-01,ACTIVE,CURRENT,43735.15
CTR000181,2023-07-01,ACTIVE,CURRENT,42967.87
CTR000181,2023-08-01,ACTIVE,CURRENT,42200.58
CTR000181,2023-09-01,ACTIVE,CURRENT,41433.3
CTR000181,2023-10-01,ACTIVE,CURRENT,40666.02
CTR000181,2023-11-01,ACTIVE,CURRENT,39898.73
CTR000181,2023-12-01,ACTIVE,CURRENT,39131.45
CTR000181,2024-01-01,ACTIVE,CURRENT,38364.17
CTR000181,2024-02-01,ACTIVE,CURRENT,37596.88
CTR000181,2024-03-01,ACTIVE,CURRENT,36829.6
CTR000181,2024-04-01,ACTIVE,CURRENT,36062.32
CTR000181,2024-05-01,ACTIVE,CURRENT,35295.03
CTR000181,2024-06-01,ACTIVE,CURRENT,34527.75
CTR000181,2024-07-01,ACTIVE,CURRENT,33760.47
CTR000181,2024-08-01,ACTIVE,CURRENT,32993.18
CTR000181,2024-09-01,ACTIVE,CURRENT,32225.9
CTR000181,2024-10-01,ACTIVE,CURRENT,31458.62
CTR000181,2024-11-01,ACTIVE,CURRENT,30691.33
CTR000181,2024-12-01,ACTIVE,CURRENT,29924.05
CTR000181,2025-01-01,DELINQUENT,1-30,29156.77
CTR000181,2025-02-01,ACTIVE,CURRENT,28389.48
CTR000182,2023-07-27,ACTIVE,CURRENT,64089.0
CTR000182,2023-08-01,DELINQUENT,1-30,62308.75
CTR000182,2023-09-01,ACTIVE,CURRENT,60528.5
CTR000182,2023-10-01,ACTIVE,CURRENT,58748.25
CTR000182,2023-11-01,ACTIVE,CURRENT,56968.0
CTR000182,2023-12-01,ACTIVE,CURRENT,55187.75
CTR000182,2024-01-01,ACTIVE,CURRENT,53407.5
CTR000182,2024-02-01,ACTIVE,CURRENT,51627.25
CTR000182,2024-03-01,ACTIVE,CURRENT,49847.0
CTR000182,2024-04-01,ACTIVE,CURRENT,48066.75
CTR000182,2024-05-01,ACTIVE,CURRENT,46286.5
CTR000182,2024-06-01,ACTIVE,CURRENT,44506.25
CTR000182,2024-07-01,ACTIVE,CURRENT,42726.0
CTR000182,2024-08-01,ACTIVE,CURRENT,40945.75
CTR000182,2024-09-01,ACTIVE,CURRENT,39165.5
CTR000182,2024-10-01,ACTIVE,CURRENT,37385.25
CTR000182,2024-11-01,ACTIVE,CURRENT,35605.0
CTR000182,2024-12-01,ACTIVE,CURRENT,33824.75
CTR000182,2025-01-01,ACTIVE,CURRENT,32044.5
CTR000182,2025-02-01,ACTIVE,CURRENT,30264.25
CTR000182,2025-03-01,ACTIVE,CURRENT,28484.0
CTR000182,2025-04-01,ACTIVE,CURRENT,26703.75
CTR000182,2025-05-01,ACTIVE,CURRENT,24923.5
CTR000182,2025-06-01,ACTIVE,CURRENT,23143.25
CTR000183,2024-01-22,ACTIVE,CURRENT,60687.0
CTR000183,2024-02-01,ACTIVE,CURRENT,59844.12
CTR000183,2024-03-01,ACTIVE,CURRENT,59001.25
CTR000183,2024-04-01,ACTIVE,CURRENT,58158.38
CTR000183,2024-05-01,ACTIVE,CURRENT,57315.5
CTR000183,2024-06-01,ACTIVE,CURRENT,56472.62
CTR000183,2024-07-01,DELINQUENT,31-60,55629.75
CTR000183,2024-08-01,ACTIVE,CURRENT,54786.88
CTR000183,2024-09-01,ACTIVE,CURRENT,53944.0
CTR000183,2024-10-01,ACTIVE,CURRENT,53101.12
CTR000183,2024-11-01,ACTIVE,CURRENT,52258.25
CTR000183,2024-12-01,ACTIVE,CURRENT,51415.38
CTR000183,2025-01-01,ACTIVE,CURRENT,50572.5
CTR000183,2025-02-01,ACTIVE,CURRENT,49729.62
CTR000183,2025-03-01,ACTIVE,CURRENT,48886.75
CTR000183,2025-04-01,ACTIVE,CURRENT,48043.88
CTR000183,2025-05-01,ACTIVE,CURRENT,47201.0
CTR000183,2025-06-01,ACTIVE,CURRENT,46358.12
CTR000183,2025-07-01,ACTIVE,CURRENT,45515.25
CTR000183,2025-08-01,ACTIVE,CURRENT,44672.38
CTR000183,2025-09-01,ACTIVE,CURRENT,43829.5
CTR000183,2025-10-01,ACTIVE,CURRENT,42986.62
CTR000183,2025-11-01,DELINQUENT,31-60,42143.75
CTR000183,2025-12-01,ACTIVE,CURRENT,41300.88
CTR000184,2023-06-23,ACTIVE,CURRENT,46866.0
CTR000184,2023-07-01,ACTIVE,CURRENT,46215.08
CTR000184,2023-08-01,ACTIVE,CURRENT,45564.17
CTR000184,2023-09-01,ACTIVE,CURRENT,44913.25
CTR000184,2023-10-01,ACTIVE,CURRENT,44262.33
CTR000184,2023-11-01,ACTIVE,CURRENT,43611.42
CTR000184,2023-12-01,ACTIVE,CURRENT,42960.5
CTR000184,2024-01-01,ACTIVE,CURRENT,42309.58
CTR000184,2024-02-01,ACTIVE,CURRENT,41658.67
CTR000184,2024-03-01,ACTIVE,CURRENT,41007.75
CTR000184,2024-04-01,ACTIVE,CURRENT,40356.83
CTR000184,2024-05-01,DELINQUENT,31-60,39705.92
CTR000184,2024-06-01,ACTIVE,CURRENT,39055.0
CTR000184,2024-07-01,ACTIVE,CURRENT,38404.08
CTR000184,2024-08-01,ACTIVE,CURRENT,37753.17
CTR000184,2024-09-01,ACTIVE,CURRENT,37102.25
CTR000184,2024-10-01,ACTIVE,CURRENT,36451.33
CTR000184,2024-11-01,ACTIVE,CURRENT,35800.42
CTR000184,2024-12-01,ACTIVE,CURRENT,35149.5
CTR000184,2025-01-01,ACTIVE,CURRENT,34498.58
CTR000184,2025-02-01,ACTIVE,CURRENT,33847.67
CTR000184,2025-03-01,ACTIVE,CURRENT,33196.75
CTR000184,2025-04-01,ACTIVE,CURRENT,32545.83
CTR000184,2025-05-01,ACTIVE,CURRENT,31894.92
CTR000185,2023-10-16,ACTIVE,CURRENT,54662.0
CTR000185,2023-11-01,ACTIVE,CURRENT,53750.97
CTR000185,2023-12-01,ACTIVE,CURRENT,52839.93
CTR000185,2024-01-01,ACTIVE,CURRENT,51928.9
CTR000185,2024-02-01,ACTIVE,CURRENT,51017.87
CTR000185,2024-03-01,ACTIVE,CURRENT,50106.83
CTR000185,2024-04-01,ACTIVE,CURRENT,49195.8
CTR000185,2024-05-01,ACTIVE,CURRENT,48284.77
CTR000185,2024-06-01,ACTIVE,CURRENT,47373.73
CTR000185,2024-07-01,ACTIVE,CURRENT,46462.7
CTR000185,2024-08-01,ACTIVE,CURRENT,45551.67
CTR000185,2024-09-01,ACTIVE,CURRENT,44640.63
CTR000185,2024-10-01,ACTIVE,CURRENT,43729.6
CTR000185,2024-11-01,ACTIVE,CURRENT,42818.57
CTR000185,2024-12-01,ACTIVE,CURRENT,41907.53
CTR000185,2025-01-01,ACTIVE,CURRENT,40996.5
CTR000185,2025-02-01,ACTIVE,CURRENT,40085.47
CTR000185,2025-03-01,ACTIVE,CURRENT,39174.43
CTR000185,2025-04-01,ACTIVE,CURRENT,38263.4
CTR000185,2025-05-01,ACTIVE,CURRENT,37352.37
CTR000185,2025-06-01,ACTIVE,CURRENT,36441.33
CTR000185,2025-07-01,ACTIVE,CURRENT,35530.3
CTR000185,2025-08-01,ACTIVE,CURRENT,34619.27
CTR000185,2025-09-01,ACTIVE,CURRENT,33708.23
CTR000186,2023-07-11,ACTIVE,CURRENT,58561.0
CTR000186,2023-08-01,ACTIVE,CURRENT,56934.31
CTR000186,2023-09-01,ACTIVE,CURRENT,55307.61
CTR000186,2023-10-01,ACTIVE,CURRENT,53680.92
CTR000186,2023-11-01,ACTIVE,CURRENT,52054.22
CTR000186,2023-12-01,ACTIVE,CURRENT,50427.53
CTR000186,2024-01-01,ACTIVE,CURRENT,48800.83
CTR000186,2024-02-01,ACTIVE,CURRENT,47174.14
CTR000186,2024-03-01,ACTIVE,CURRENT,45547.44
CTR000186,2024-04-01,ACTIVE,CURRENT,43920.75
CTR000186,2024-05-01,ACTIVE,CURRENT,42294.06
CTR000186,2024-06-01,ACTIVE,CURRENT,40667.36
CTR000186,2024-07-01,ACTIVE,CURRENT,39040.67
CTR000186,2024-08-01,ACTIVE,CURRENT,37413.97
CTR000186,2024-09-01,ACTIVE,CURRENT,35787.28
CTR000186,2024-10-01,DELINQUENT,61-90,34160.58
CTR000186,2024-11-01,ACTIVE,CURRENT,32533.89
CTR000186,2024-12-01,ACTIVE,CURRENT,30907.19
CTR000186,2025-01-01,ACTIVE,CURRENT,29280.5
CTR000186,2025-02-01,ACTIVE,CURRENT,27653.81
CTR000186,2025-03-01,ACTIVE,CURRENT,26027.11
CTR000186,2025-04-01,ACTIVE,CURRENT,24400.42
CTR000186,2025-05-01,ACTIVE,CURRENT,22773.72
CTR000186,2025-06-01,ACTIVE,CURRENT,21147.03
CTR000187,2024-01-27,ACTIVE,CURRENT,22592.0
CTR000187,2024-02-01,ACTIVE,CURRENT,22121.33
CTR000187,2024-03-01,ACTIVE,CURRENT,21650.67
CTR000187,2024-04-01,ACTIVE,CURRENT,21180.0
CTR000187,2024-05-01,ACTIVE,CURRENT,20709.33
CTR000187,2024-06-01,ACTIVE,CURRENT,20238.67
CTR000187,2024-07-01,ACTIVE,CURRENT,19768.0
CTR000187,2024-08-01,ACTIVE,CURRENT,19297.33
CTR000187,2024-09-01,ACTIVE,CURRENT,18826.67
CTR000187,2024-10-01,ACTIVE,CURRENT,18356.0
CTR000187,2024-11-01,ACTIVE,CURRENT,17885.33
CTR000187,2024-12-01,ACTIVE,CURRENT,17414.67
CTR000187,2025-01-01,ACTIVE,CURRENT,16944.0
CTR000187,2025-02-01,ACTIVE,CURRENT,16473.33
CTR000187,2025-03-01,ACTIVE,CURRENT,16002.67
CTR000187,2025-04-01,ACTIVE,CURRENT,15532.0
CTR000187,2025-05-01,DELINQUENT,61-90,15061.33
CTR000187,2025-06-01,DELINQUENT,31-60,14590.67
CTR000187,2025-07-01,ACTIVE,CURRENT,14120.0
CTR000187,2025-08-01,ACTIVE,CURRENT,13649.33
CTR000187,2025-09-01,ACTIVE,CURRENT,13178.67
CTR000187,2025-10-01,ACTIVE,CURRENT,12708.0
CTR000187,2025-11-01,ACTIVE,CURRENT,12237.33
CTR000187,2025-12-01,ACTIVE,CURRENT,11766.67
CTR000188,2023-02-08,ACTIVE,CURRENT,68179.0
CTR000188,2023-03-01,ACTIVE,CURRENT,66758.6
CTR000188,2023-04-01,DELINQUENT,1-30,65338.21
CTR000188,2023-05-01,ACTIVE,CURRENT,63917.81
CTR000188,2023-06-01,ACTIVE,CURRENT,62497.42
CTR000188,2023-07-01,ACTIVE,CURRENT,61077.02
CTR000188,2023-08-01,ACTIVE,CURRENT,59656.62
CTR000188,2023-09-01,ACTIVE,CURRENT,58236.23
CTR000188,2023-10-01,ACTIVE,CURRENT,56815.83
CTR000188,2023-11-01,ACTIVE,CURRENT,55395.44
CTR000188,2023-12-01,ACTIVE,CURRENT,53975.04
CTR000188,2024-01-01,ACTIVE,CURRENT,52554.65
CTR000188,2024-02-01,ACTIVE,CURRENT,51134.25
CTR000188,2024-03-01,ACTIVE,CURRENT,49713.85
CTR000188,2024-04-01,ACTIVE,CURRENT,48293.46
CTR000188,2024-05-01,ACTIVE,CURRENT,46873.06
CTR000188,2024-06-01,ACTIVE,CURRENT,45452.67
CTR000188,2024-07-01,ACTIVE,CURRENT,44032.27
CTR000188,2024-08-01,ACTIVE,CURRENT,42611.87
CTR000188,2024-09-01,ACTIVE,CURRENT,41191.48
CTR000188,2024-10-01,ACTIVE,CURRENT,39771.08
CTR000188,2024-11-01,DELINQUENT,1-30,38350.69
CTR000188,2024-12-01,ACTIVE,CURRENT,36930.29
CTR000188,2025-01-01,ACTIVE,CURRENT,35509.9
CTR000189,2025-11-27,ACTIVE,CURRENT,64841.0
CTR000189,2025-12-01,ACTIVE,CURRENT,63760.32
CTR000189,2026-01-01,ACTIVE,CURRENT,62679.63
CTR000189,2026-02-01,ACTIVE,CURRENT,61598.95
CTR000189,2026-03-01,ACTIVE,CURRENT,60518.27
CTR000189,2026-04-01,DELINQUENT,31-60,59437.58
CTR000189,2026-05-01,ACTIVE,CURRENT,58356.9
CTR000190,2024-02-14,ACTIVE,CURRENT,39489.0
CTR000190,2024-03-01,ACTIVE,CURRENT,38666.31
CTR000190,2024-04-01,ACTIVE,CURRENT,37843.62
CTR000190,2024-05-01,ACTIVE,CURRENT,37020.94
CTR000190,2024-06-01,ACTIVE,CURRENT,36198.25
CTR000190,2024-07-01,ACTIVE,CURRENT,35375.56
CTR000190,2024-08-01,ACTIVE,CURRENT,34552.88
CTR000190,2024-09-01,ACTIVE,CURRENT,33730.19
CTR000190,2024-10-01,ACTIVE,CURRENT,32907.5
CTR000190,2024-11-01,ACTIVE,CURRENT,32084.81
CTR000190,2024-12-01,ACTIVE,CURRENT,31262.12
CTR000190,2025-01-01,ACTIVE,CURRENT,30439.44
CTR000190,2025-02-01,ACTIVE,CURRENT,29616.75
CTR000190,2025-03-01,DELINQUENT,31-60,28794.06
CTR000190,2025-04-01,ACTIVE,CURRENT,27971.38
CTR000190,2025-05-01,ACTIVE,CURRENT,27148.69
CTR000190,2025-06-01,ACTIVE,CURRENT,26326.0
CTR000190,2025-07-01,ACTIVE,CURRENT,25503.31
CTR000190,2025-08-01,ACTIVE,CURRENT,24680.62
CTR000190,2025-09-01,ACTIVE,CURRENT,23857.94
CTR000190,2025-10-01,ACTIVE,CURRENT,23035.25
CTR000190,2025-11-01,DELINQUENT,1-30,22212.56
CTR000190,2025-12-01,ACTIVE,CURRENT,21389.88
CTR000190,2026-01-01,ACTIVE,CURRENT,20567.19
CTR000191,2026-03-14,ACTIVE,CURRENT,73435.0
CTR000191,2026-04-01,ACTIVE,CURRENT,71395.14
CTR000191,2026-05-01,ACTIVE,CURRENT,69355.28
CTR000193,2023-12-31,DELINQUENT,1-30,62365.0
CTR000193,2024-01-01,ACTIVE,CURRENT,61498.82
CTR000193,2024-02-01,ACTIVE,CURRENT,60632.64
CTR000193,2024-03-01,ACTIVE,CURRENT,59766.46
CTR000193,2024-04-01,ACTIVE,CURRENT,58900.28
CTR000193,2024-05-01,ACTIVE,CURRENT,58034.1
CTR000193,2024-06-01,ACTIVE,CURRENT,57167.92
CTR000193,2024-07-01,ACTIVE,CURRENT,56301.74
CTR000193,2024-08-01,ACTIVE,CURRENT,55435.56
CTR000193,2024-09-01,ACTIVE,CURRENT,54569.38
CTR000193,2024-10-01,ACTIVE,CURRENT,53703.19
CTR000193,2024-11-01,DELINQUENT,1-30,52837.01
CTR000193,2024-12-01,ACTIVE,CURRENT,51970.83
CTR000193,2025-01-01,ACTIVE,CURRENT,51104.65
CTR000193,2025-02-01,ACTIVE,CURRENT,50238.47
CTR000193,2025-03-01,ACTIVE,CURRENT,49372.29
CTR000193,2025-04-01,ACTIVE,CURRENT,48506.11
CTR000193,2025-05-01,ACTIVE,CURRENT,47639.93
CTR000193,2025-06-01,DELINQUENT,31-60,46773.75
CTR000193,2025-07-01,ACTIVE,CURRENT,45907.57
CTR000193,2025-08-01,DELINQUENT,31-60,45041.39
CTR000193,2025-09-01,ACTIVE,CURRENT,44175.21
CTR000193,2025-10-01,ACTIVE,CURRENT,43309.03
CTR000193,2025-11-01,ACTIVE,CURRENT,42442.85
CTR000194,2023-06-10,ACTIVE,CURRENT,39678.0
CTR000194,2023-07-01,ACTIVE,CURRENT,39016.7
CTR000194,2023-08-01,ACTIVE,CURRENT,38355.4
CTR000194,2023-09-01,ACTIVE,CURRENT,37694.1
CTR000194,2023-10-01,ACTIVE,CURRENT,37032.8
CTR000194,2023-11-01,ACTIVE,CURRENT,36371.5
CTR000194,2023-12-01,ACTIVE,CURRENT,35710.2
CTR000194,2024-01-01,ACTIVE,CURRENT,35048.9
CTR000194,2024-02-01,ACTIVE,CURRENT,34387.6
CTR000194,2024-03-01,ACTIVE,CURRENT,33726.3
CTR000194,2024-04-01,ACTIVE,CURRENT,33065.0
CTR000194,2024-05-01,ACTIVE,CURRENT,32403.7
CTR000194,2024-06-01,ACTIVE,CURRENT,31742.4
CTR000194,2024-07-01,ACTIVE,CURRENT,31081.1
CTR000194,2024-08-01,ACTIVE,CURRENT,30419.8
CTR000194,2024-09-01,ACTIVE,CURRENT,29758.5
CTR000194,2024-10-01,ACTIVE,CURRENT,29097.2
CTR000194,2024-11-01,ACTIVE,CURRENT,28435.9
CTR000194,2024-12-01,ACTIVE,CURRENT,27774.6
CTR000194,2025-01-01,ACTIVE,CURRENT,27113.3
CTR000194,2025-02-01,ACTIVE,CURRENT,26452.0
CTR000194,2025-03-01,ACTIVE,CURRENT,25790.7
CTR000194,2025-04-01,ACTIVE,CURRENT,25129.4
CTR000194,2025-05-01,ACTIVE,CURRENT,24468.1
CTR000196,2024-02-29,ACTIVE,CURRENT,58273.0
CTR000196,2024-03-01,ACTIVE,CURRENT,57463.65
CTR000196,2024-04-01,ACTIVE,CURRENT,56654.31
CTR000196,2024-05-01,ACTIVE,CURRENT,55844.96
CTR000196,2024-06-01,ACTIVE,CURRENT,55035.61
CTR000196,2024-07-01,ACTIVE,CURRENT,54226.26
CTR000196,2024-08-01,ACTIVE,CURRENT,53416.92
CTR000196,2024-09-01,ACTIVE,CURRENT,52607.57
CTR000196,2024-10-01,ACTIVE,CURRENT,51798.22
CTR000196,2024-11-01,ACTIVE,CURRENT,50988.88
CTR000196,2024-12-01,ACTIVE,CURRENT,50179.53
CTR000196,2025-01-01,ACTIVE,CURRENT,49370.18
CTR000196,2025-02-01,ACTIVE,CURRENT,48560.83
CTR000196,2025-03-01,ACTIVE,CURRENT,47751.49
CTR000196,2025-04-01,ACTIVE,CURRENT,46942.14
CTR000196,2025-05-01,ACTIVE,CURRENT,46132.79
CTR000196,2025-06-01,ACTIVE,CURRENT,45323.44
CTR000196,2025-07-01,ACTIVE,CURRENT,44514.1
CTR000196,2025-08-01,ACTIVE,CURRENT,43704.75
CTR000196,2025-09-01,ACTIVE,CURRENT,42895.4
CTR000196,2025-10-01,ACTIVE,CURRENT,42086.06
CTR000196,2025-11-01,DELINQUENT,1-30,41276.71
CTR000196,2025-12-01,ACTIVE,CURRENT,40467.36
CTR000196,2026-01-01,ACTIVE,CURRENT,39658.01
CTR000197,2026-04-26,ACTIVE,CURRENT,29409.0
CTR000197,2026-05-01,ACTIVE,CURRENT,28918.85
CTR000198,2025-03-08,ACTIVE,CURRENT,65138.0
CTR000198,2025-04-01,ACTIVE,CURRENT,64233.31
CTR000198,2025-05-01,ACTIVE,CURRENT,63328.61
CTR000198,2025-06-01,ACTIVE,CURRENT,62423.92
CTR000198,2025-07-01,ACTIVE,CURRENT,61519.22
CTR000198,2025-08-01,ACTIVE,CURRENT,60614.53
CTR000198,2025-09-01,ACTIVE,CURRENT,59709.83
CTR000198,2025-10-01,ACTIVE,CURRENT,58805.14
CTR000198,2025-11-01,DELINQUENT,31-60,57900.44
CTR000198,2025-12-01,ACTIVE,CURRENT,56995.75
CTR000198,2026-01-01,ACTIVE,CURRENT,56091.06
CTR000198,2026-02-01,ACTIVE,CURRENT,55186.36
CTR000198,2026-03-01,ACTIVE,CURRENT,54281.67
CTR000198,2026-04-01,ACTIVE,CURRENT,53376.97
CTR000198,2026-05-01,DELINQUENT,61-90,52472.28
CTR000199,2023-05-27,ACTIVE,CURRENT,67435.0
CTR000199,2023-06-01,ACTIVE,CURRENT,66498.4
CTR000199,2023-07-01,ACTIVE,CURRENT,65561.81
CTR000199,2023-08-01,ACTIVE,CURRENT,64625.21
CTR000199,2023-09-01,ACTIVE,CURRENT,63688.61
CTR000199,2023-10-01,ACTIVE,CURRENT,62752.01
CTR000199,2023-11-01,ACTIVE,CURRENT,61815.42
CTR000199,2023-12-01,DELINQUENT,1-30,60878.82
CTR000199,2024-01-01,ACTIVE,CURRENT,59942.22
CTR000199,2024-02-01,ACTIVE,CURRENT,59005.63
CTR000199,2024-03-01,ACTIVE,CURRENT,58069.03
CTR000199,2024-04-01,ACTIVE,CURRENT,57132.43
CTR000199,2024-05-01,DELINQUENT,61-90,56195.83
CTR000199,2024-06-01,ACTIVE,CURRENT,55259.24
CTR000199,2024-07-01,ACTIVE,CURRENT,54322.64
CTR000199,2024-08-01,ACTIVE,CURRENT,53386.04
CTR000199,2024-09-01,ACTIVE,CURRENT,52449.44
CTR000199,2024-10-01,ACTIVE,CURRENT,51512.85
CTR000199,2024-11-01,ACTIVE,CURRENT,50576.25
CTR000199,2024-12-01,DELINQUENT,1-30,49639.65
CTR000199,2025-01-01,ACTIVE,CURRENT,48703.06
CTR000199,2025-02-01,ACTIVE,CURRENT,47766.46
CTR000199,2025-03-01,ACTIVE,CURRENT,46829.86
CTR000199,2025-04-01,ACTIVE,CURRENT,45893.26
CTR000200,2024-06-15,ACTIVE,CURRENT,34212.0
CTR000200,2024-07-01,ACTIVE,CURRENT,33499.25
CTR000200,2024-08-01,ACTIVE,CURRENT,32786.5
CTR000200,2024-09-01,ACTIVE,CURRENT,32073.75
CTR000200,2024-10-01,ACTIVE,CURRENT,31361.0
CTR000200,2024-11-01,ACTIVE,CURRENT,30648.25
CTR000200,2024-12-01,ACTIVE,CURRENT,29935.5
CTR000200,2025-01-01,ACTIVE,CURRENT,29222.75
CTR000200,2025-02-01,ACTIVE,CURRENT,28510.0
CTR000200,2025-03-01,ACTIVE,CURRENT,27797.25
CTR000200,2025-04-01,ACTIVE,CURRENT,27084.5
CTR000200,2025-05-01,ACTIVE,CURRENT,26371.75
CTR000200,2025-06-01,ACTIVE,CURRENT,25659.0
CTR000200,2025-07-01,ACTIVE,CURRENT,24946.25
CTR000200,2025-08-01,ACTIVE,CURRENT,24233.5
CTR000200,2025-09-01,ACTIVE,CURRENT,23520.75
CTR000200,2025-10-01,ACTIVE,CURRENT,22808.0
CTR000200,2025-11-01,ACTIVE,CURRENT,22095.25
CTR000200,2025-12-01,DELINQUENT,1-30,21382.5
CTR000200,2026-01-01,ACTIVE,CURRENT,20669.75
CTR000200,2026-02-01,ACTIVE,CURRENT,19957.0
CTR000200,2026-03-01,ACTIVE,CURRENT,19244.25
CTR000200,2026-04-01,DELINQUENT,1-30,18531.5
CTR000200,2026-05-01,DELINQUENT,31-60,17818.75
CTR000201,2023-12-23,ACTIVE,CURRENT,48636.0
CTR000201,2024-01-01,ACTIVE,CURRENT,47825.4
CTR000201,2024-02-01,ACTIVE,CURRENT,47014.8
CTR000201,2024-03-01,ACTIVE,CURRENT,46204.2
CTR000201,2024-04-01,ACTIVE,CURRENT,45393.6
CTR000201,2024-05-01,DELINQUENT,31-60,44583.0
CTR000201,2024-06-01,ACTIVE,CURRENT,43772.4
CTR000201,2024-07-01,ACTIVE,CURRENT,42961.8
CTR000201,2024-08-01,ACTIVE,CURRENT,42151.2
CTR000201,2024-09-01,DELINQUENT,31-60,41340.6
CTR000201,2024-10-01,ACTIVE,CURRENT,40530.0
CTR000201,2024-11-01,ACTIVE,CURRENT,39719.4
CTR000201,2024-12-01,ACTIVE,CURRENT,38908.8
CTR000201,2025-01-01,ACTIVE,CURRENT,38098.2
CTR000201,2025-02-01,ACTIVE,CURRENT,37287.6
CTR000201,2025-03-01,ACTIVE,CURRENT,36477.0
CTR000201,2025-04-01,ACTIVE,CURRENT,35666.4
CTR000201,2025-05-01,ACTIVE,CURRENT,34855.8
CTR000201,2025-06-01,ACTIVE,CURRENT,34045.2
CTR000201,2025-07-01,ACTIVE,CURRENT,33234.6
CTR000201,2025-08-01,ACTIVE,CURRENT,32424.0
CTR000201,2025-09-01,ACTIVE,CURRENT,31613.4
CTR000201,2025-10-01,ACTIVE,CURRENT,30802.8
CTR000201,2025-11-01,ACTIVE,CURRENT,29992.2
CTR000202,2025-08-09,ACTIVE,CURRENT,22200.0
CTR000202,2025-09-01,ACTIVE,CURRENT,21830.0
CTR000202,2025-10-01,ACTIVE,CURRENT,21460.0
CTR000202,2025-11-01,ACTIVE,CURRENT,21090.0
CTR000202,2025-12-01,ACTIVE,CURRENT,20720.0
CTR000202,2026-01-01,ACTIVE,CURRENT,20350.0
CTR000202,2026-02-01,ACTIVE,CURRENT,19980.0
CTR000202,2026-03-01,ACTIVE,CURRENT,19610.0
CTR000202,2026-04-01,ACTIVE,CURRENT,19240.0
CTR000202,2026-05-01,ACTIVE,CURRENT,18870.0
CTR000203,2024-06-07,ACTIVE,CURRENT,41717.0
CTR000203,2024-07-01,ACTIVE,CURRENT,41137.6
CTR000203,2024-08-01,ACTIVE,CURRENT,40558.19
CTR000203,2024-09-01,ACTIVE,CURRENT,39978.79
CTR000203,2024-10-01,ACTIVE,CURRENT,39399.39
CTR000203,2024-11-01,ACTIVE,CURRENT,38819.99
CTR000203,2024-12-01,DELINQUENT,31-60,38240.58
CTR000203,2025-01-01,ACTIVE,CURRENT,37661.18
CTR000203,2025-02-01,ACTIVE,CURRENT,37081.78
CTR000203,2025-03-01,ACTIVE,CURRENT,36502.37
CTR000203,2025-04-01,ACTIVE,CURRENT,35922.97
CTR000203,2025-05-01,ACTIVE,CURRENT,35343.57
CTR000203,2025-06-01,ACTIVE,CURRENT,34764.17
CTR000203,2025-07-01,ACTIVE,CURRENT,34184.76
CTR000203,2025-08-01,ACTIVE,CURRENT,33605.36
CTR000203,2025-09-01,ACTIVE,CURRENT,33025.96
CTR000203,2025-10-01,ACTIVE,CURRENT,32446.56
CTR000203,2025-11-01,ACTIVE,CURRENT,31867.15
CTR000203,2025-12-01,ACTIVE,CURRENT,31287.75
CTR000203,2026-01-01,ACTIVE,CURRENT,30708.35
CTR000203,2026-02-01,ACTIVE,CURRENT,30128.94
CTR000203,2026-03-01,ACTIVE,CURRENT,29549.54
CTR000203,2026-04-01,ACTIVE,CURRENT,28970.14
CTR000203,2026-05-01,DELINQUENT,1-30,28390.74
CTR000204,2025-10-03,ACTIVE,CURRENT,16051.0
CTR000204,2025-11-01,ACTIVE,CURRENT,15716.6
CTR000204,2025-12-01,ACTIVE,CURRENT,15382.21
CTR000204,2026-01-01,ACTIVE,CURRENT,15047.81
CTR000204,2026-02-01,ACTIVE,CURRENT,14713.42
CTR000204,2026-03-01,ACTIVE,CURRENT,14379.02
CTR000204,2026-04-01,ACTIVE,CURRENT,14044.62
CTR000204,2026-05-01,ACTIVE,CURRENT,13710.23
CTR000205,2025-08-24,ACTIVE,CURRENT,28414.0
CTR000205,2025-09-01,ACTIVE,CURRENT,28019.36
CTR000205,2025-10-01,ACTIVE,CURRENT,27624.72
CTR000205,2025-11-01,ACTIVE,CURRENT,27230.08
CTR000205,2025-12-01,ACTIVE,CURRENT,26835.44
CTR000205,2026-01-01,ACTIVE,CURRENT,26440.81
CTR000205,2026-02-01,ACTIVE,CURRENT,26046.17
CTR000205,2026-03-01,ACTIVE,CURRENT,25651.53
CTR000205,2026-04-01,ACTIVE,CURRENT,25256.89
CTR000205,2026-05-01,ACTIVE,CURRENT,24862.25
CTR000206,2024-03-28,ACTIVE,CURRENT,39331.0
CTR000206,2024-04-01,ACTIVE,CURRENT,38511.6
CTR000206,2024-05-01,ACTIVE,CURRENT,37692.21
CTR000206,2024-06-01,ACTIVE,CURRENT,36872.81
CTR000206,2024-07-01,ACTIVE,CURRENT,36053.42
CTR000206,2024-08-01,ACTIVE,CURRENT,35234.02
CTR000206,2024-09-01,ACTIVE,CURRENT,34414.62
CTR000206,2024-10-01,ACTIVE,CURRENT,33595.23
CTR000206,2024-11-01,DELINQUENT,61-90,32775.83
CTR000206,2024-12-01,DELINQUENT,61-90,31956.44
CTR000206,2025-01-01,ACTIVE,CURRENT,31137.04
CTR000206,2025-02-01,ACTIVE,CURRENT,30317.65
CTR000206,2025-03-01,ACTIVE,CURRENT,29498.25
CTR000206,2025-04-01,ACTIVE,CURRENT,28678.85
CTR000206,2025-05-01,ACTIVE,CURRENT,27859.46
CTR000206,2025-06-01,ACTIVE,CURRENT,27040.06
CTR000206,2025-07-01,ACTIVE,CURRENT,26220.67
CTR000206,2025-08-01,ACTIVE,CURRENT,25401.27
CTR000206,2025-09-01,ACTIVE,CURRENT,24581.87
CTR000206,2025-10-01,ACTIVE,CURRENT,23762.48
CTR000206,2025-11-01,ACTIVE,CURRENT,22943.08
CTR000206,2025-12-01,ACTIVE,CURRENT,22123.69
CTR000206,2026-01-01,ACTIVE,CURRENT,21304.29
CTR000206,2026-02-01,ACTIVE,CURRENT,20484.9
CTR000207,2026-03-23,ACTIVE,CURRENT,25048.0
CTR000207,2026-04-01,ACTIVE,CURRENT,24352.22
CTR000207,2026-05-01,ACTIVE,CURRENT,23656.44
CTR000208,2024-07-19,ACTIVE,CURRENT,48347.0
CTR000208,2024-08-01,ACTIVE,CURRENT,47541.22
CTR000208,2024-09-01,ACTIVE,CURRENT,46735.43
CTR000208,2024-10-01,ACTIVE,CURRENT,45929.65
CTR000208,2024-11-01,ACTIVE,CURRENT,45123.87
CTR000208,2024-12-01,ACTIVE,CURRENT,44318.08
CTR000208,2025-01-01,ACTIVE,CURRENT,43512.3
CTR000208,2025-02-01,ACTIVE,CURRENT,42706.52
CTR000208,2025-03-01,ACTIVE,CURRENT,41900.73
CTR000208,2025-04-01,ACTIVE,CURRENT,41094.95
CTR000208,2025-05-01,ACTIVE,CURRENT,40289.17
CTR000208,2025-06-01,ACTIVE,CURRENT,39483.38
CTR000208,2025-07-01,ACTIVE,CURRENT,38677.6
CTR000208,2025-08-01,ACTIVE,CURRENT,37871.82
CTR000208,2025-09-01,ACTIVE,CURRENT,37066.03
CTR000208,2025-10-01,DELINQUENT,1-30,36260.25
CTR000208,2025-11-01,ACTIVE,CURRENT,35454.47
CTR000208,2025-12-01,ACTIVE,CURRENT,34648.68
CTR000208,2026-01-01,ACTIVE,CURRENT,33842.9
CTR000208,2026-02-01,ACTIVE,CURRENT,33037.12
CTR000208,2026-03-01,ACTIVE,CURRENT,32231.33
CTR000208,2026-04-01,ACTIVE,CURRENT,31425.55
CTR000208,2026-05-01,ACTIVE,CURRENT,30619.77
CTR000209,2025-05-28,ACTIVE,CURRENT,34600.0
CTR000209,2025-06-01,ACTIVE,CURRENT,34023.33
CTR000209,2025-07-01,ACTIVE,CURRENT,33446.67
CTR000209,2025-08-01,ACTIVE,CURRENT,32870.0
CTR000209,2025-09-01,ACTIVE,CURRENT,32293.33
CTR000209,2025-10-01,ACTIVE,CURRENT,31716.67
CTR000209,2025-11-01,ACTIVE,CURRENT,31140.0
CTR000209,2025-12-01,ACTIVE,CURRENT,30563.33
CTR000209,2026-01-01,ACTIVE,CURRENT,29986.67
CTR000209,2026-02-01,ACTIVE,CURRENT,29410.0
CTR000209,2026-03-01,ACTIVE,CURRENT,28833.33
CTR000209,2026-04-01,ACTIVE,CURRENT,28256.67
CTR000209,2026-05-01,ACTIVE,CURRENT,27680.0
CTR000210,2024-09-26,ACTIVE,CURRENT,72613.0
CTR000210,2024-10-01,ACTIVE,CURRENT,70595.97
CTR000210,2024-11-01,ACTIVE,CURRENT,68578.94
CTR000210,2024-12-01,ACTIVE,CURRENT,66561.92
CTR000210,2025-01-01,ACTIVE,CURRENT,64544.89
CTR000210,2025-02-01,ACTIVE,CURRENT,62527.86
CTR000210,2025-03-01,ACTIVE,CURRENT,60510.83
CTR000210,2025-04-01,ACTIVE,CURRENT,58493.81
CTR000210,2025-05-01,ACTIVE,CURRENT,56476.78
CTR000210,2025-06-01,ACTIVE,CURRENT,54459.75
CTR000210,2025-07-01,ACTIVE,CURRENT,52442.72
CTR000210,2025-08-01,ACTIVE,CURRENT,50425.69
CTR000210,2025-09-01,ACTIVE,CURRENT,48408.67
CTR000210,2025-10-01,ACTIVE,CURRENT,46391.64
CTR000210,2025-11-01,ACTIVE,CURRENT,44374.61
CTR000210,2025-12-01,ACTIVE,CURRENT,42357.58
CTR000210,2026-01-01,ACTIVE,CURRENT,40340.56
CTR000210,2026-02-01,ACTIVE,CURRENT,38323.53
CTR000210,2026-03-01,ACTIVE,CURRENT,36306.5
CTR000210,2026-04-01,ACTIVE,CURRENT,34289.47
CTR000210,2026-05-01,ACTIVE,CURRENT,32272.44
CTR000211,2023-04-02,ACTIVE,CURRENT,35300.0
CTR000211,2023-05-01,ACTIVE,CURRENT,34319.44
CTR000211,2023-06-01,ACTIVE,CURRENT,33338.89
CTR000211,2023-07-01,ACTIVE,CURRENT,32358.33
CTR000211,2023-08-01,ACTIVE,CURRENT,31377.78
CTR000211,2023-09-01,ACTIVE,CURRENT,30397.22
CTR000211,2023-10-01,ACTIVE,CURRENT,29416.67
CTR000211,2023-11-01,ACTIVE,CURRENT,28436.11
CTR000211,2023-12-01,ACTIVE,CURRENT,27455.56
CTR000211,2024-01-01,ACTIVE,CURRENT,26475.0
CTR000211,2024-02-01,DELINQUENT,1-30,25494.44
CTR000211,2024-03-01,ACTIVE,CURRENT,24513.89
CTR000211,2024-04-01,ACTIVE,CURRENT,23533.33
CTR000211,2024-05-01,ACTIVE,CURRENT,22552.78
CTR000211,2024-06-01,ACTIVE,CURRENT,21572.22
CTR000211,2024-07-01,ACTIVE,CURRENT,20591.67
CTR000211,2024-08-01,ACTIVE,CURRENT,19611.11
CTR000211,2024-09-01,ACTIVE,CURRENT,18630.56
CTR000211,2024-10-01,ACTIVE,CURRENT,17650.0
CTR000211,2024-11-01,ACTIVE,CURRENT,16669.44
CTR000211,2024-12-01,ACTIVE,CURRENT,15688.89
CTR000211,2025-01-01,ACTIVE,CURRENT,14708.33
CTR000211,2025-02-01,ACTIVE,CURRENT,13727.78
CTR000211,2025-03-01,ACTIVE,CURRENT,12747.22
CTR000212,2025-08-12,ACTIVE,CURRENT,32038.0
CTR000212,2025-09-01,ACTIVE,CURRENT,31504.03
CTR000212,2025-10-01,ACTIVE,CURRENT,30970.07
CTR000212,2025-11-01,ACTIVE,CURRENT,30436.1
CTR000212,2025-12-01,ACTIVE,CURRENT,29902.13
CTR000212,2026-01-01,ACTIVE,CURRENT,29368.17
CTR000212,2026-02-01,ACTIVE,CURRENT,28834.2
CTR000212,2026-03-01,ACTIVE,CURRENT,28300.23
CTR000212,2026-04-01,ACTIVE,CURRENT,27766.27
CTR000212,2026-05-01,ACTIVE,CURRENT,27232.3
CTR000213,2023-11-10,ACTIVE,CURRENT,33512.0
CTR000213,2023-12-01,ACTIVE,CURRENT,32813.83
CTR000213,2024-01-01,ACTIVE,CURRENT,32115.67
CTR000213,2024-02-01,ACTIVE,CURRENT,31417.5
CTR000213,2024-03-01,ACTIVE,CURRENT,30719.33
CTR000213,2024-04-01,ACTIVE,CURRENT,30021.17
CTR000213,2024-05-01,ACTIVE,CURRENT,29323.0
CTR000213,2024-06-01,ACTIVE,CURRENT,28624.83
CTR000213,2024-07-01,ACTIVE,CURRENT,27926.67
CTR000213,2024-08-01,ACTIVE,CURRENT,27228.5
CTR000213,2024-09-01,ACTIVE,CURRENT,26530.33
CTR000213,2024-10-01,ACTIVE,CURRENT,25832.17
CTR000213,2024-11-01,ACTIVE,CURRENT,25134.0
CTR000213,2024-12-01,ACTIVE,CURRENT,24435.83
CTR000213,2025-01-01,ACTIVE,CURRENT,23737.67
CTR000213,2025-02-01,DELINQUENT,31-60,23039.5
CTR000213,2025-03-01,ACTIVE,CURRENT,22341.33
CTR000213,2025-04-01,ACTIVE,CURRENT,21643.17
CTR000213,2025-05-01,ACTIVE,CURRENT,20945.0
CTR000213,2025-06-01,ACTIVE,CURRENT,20246.83
CTR000213,2025-07-01,ACTIVE,CURRENT,19548.67
CTR000213,2025-08-01,ACTIVE,CURRENT,18850.5
CTR000213,2025-09-01,ACTIVE,CURRENT,18152.33
CTR000213,2025-10-01,ACTIVE,CURRENT,17454.17
CTR000214,2023-05-30,ACTIVE,CURRENT,70123.0
CTR000214,2023-06-01,ACTIVE,CURRENT,68662.1
CTR000214,2023-07-01,ACTIVE,CURRENT,67201.21
CTR000214,2023-08-01,ACTIVE,CURRENT,65740.31
CTR000214,2023-09-01,DELINQUENT,61-90,64279.42
CTR000214,2023-10-01,ACTIVE,CURRENT,62818.52
CTR000214,2023-11-01,ACTIVE,CURRENT,61357.63
CTR000214,2023-12-01,ACTIVE,CURRENT,59896.73
CTR000214,2024-01-01,ACTIVE,CURRENT,58435.83
CTR000214,2024-02-01,ACTIVE,CURRENT,56974.94
CTR000214,2024-03-01,ACTIVE,CURRENT,55514.04
CTR000214,2024-04-01,ACTIVE,CURRENT,54053.15
CTR000214,2024-05-01,ACTIVE,CURRENT,52592.25
CTR000214,2024-06-01,DELINQUENT,61-90,51131.35
CTR000214,2024-07-01,ACTIVE,CURRENT,49670.46
CTR000214,2024-08-01,DELINQUENT,1-30,48209.56
CTR000214,2024-09-01,ACTIVE,CURRENT,46748.67
CTR000214,2024-10-01,ACTIVE,CURRENT,45287.77
CTR000214,2024-11-01,ACTIVE,CURRENT,43826.87
CTR000214,2024-12-01,ACTIVE,CURRENT,42365.98
CTR000214,2025-01-01,ACTIVE,CURRENT,40905.08
CTR000214,2025-02-01,ACTIVE,CURRENT,39444.19
CTR000214,2025-03-01,ACTIVE,CURRENT,37983.29
CTR000214,2025-04-01,ACTIVE,CURRENT,36522.4
CTR000215,2024-06-07,ACTIVE,CURRENT,46909.0
CTR000215,2024-07-01,ACTIVE,CURRENT,45605.97
CTR000215,2024-08-01,DELINQUENT,1-30,44302.94
CTR000215,2024-09-01,ACTIVE,CURRENT,42999.92
CTR000215,2024-10-01,DELINQUENT,1-30,41696.89
CTR000215,2024-11-01,ACTIVE,CURRENT,40393.86
CTR000215,2024-12-01,ACTIVE,CURRENT,39090.83
CTR000215,2025-01-01,ACTIVE,CURRENT,37787.81
CTR000215,2025-02-01,ACTIVE,CURRENT,36484.78
CTR000215,2025-03-01,ACTIVE,CURRENT,35181.75
CTR000215,2025-04-01,ACTIVE,CURRENT,33878.72
CTR000215,2025-05-01,ACTIVE,CURRENT,32575.69
CTR000215,2025-06-01,ACTIVE,CURRENT,31272.67
CTR000215,2025-07-01,DELINQUENT,1-30,29969.64
CTR000215,2025-08-01,ACTIVE,CURRENT,28666.61
CTR000215,2025-09-01,ACTIVE,CURRENT,27363.58
CTR000215,2025-10-01,ACTIVE,CURRENT,26060.56
CTR000215,2025-11-01,ACTIVE,CURRENT,24757.53
CTR000215,2025-12-01,ACTIVE,CURRENT,23454.5
CTR000215,2026-01-01,ACTIVE,CURRENT,22151.47
CTR000215,2026-02-01,ACTIVE,CURRENT,20848.44
CTR000215,2026-03-01,ACTIVE,CURRENT,19545.42
CTR000215,2026-04-01,ACTIVE,CURRENT,18242.39
CTR000215,2026-05-01,ACTIVE,CURRENT,16939.36
CTR000216,2025-02-15,ACTIVE,CURRENT,21854.0
CTR000216,2025-03-01,ACTIVE,CURRENT,21398.71
CTR000216,2025-04-01,ACTIVE,CURRENT,20943.42
CTR000216,2025-05-01,DELINQUENT,31-60,20488.12
CTR000216,2025-06-01,ACTIVE,CURRENT,20032.83
CTR000216,2025-07-01,ACTIVE,CURRENT,19577.54
CTR000216,2025-08-01,ACTIVE,CURRENT,19122.25
CTR000216,2025-09-01,ACTIVE,CURRENT,18666.96
CTR000216,2025-10-01,ACTIVE,CURRENT,18211.67
CTR000216,2025-11-01,ACTIVE,CURRENT,17756.37
CTR000216,2025-12-01,ACTIVE,CURRENT,17301.08
CTR000216,2026-01-01,ACTIVE,CURRENT,16845.79
CTR000216,2026-02-01,ACTIVE,CURRENT,16390.5
CTR000216,2026-03-01,ACTIVE,CURRENT,15935.21
CTR000216,2026-04-01,ACTIVE,CURRENT,15479.92
CTR000216,2026-05-01,ACTIVE,CURRENT,15024.62
CTR000217,2023-04-07,ACTIVE,CURRENT,16174.0
CTR000217,2023-05-01,ACTIVE,CURRENT,15837.04
CTR000217,2023-06-01,ACTIVE,CURRENT,15500.08
CTR000217,2023-07-01,ACTIVE,CURRENT,15163.12
CTR000217,2023-08-01,ACTIVE,CURRENT,14826.17
CTR000217,2023-09-01,ACTIVE,CURRENT,14489.21
CTR000217,2023-10-01,ACTIVE,CURRENT,14152.25
CTR000217,2023-11-01,ACTIVE,CURRENT,13815.29
CTR000217,2023-12-01,ACTIVE,CURRENT,13478.33
CTR000217,2024-01-01,ACTIVE,CURRENT,13141.37
CTR000217,2024-02-01,ACTIVE,CURRENT,12804.42
CTR000217,2024-03-01,ACTIVE,CURRENT,12467.46
CTR000217,2024-04-01,ACTIVE,CURRENT,12130.5
CTR000217,2024-05-01,ACTIVE,CURRENT,11793.54
CTR000217,2024-06-01,ACTIVE,CURRENT,11456.58
CTR000217,2024-07-01,ACTIVE,CURRENT,11119.62
CTR000217,2024-08-01,ACTIVE,CURRENT,10782.67
CTR000217,2024-09-01,ACTIVE,CURRENT,10445.71
CTR000217,2024-10-01,ACTIVE,CURRENT,10108.75
CTR000217,2024-11-01,ACTIVE,CURRENT,9771.79
CTR000217,2024-12-01,ACTIVE,CURRENT,9434.83
CTR000217,2025-01-01,ACTIVE,CURRENT,9097.87
CTR000217,2025-02-01,ACTIVE,CURRENT,8760.92
CTR000217,2025-03-01,ACTIVE,CURRENT,8423.96
CTR000218,2025-03-24,ACTIVE,CURRENT,49782.0
CTR000218,2025-04-01,ACTIVE,CURRENT,48744.88
CTR000218,2025-05-01,ACTIVE,CURRENT,47707.75
CTR000218,2025-06-01,ACTIVE,CURRENT,46670.62
CTR000218,2025-07-01,ACTIVE,CURRENT,45633.5
CTR000218,2025-08-01,ACTIVE,CURRENT,44596.38
CTR000218,2025-09-01,ACTIVE,CURRENT,43559.25
CTR000218,2025-10-01,ACTIVE,CURRENT,42522.12
CTR000218,2025-11-01,ACTIVE,CURRENT,41485.0
CTR000218,2025-12-01,ACTIVE,CURRENT,40447.88
CTR000218,2026-01-01,ACTIVE,CURRENT,39410.75
CTR000218,2026-02-01,ACTIVE,CURRENT,38373.62
CTR000218,2026-03-01,ACTIVE,CURRENT,37336.5
CTR000218,2026-04-01,DELINQUENT,61-90,36299.38
CTR000218,2026-05-01,ACTIVE,CURRENT,35262.25
CTR000219,2023-08-12,ACTIVE,CURRENT,64113.0
CTR000219,2023-09-01,ACTIVE,CURRENT,62332.08
CTR000219,2023-10-01,ACTIVE,CURRENT,60551.17
CTR000219,2023-11-01,ACTIVE,CURRENT,58770.25
CTR000219,2023-12-01,ACTIVE,CURRENT,56989.33
CTR000219,2024-01-01,ACTIVE,CURRENT,55208.42
CTR000219,2024-02-01,ACTIVE,CURRENT,53427.5
CTR000219,2024-03-01,ACTIVE,CURRENT,51646.58
CTR000219,2024-04-01,ACTIVE,CURRENT,49865.67
CTR000219,2024-05-01,ACTIVE,CURRENT,48084.75
CTR000219,2024-06-01,DELINQUENT,1-30,46303.83
CTR000219,2024-07-01,ACTIVE,CURRENT,44522.92
CTR000219,2024-08-01,ACTIVE,CURRENT,42742.0
CTR000219,2024-09-01,ACTIVE,CURRENT,40961.08
CTR000219,2024-10-01,ACTIVE,CURRENT,39180.17
CTR000219,2024-11-01,ACTIVE,CURRENT,37399.25
CTR000219,2024-12-01,ACTIVE,CURRENT,35618.33
CTR000219,2025-01-01,ACTIVE,CURRENT,33837.42
CTR000219,2025-02-01,ACTIVE,CURRENT,32056.5
CTR000219,2025-03-01,DELINQUENT,61-90,30275.58
CTR000219,2025-04-01,ACTIVE,CURRENT,28494.67
CTR000219,2025-05-01,ACTIVE,CURRENT,26713.75
CTR000219,2025-06-01,DELINQUENT,61-90,24932.83
CTR000219,2025-07-01,ACTIVE,CURRENT,23151.92
CTR000220,2023-07-12,ACTIVE,CURRENT,40420.0
CTR000220,2023-08-01,ACTIVE,CURRENT,39297.22
CTR000220,2023-09-01,DELINQUENT,31-60,38174.44
CTR000220,2023-10-01,ACTIVE,CURRENT,37051.67
CTR000220,2023-11-01,ACTIVE,CURRENT,35928.89
CTR000220,2023-12-01,ACTIVE,CURRENT,34806.11
CTR000220,2024-01-01,ACTIVE,CURRENT,33683.33
CTR000220,2024-02-01,ACTIVE,CURRENT,32560.56
CTR000220,2024-03-01,DELINQUENT,61-90,31437.78
CTR000220,2024-04-01,ACTIVE,CURRENT,30315.0
CTR000220,2024-05-01,ACTIVE,CURRENT,29192.22
CTR000220,2024-06-01,ACTIVE,CURRENT,28069.44
CTR000220,2024-07-01,ACTIVE,CURRENT,26946.67
CTR000220,2024-08-01,ACTIVE,CURRENT,25823.89
CTR000220,2024-09-01,ACTIVE,CURRENT,24701.11
CTR000220,2024-10-01,ACTIVE,CURRENT,23578.33
CTR000220,2024-11-01,ACTIVE,CURRENT,22455.56
CTR000220,2024-12-01,ACTIVE,CURRENT,21332.78
CTR000220,2025-01-01,ACTIVE,CURRENT,20210.0
CTR000220,2025-02-01,ACTIVE,CURRENT,19087.22
CTR000220,2025-03-01,DELINQUENT,1-30,17964.44
CTR000220,2025-04-01,ACTIVE,CURRENT,16841.67
CTR000220,2025-05-01,ACTIVE,CURRENT,15718.89
CTR000220,2025-06-01,ACTIVE,CURRENT,14596.11
CTR000221,2025-06-07,ACTIVE,CURRENT,48581.0
CTR000221,2025-07-01,ACTIVE,CURRENT,47771.32
CTR000221,2025-08-01,DELINQUENT,31-60,46961.63
CTR000221,2025-09-01,ACTIVE,CURRENT,46151.95
CTR000221,2025-10-01,ACTIVE,CURRENT,45342.27
CTR000221,2025-11-01,ACTIVE,CURRENT,44532.58
CTR000221,2025-12-01,ACTIVE,CURRENT,43722.9
CTR000221,2026-01-01,ACTIVE,CURRENT,42913.22
CTR000221,2026-02-01,ACTIVE,CURRENT,42103.53
CTR000221,2026-03-01,ACTIVE,CURRENT,41293.85
CTR000221,2026-04-01,ACTIVE,CURRENT,40484.17
CTR000221,2026-05-01,ACTIVE,CURRENT,39674.48
CTR000222,2025-07-23,ACTIVE,CURRENT,52417.0
CTR000222,2025-08-01,ACTIVE,CURRENT,51688.99
CTR000222,2025-09-01,ACTIVE,CURRENT,50960.97
CTR000222,2025-10-01,ACTIVE,CURRENT,50232.96
CTR000222,2025-11-01,ACTIVE,CURRENT,49504.94
CTR000222,2025-12-01,ACTIVE,CURRENT,48776.93
CTR000222,2026-01-01,ACTIVE,CURRENT,48048.92
CTR000222,2026-02-01,ACTIVE,CURRENT,47320.9
CTR000222,2026-03-01,ACTIVE,CURRENT,46592.89
CTR000222,2026-04-01,ACTIVE,CURRENT,45864.87
CTR000222,2026-05-01,ACTIVE,CURRENT,45136.86
CTR000223,2026-02-06,DELINQUENT,31-60,37328.0
CTR000223,2026-03-01,ACTIVE,CURRENT,36550.33
CTR000223,2026-04-01,ACTIVE,CURRENT,35772.67
CTR000223,2026-05-01,ACTIVE,CURRENT,34995.0
CTR000224,2025-02-01,ACTIVE,CURRENT,32314.0
CTR000224,2025-03-01,ACTIVE,CURRENT,31865.19
CTR000224,2025-04-01,ACTIVE,CURRENT,31416.39
CTR000224,2025-05-01,ACTIVE,CURRENT,30967.58
CTR000224,2025-06-01,ACTIVE,CURRENT,30518.78
CTR000224,2025-07-01,ACTIVE,CURRENT,30069.97
CTR000224,2025-08-01,DELINQUENT,61-90,29621.17
CTR000224,2025-09-01,ACTIVE,CURRENT,29172.36
CTR000224,2025-10-01,ACTIVE,CURRENT,28723.56
CTR000224,2025-11-01,ACTIVE,CURRENT,28274.75
CTR000224,2025-12-01,ACTIVE,CURRENT,27825.94
CTR000224,2026-01-01,ACTIVE,CURRENT,27377.14
CTR000224,2026-02-01,ACTIVE,CURRENT,26928.33
CTR000224,2026-03-01,ACTIVE,CURRENT,26479.53
CTR000224,2026-04-01,ACTIVE,CURRENT,26030.72
CTR000224,2026-05-01,DELINQUENT,31-60,25581.92
CTR000225,2024-07-01,ACTIVE,CURRENT,51778.0
CTR000225,2024-08-01,ACTIVE,CURRENT,50699.29
CTR000225,2024-09-01,ACTIVE,CURRENT,49620.58
CTR000225,2024-10-01,ACTIVE,CURRENT,48541.87
CTR000225,2024-11-01,ACTIVE,CURRENT,47463.17
CTR000225,2024-12-01,DELINQUENT,31-60,46384.46
CTR000225,2025-01-01,ACTIVE,CURRENT,45305.75
CTR000225,2025-02-01,ACTIVE,CURRENT,44227.04
CTR000225,2025-03-01,ACTIVE,CURRENT,43148.33
CTR000225,2025-04-01,ACTIVE,CURRENT,42069.62
CTR000225,2025-05-01,ACTIVE,CURRENT,40990.92
CTR000225,2025-06-01,ACTIVE,CURRENT,39912.21
CTR000225,2025-07-01,ACTIVE,CURRENT,38833.5
CTR000225,2025-08-01,ACTIVE,CURRENT,37754.79
CTR000225,2025-09-01,ACTIVE,CURRENT,36676.08
CTR000225,2025-10-01,ACTIVE,CURRENT,35597.37
CTR000225,2025-11-01,ACTIVE,CURRENT,34518.67
CTR000225,2025-12-01,ACTIVE,CURRENT,33439.96
CTR000225,2026-01-01,ACTIVE,CURRENT,32361.25
CTR000225,2026-02-01,ACTIVE,CURRENT,31282.54
CTR000225,2026-03-01,ACTIVE,CURRENT,30203.83
CTR000225,2026-04-01,ACTIVE,CURRENT,29125.12
CTR000225,2026-05-01,ACTIVE,CURRENT,28046.42
